7.078809446643823833e+00 9.860918196428162474e+00 9.157140406640557728e+00 8.908107653488412936e+00 4.669085222918898381e+00 2.299162118847895897e+00 4.805867713631748472e+00 5.486599483007729816e+00 3.949875624407685137e+00 3.299052507396319278e+00 4.602435476652440016e+00 2.626826933495487904e+00 9.553711829033765923e+00 3.887260922267419705e+00 5.323586858445064074e+00 4.227196725426670909e+00 7.778730105957164298e+00 8.085215371145313412e+00 5.047869454237403630e+00 7.172055003297288067e+00 3.909144199165029310e+00 4.034815247743812172e+00 6.919937703491648051e+00 9.250351784061765059e+00 7.891168640938543533e+00 5.007746627313513166e+00 9.020547217226257075e+00 5.703626007058643310e+00 3.842844744848362915e+00 8.529354931186375666e+00 6.809663778564464032e+00 4.839153121634520716e+00 9.406703413925971091e+00 6.695145725564224826e+00 1.350087144840483422e+00 1.586291122079095617e+00 5.467444276434146211e+00 5.830553387714500602e+00 4.201366046267637877e+00 6.726880173577194810e+00 9.835429120695899030e+00 5.718468649164784701e+00 2.326609226332793767e+00 2.593820926186187314e+00 9.352054637618474331e+00 5.204238759774506562e+00 8.149554308405120295e+00 8.239408438628675668e+00 1.645550296003488233e+00 3.811646647198849713e+00 2.196613703695888375e+00 9.019866194251168423e+00 2.754680977249969409e+00 5.861855242770970698e+00 4.334749692736792781e+00 1.222503877739856026e+00 6.965292655744685923e+00 7.186810071954305990e+00 7.514113342172858978e+00 5.154984129709866636e+00 4.468476637557894371e+00 5.122296976622769726e+00 2.128684242221574152e+00 6.977852676713858671e+00 5.931073824193878075e+00 8.382298279398794350e+00 4.210330067178746027e+00 5.749842206086654528e+00 6.770181353584900030e+00 8.051394851792283092e+00 7.964003272701817515e+00 1.606010396964351550e+00 3.378690711482140063e+00 6.112374684457304141e+00 6.180158213852823934e+00 4.389569250453885019e+00 1.657027296283615003e+00 3.673945860677036990e+00 2.900012022984350235e+00 2.729017697376432405e+00 7.580934665942440809e+00 4.871690747341222760e+00 6.824618713583357810e+00 8.713635017712832109e+00 5.585325243569116971e+00 9.345031707851500613e+00 8.769230702460575344e+00 3.182873450356930256e+00 9.534651278841419497e+00 9.881868638482263378e+00 1.495788160171738879e+00 8.964660552208698618e+00 8.438385000232443645e+00 8.005876878983865907e+00 8.013978267061558469e+00 8.236479649411187154e+00 8.591340332330307916e+00 4.918892193015444114e+00 8.962067720390944459e+00 1.301731955630542892e+00
5.318220365505855085e+00 7.882449149386596687e+00 2.337643194562228022e+00 1.458710377440022743e+00 2.501464359582277197e+00 4.830300095291473639e+00 2.156013524812428361e+00 4.091128987347849133e+00 7.670310587806536518e+00 2.891377167809968007e+00 5.910932579992052460e+00 9.598049944446659154e+00 2.160039393751410408e+00 5.604791230285851356e+00 4.056184733288915822e+00 9.647789809258952687e+00 3.064952047270651736e+00 8.780317263186118382e+00 8.478210825725930988e+00 4.626278772615304291e+00 6.882525769671509863e+00 2.269271476251047304e+00 6.717389804361971528e+00 4.418718427367242185e+00 3.381399813470240989e+00 1.270057677276839936e+00 5.223360238502601227e+00 2.762380873798632397e+00 2.761416615944482622e+00 4.588640678718943988e+00 3.319788294075582957e+00 6.001424611512050866e+00 9.169042144351701396e+00 2.582096716524172830e+00 5.485514292090776678e+00 7.156955431866319550e+00 6.756305652483959534e+00 1.161094519975410133e+00 2.036477496474316862e+00 7.446238308806918837e+00 7.956588007881665092e+00 8.129665111349353879e+00 5.065500832754271876e+00 3.998657905019602499e+00 7.097042675117797295e+00 3.324529326785004901e+00 9.010069150527545645e+00 1.468705643961012441e+00 8.453789313342147338e+00 5.588869318158669053e+00 2.800418727159910137e+00 3.156520959147718131e+00 8.506146085685225344e+00 5.125750987645973922e+00 7.907132214192880149e+00 3.679471992295008764e+00 5.802722549528807505e+00 8.742699115321777015e+00 9.603277702426535001e+00 3.258921527632536730e+00 8.267417802387914350e+00 9.649272670470772084e+00 5.334150575725113974e+00 2.322407952310066470e+00 6.588958204049316869e+00 1.611655352555169340e+00 8.901195927428300791e+00 4.491313275846778197e+00 6.943810635967697209e+00 9.302861668083341584e+00 2.469492914112509929e+00 3.963276066475515336e+00 8.534863695276552420e+00 2.809688959520224572e+00 5.422037578066725594e+00 1.499145284100784625e+00 4.969534128927639571e+00 9.613377190972453690e+00 6.548418645187980225e+00 1.316702682585521256e+00 5.756139158762337615e+00 1.944337912212585451e+00 7.933716680638544183e+00 5.765939167309953817e+00 7.808597399009795659e+00 9.675376226275513858e+00 8.270767733528678889e+00 6.321816508100699394e+00 8.208840928539162363e+00 7.141658212348747981e+00 7.206267101552815468e+00 5.303458446206626320e+00 7.466935346456113898e+00 8.279770422424597598e+00 4.595701106020159799e+00 9.166077974719595289e+00 6.677995382742672348e+00 5.391457582857551500e+00 6.887269016696845547e+00 9.994193324951519131e+00
9.819893356834043630e+00 7.225892419377084153e+00 3.923892924418554529e+00 1.339769380937407384e+00 1.471566831238818374e+00 5.418643982466678999e+00 2.828369782392811338e+00 3.461361197655524524e+00 7.282922142554518530e+00 3.501764490596408486e+00 8.801084490439516017e+00 7.616802839201831432e+00 9.991140612957099876e+00 7.972124255127864600e+00 8.008738074042256017e+00 5.203657315822250773e+00 1.202911887173447880e+00 6.432089488448649028e+00 6.328638946244334207e+00 3.108700771601344393e+00 5.711568967109160511e+00 5.862072220158687230e+00 1.150881352876631070e+00 5.488386557832404478e+00 7.761280870234333662e+00 1.681804823425357309e+00 8.389763636902365818e+00 6.123024988541363456e+00 1.116890604846291435e+00 5.213009993443510126e+00 6.640868053808166138e+00 2.789061651872617453e+00 4.557784647877807238e+00 2.383179440466203225e+00 5.154845312596888718e+00 1.512408300776621584e+00 5.596404559293511660e+00 4.598286847514298614e+00 6.801290170036206284e+00 9.827232809465296981e+00 2.406390447090132056e+00 3.308591770315411296e+00 1.163507273594656555e+00 4.519449525977514703e+00 7.243575559938704167e+00 9.296239664780962642e+00 1.531680143858181298e+00 8.873158311037569135e+00 9.396211026518813014e+00 7.652727067151660734e+00 2.722990362152289734e+00 4.293181586055322185e+00 3.559930734790634155e+00 3.995418098706149834e+00 4.671517846915692829e+00 9.376110096731482102e+00 4.700003950008881937e+00 9.765146147264303522e+00 2.594804677710537355e+00 9.518578873697856935e+00 3.737035249501077239e+00 4.528609249731379904e+00 4.558259081991492323e+00 4.944378050183761530e+00 5.231811948954584679e+00 5.836632431799953835e+00 6.062433053250538606e+00 3.329402093156879516e+00 4.219876023674988375e+00 6.872272700963349301e+00 3.426676647525964903e+00 8.920716990663686730e+00 8.089049587722584533e+00 1.884752830269838419e+00 9.721516391586179751e+00 2.732482600785214988e+00 6.538288594842126322e+00 8.804141933489319172e+00 9.275393984804821912e+00 1.310365180823479081e+00 2.191202411053688515e+00 4.819369561279049918e+00 8.689531856177517000e+00 4.936228288805395437e+00 2.181657680159912349e+00 1.438165619111518856e+00 7.296288440307117540e+00 8.174859820237045938e+00 6.923645971964698553e+00 2.938558658839484306e+00 9.468207152907858415e+00 1.621621928194433737e+00 8.841258417878385956e+00 2.764480096822219846e+00 5.617869225522857057e+00 8.289166322732494763e+00 5.701543306687437251e+00 3.020190854226127986e+00 5.384456062912856389e+00 2.229887145569086293e+00
6.498794494969090785e+00 1.073481537894230620e+00 6.136547144378965868e+00 9.053234856066309177e+00 2.946046590009952837e+00 3.723327393377207528e+00 1.731012747792125772e+00 7.759736913295925298e+00 2.936095195453492401e+00 3.890624591997516646e+00 7.930808065889092262e+00 8.668916261434995718e+00 1.626784769116202511e+00 6.559271100481156580e+00 1.386950340773444479e+00 2.499606682508703326e+00 6.676295944476221322e+00 8.813878718664494016e+00 8.241419963157847306e+00 4.704564335447399159e+00 1.189289665563822318e+00 2.626759106320423420e+00 3.542890310775845375e+00 3.468702595702510827e+00 4.412183904760373920e+00 9.017363416858573899e+00 7.957636973728495988e+00 2.347300135769125440e+00 1.363654678747249882e+00 4.871956961301374456e+00 2.913665627232102207e+00 8.134427632071570713e+00 1.378241449091142989e+00 9.739191748760422485e+00 2.338892851200801815e+00 3.492165101354934187e+00 8.813120883706332620e+00 5.636081170830046005e+00 5.958134557931543007e+00 9.476172431821781927e+00 7.091028578142922534e+00 4.418029785386017316e+00 2.841914821628130028e+00 7.453271152509503672e+00 8.356475623284701726e+00 6.461679547458055062e+00 7.034879649589240280e+00 4.467544415881761211e+00 8.114658408746040053e+00 4.845404049198414498e+00 6.014539831689594607e+00 6.272643390836130983e+00 2.104645851750321928e+00 3.789258086075707688e+00 7.302077820798357877e+00 8.240063310718944933e+00 5.466222075984406459e+00 1.090957592275975330e+00 3.705885127063065276e+00 1.203563205607259157e+00 7.170206833677622349e+00 3.644285296675684904e+00 7.191110052131273633e+00 9.479873970399356864e+00 3.052091285642089424e+00 8.149107346511076599e+00 4.434048122926075308e+00 4.647404607262872744e+00 2.614774903104110759e+00 2.572874162570257806e+00 4.182887179906299657e+00 2.934361489320040928e+00 5.933947533891209325e+00 9.967407677745887540e+00 4.664605387149215687e+00 4.691795606444199684e+00 8.284187017526640773e+00 7.562271292559549885e+00 2.148772291159847470e+00 4.923806537318013987e+00 4.712251744395794084e+00 6.262914577414791850e+00 4.293143129940645508e+00 6.873519781929008587e+00 2.571414693120597228e+00 5.980644945095339615e+00 5.744554021462927373e+00 6.228742543698331247e+00 2.555006719472295629e+00 6.621236930473932247e+00 1.348781472484684940e+00 6.242605570027691897e+00 4.550412852779825101e+00 5.992788423013156951e+00 1.076607033502464672e+00 5.993343798344573869e+00 8.414288091305218487e+00 5.994750614534629207e+00 8.976161862162275185e+00 1.552192354469215996e+00
9.488996323498252394e+00 3.802675609732538042e+00 7.583403025433939071e+00 8.756646583186658006e+00 4.915651631238208807e+00 7.924498943495105863e+00 9.332287501461188128e+00 9.148100566302808545e+00 8.422818300537427305e+00 8.451998119529372744e+00 9.032687239941862956e+00 9.833072912355536488e+00 3.713033780339009660e+00 4.334356833001162812e+00 3.726232473131698697e+00 3.661751357107680960e+00 9.218227294145414419e+00 8.650246092029808764e+00 4.195136568168390312e+00 7.112170301376464110e+00 5.014489655728404216e+00 9.744226765045549854e+00 9.065020468312585677e+00 1.720975668113789325e+00 4.931137249405679768e+00 8.923792410470474223e+00 6.200828094879130781e+00 8.447640533506154625e+00 4.141412360853214736e+00 1.920448940923592307e+00 5.774091741135643829e+00 4.592526777793536574e+00 3.854962340708842916e+00 1.623285411632258812e+00 2.484784132146216074e+00 9.276088584430116413e+00 2.333945081195642146e+00 8.653299657818521951e+00 3.705676651862235715e+00 4.430370361134027490e+00 8.175177289006825276e+00 1.991297087545932598e+00 9.303103991941515716e+00 3.158131937145519430e+00 2.675404616347886844e+00 7.463463994802884471e+00 6.326962840357346352e+00 3.435191159334512356e+00 7.017159637262183836e+00 2.349804088299787708e+00 3.832766696558817188e+00 6.229241907893333874e+00 9.937298103294665452e+00 1.562875168562369410e+00 9.111669112791789260e+00 7.556841500418808977e+00 4.924039494868955202e+00 2.501123806845967579e+00 6.984317936795526371e+00 1.537636255512922601e+00 4.123228533665852957e+00 9.659979965644755140e+00 3.682070299379654799e+00 3.907386248258818640e+00 8.234055842401334147e+00 4.800529897347730390e+00 3.764536813111051927e+00 9.802314466682775063e+00 3.623416006799790701e+00 8.474736771406718105e+00 2.652452796197826590e+00 1.183373362876432466e+00 5.895602100024539105e+00 2.915181761083458056e+00 7.731785138721951611e+00 6.408863863149811380e+00 7.163662806066622757e+00 4.830799596792004991e+00 3.341630989322896372e+00 1.115792585680023263e+00 3.949257387920758866e+00 2.885019310381904400e+00 9.889197136875941041e+00 4.035256865730302067e+00 9.079252455184290582e+00 5.480488107417889942e+00 4.205479514038245270e+00 1.445349917446536736e+00 6.351170441138352274e+00 4.404639237987846734e+00 8.533777303465335251e+00 5.882208645420037740e+00 6.124220573597481732e+00 7.348842897464271218e+00 8.403020107999203958e+00 5.260735514861353046e+00 8.780453395604117972e+00 2.063240440488984362e+00 6.281006666109584025e+00 2.735272178279951838e+00
1.277275009849907939e+00 1.118070134744595601e+00 6.530877560731463305e+00 3.414763906759359369e+00 3.572722969873859622e+00 1.455960385528562551e+00 6.143339330074669924e+00 1.271302818629447717e+00 4.529415473284648996e+00 4.837692493211607214e+00 5.046714333247708240e+00 6.669201443603054003e+00 4.486254222503178291e+00 7.246462371219740461e+00 8.454489619973326597e+00 8.575543443200839278e+00 4.461688012596585651e+00 6.372613707781996872e+00 5.976450068238102986e+00 2.417164142506802005e+00 6.107579353154321211e+00 7.384607264711805286e+00 5.195375072759852664e+00 4.260956407003758883e+00 3.216310807379205716e+00 1.301275128280806381e+00 4.092656414528663689e+00 5.731553556429486385e+00 9.539694805044886650e+00 9.611263017369843453e+00 3.683569101009140034e+00 9.020837636752746747e+00 1.135839532079083725e+00 5.017544917209661115e+00 7.055616350866801945e+00 3.852450227032566676e+00 7.051025269089328695e+00 5.437713347779163264e+00 4.988670847962279886e+00 8.480178134238681054e+00 3.274852680340499589e+00 5.674761529551919814e+00 7.424764041464293030e+00 2.581795361679890988e+00 4.166923039674309770e+00 4.145065338209715122e+00 8.935883703547467860e+00 7.453336632102835146e+00 5.686490203502836849e+00 2.597261985408982454e+00 7.489669318018880695e+00 3.936661693666436257e+00 2.429722657021462950e+00 4.080589262874626755e+00 5.945196961210098330e+00 6.144950680165268686e+00 8.899505286234024481e+00 3.860177680810131573e+00 9.444296223848905214e+00 7.091580342157711492e+00 8.119660809573655769e+00 8.792781123456149928e+00 1.040681129404963379e+00 6.332459252069108757e+00 7.916132860513186209e+00 2.614048208731977407e+00 2.183109853352533936e+00 3.195938632147366398e+00 7.645988724307626327e+00 1.450447772413140379e+00 5.916895478442656398e+00 8.339065293621253261e+00 9.453331168568247733e+00 7.107055584035102846e+00 7.344270288615210696e+00 3.827276726363491921e+00 1.913617082127880176e+00 5.105071966793556903e+00 5.034013541154684468e+00 6.056555596750361481e+00 3.285008405439907797e+00 6.210609409121093272e+00 7.819854376715438704e+00 3.401546044407842917e+00 3.567519038314235669e+00 7.382184851236685219e+00 2.955322292568139275e+00 9.281521773363953898e+00 2.739100563108063380e+00 4.587382282866026451e+00 4.155173955225841098e+00 4.613759213084767552e+00 2.786443949102619833e+00 2.845925348112926301e+00 9.771706564770063608e+00 7.050681948054933201e+00 2.671633266237446236e+00 9.784199281639185841e+00 6.322725640726717167e+00 3.928309510208559896e+00
2.707879304596991332e+00 4.067078786766590071e+00 3.936243090332012695e+00 3.064234128109548205e+00 7.081745096353093238e+00 4.626542893509559384e+00 8.701793414987353259e+00 6.594858856745847930e+00 4.748649781208908571e+00 9.344986169885903138e+00 7.777501099994594824e+00 1.369623656757977814e+00 4.773877677778841644e+00 5.803588163974038316e+00 1.415916722705324204e+00 8.528221999693140987e+00 5.105431033996704393e+00 8.288724939429203076e+00 8.032606765267502169e+00 5.082398387849295318e+00 4.993949453283899942e+00 7.566953498278644830e+00 1.322254759501983346e+00 3.460010230412640997e+00 2.761391842819234554e+00 4.408170575925666412e+00 7.619033966444650474e+00 4.865793236021903390e+00 4.728436392699924440e+00 5.689885918284520727e+00 4.961224670859520458e+00 7.876701238236903713e+00 8.141995658809140224e+00 9.743504832375188940e+00 9.169569280215595697e+00 6.725262153730287906e+00 6.105048259386698817e+00 8.568843049736678097e+00 7.715473541749536146e+00 4.792512690420400290e+00 4.552625815855104285e+00 2.638157480463135585e+00 7.483206983779479238e+00 3.863808514086912727e+00 4.817190753809423853e+00 5.911474598868861285e+00 2.894010806692702609e+00 1.776830546243947317e+00 4.182916754824763217e+00 4.363149104804021405e+00 3.902005940326171540e+00 6.837541857417240188e+00 4.568596225021400059e+00 1.281638404109378016e+00 3.849247392587145100e+00 1.214737296963546154e+00 2.580240605939858156e+00 9.907390176979163243e+00 2.723406595325923885e+00 1.850425920016729453e+00 4.572187838622563838e+00 5.811305520397821667e+00 8.804313610588620165e+00 6.236043941195767104e+00 5.627652023445309126e+00 5.904303432359746751e+00 2.036985622679321928e+00 2.105030507627676073e+00 7.770885242457110209e+00 5.217236366712068474e+00 1.131317210496297854e+00 4.759502007067424323e+00 7.500058886090742227e+00 8.110803968573980782e+00 9.978112720622858589e+00 2.289746482337806643e+00 8.812927162400690406e+00 8.539895578767925599e+00 3.540637632616968844e+00 4.585855070391248844e+00 2.623723062371640324e+00 7.232418689169387349e+00 2.776954439103676897e+00 6.033347275488697647e+00 3.703353730632299445e+00 1.287188702993543821e+00 3.461609378284532301e+00 2.536071560181037299e+00 6.337174792425474656e+00 6.778633708489265608e+00 8.464322611508080740e+00 4.848735695869558882e+00 6.020997439461458711e+00 6.259537610647792683e+00 4.627945120582958261e+00 8.345155230056636952e+00 5.803885588415937491e+00 8.347222186661694465e+00 2.114529375478895634e+00 2.927278330921885274e+00
3.881124125747623665e+00 3.280336882125657993e+00 6.840320233145179785e+00 7.393642455772575950e+00 4.710104649221660722e+00 8.873002655657863613e+00 9.153840137400985455e+00 9.233758428416047437e+00 9.202977927329278884e+00 4.699772493156543440e+00 5.197476109059978810e+00 7.871653811191045236e+00 4.200806975706226964e+00 7.981914194820425301e+00 5.026638171347000750e+00 2.633269129771254491e+00 7.251561921573193459e+00 7.692017456603331915e+00 3.821567858381457850e+00 6.461327293800708027e+00 5.467833526665485167e+00 8.375114536952791511e+00 2.248519272729321283e+00 1.376243619766952975e+00 2.651945739688268411e+00 3.391723363678572856e+00 9.741849493140698257e+00 2.764931551506530916e+00 2.106130329794205114e+00 4.670510233520721144e+00 3.421761681654898357e+00 6.035843652194479603e+00 7.213382259489566017e+00 8.549827501851495981e+00 5.898485916161383180e+00 3.576107328583015388e+00 2.525827436888349098e+00 9.666014660502364464e+00 1.972966875621955829e+00 4.309810698438566234e+00 7.987465255733959602e+00 6.395908985090700938e+00 1.940077801369981536e+00 1.593762480982979124e+00 4.945907337441765250e+00 1.885824931057742848e+00 3.120688367737151303e+00 4.361405181234692563e+00 1.161894721838316880e+00 9.788723675441278971e+00 1.070659752683984500e+00 1.420898108628616097e+00 2.621817876277027892e+00 4.957866123823900573e+00 5.658034432682987891e+00 3.521204264108063864e+00 1.500455991796030508e+00 3.054213011133469990e+00 4.736675366611141413e+00 9.074678968307749116e+00 2.798565170317197648e+00 9.448479709565557272e+00 2.065388448781761532e+00 5.845958656947094489e+00 5.720571796163202549e+00 3.028980117539258998e+00 6.728213488977366374e+00 7.988610619962333459e+00 4.129113810602098589e+00 8.633026786609079295e+00 9.893980934659129645e+00 2.832709114570139519e+00 6.793476025421687936e+00 5.485956561872229464e+00 3.030843594972679522e+00 4.913586996652237637e+00 2.502327204106045588e+00 4.969966185410267911e+00 4.747038068614447326e+00 6.787396246959219503e+00 8.061485157542030322e+00 5.990348472597379015e+00 4.062015067712922978e+00 6.803803962894463986e+00 4.259594570765617760e+00 4.901009985145424963e+00 9.352812571088232829e+00 1.515194940734460261e+00 6.768361196210404884e+00 1.793661258049360274e+00 2.021697231276665896e+00 1.256146435409017048e+00 9.609257445100700679e+00 7.065437786145209564e+00 3.861340906845626808e+00 7.525884348134647794e+00 7.562176730295580462e+00 4.313863715887037209e+00 3.527119231269686406e+00 8.424298717614513876e+00
1.100201322980562946e+00 6.502450583074788071e+00 6.585341982892811252e+00 8.245810210787849925e+00 2.545363028217669576e+00 4.679793759545004761e+00 8.955861712603908842e+00 2.305149766432272873e+00 3.024412105385447802e+00 1.183922590883492720e+00 3.426276957082400987e+00 4.403785061055394578e+00 4.651788917576610949e+00 1.155595099746937748e+00 5.280923883914860895e+00 5.471511740574332983e+00 8.615655738559578225e+00 5.385995089411562908e+00 6.947318390869082094e+00 2.763043741402606113e+00 3.575563198590856473e+00 7.773296891317962753e+00 8.009014028999501988e+00 7.855700211380675313e+00 8.465482755173024287e+00 1.158753227222414139e+00 1.149659819698117813e+00 3.292574163200292503e+00 6.134713200191779237e+00 6.468900003411187427e+00 6.212939551535760607e+00 8.058476540528747734e+00 5.477168157066083509e+00 2.780431166519503172e+00 8.601761698674861734e+00 7.435165530751175034e+00 1.796917803392698909e+00 6.044627283293596776e+00 8.427512326015728306e+00 3.325939751015805523e+00 3.242484858740397602e+00 2.240209230156118725e+00 8.943571660064268514e+00 5.841588715007477894e+00 2.101165826832237293e+00 7.362637125590510756e+00 7.218796551780743975e+00 1.050846892063132643e+00 7.349822692889793174e+00 9.802843699839906222e+00 2.735471111727371785e+00 2.766338822038726164e+00 6.360770361056735211e+00 3.758152097838094896e+00 4.705959906950627492e+00 4.369818305796883351e+00 4.915844164188325038e+00 2.734349224143078239e+00 1.537400807945767722e+00 7.353135580122371451e+00 6.058365045304234364e+00 9.326847342045349265e+00 5.127326723956699084e+00 7.869204227871131607e+00 9.228877298033859589e+00 1.649066133240925769e+00 2.070565040265706980e+00 9.084773352438094918e+00 5.493119125748075149e+00 1.825488733060347979e+00 4.266126486178364985e+00 5.195527940711333947e+00 2.198036960256068539e+00 2.541630354488384036e+00 3.972930115405804763e+00 4.980332638468395245e+00 3.924781187054331877e+00 9.386476623723940094e+00 8.156395831034561894e+00 9.723864266526820899e+00 1.062581855389558294e+00 8.128546813285039363e+00 5.419965923845095013e+00 8.059997353545405474e+00 3.602448541388958869e+00 3.022922817168987031e+00 9.807313860159272423e+00 6.653059927236501636e+00 6.876039908444943727e+00 7.879054981733069951e+00 6.783809104441036908e+00 3.552490785493280789e+00 4.818306664759537838e+00 2.336623629870369534e+00 6.941111798568154079e+00 9.572284168422090289e+00 1.665848970040503918e+00 2.589670896806508527e+00 4.511537109459446526e+00 8.114750431018302734e+00
6.671731414876356681e+00 8.501794740394805316e+00 3.605602650670229004e+00 5.883657093385616044e+00 7.330248960616874143e+00 3.237413815014321905e+00 6.705531880788806021e+00 8.760234155575432169e+00 9.791460954974898101e+00 7.340932326972486877e+00 5.547769355102056821e+00 5.376002582545319264e+00 5.960712130610028581e+00 8.495415302539464975e+00 2.067202977399557717e+00 1.314036971256207220e+00 3.356186891397779704e+00 5.010830716858762912e+00 6.635587462910365275e+00 9.840006208751789885e+00 9.693088687157660033e+00 8.327016707445849875e+00 4.287323455611911527e+00 4.315164561392140996e+00 2.220915561896089407e+00 8.428368560049264602e+00 8.267259958103462480e+00 1.079282721712730098e+00 6.384631820226143617e+00 1.126462027587965764e+00 8.152058780811522354e+00 8.171371093441180733e+00 2.258858721658750568e+00 6.670747610077035539e+00 9.491775790052463080e+00 6.732403411552399852e+00 9.557954548026858177e+00 2.829390979943659623e+00 2.859820548009250896e+00 1.027598323616679910e+00 5.165180024886036669e+00 6.589600271656238739e+00 3.655731700608978674e+00 2.627363643350138389e+00 2.229240441764691383e+00 9.224656359188978527e+00 7.137694859546672710e+00 6.242060345700561896e+00 1.055821308522534308e+00 5.531673937834320931e+00 1.546067766614650729e+00 4.312496048185797903e+00 3.198339762309198253e+00 4.351437034209403976e+00 7.732762527357328608e+00 7.656612908337032231e+00 9.485918972079986133e+00 9.196727287625234837e+00 7.948769249656176150e+00 1.529101986573077054e+00 8.396007062435145940e+00 6.048961715605815748e+00 8.311871940928062585e+00 9.526238918148537849e+00 8.789854574937503884e+00 2.894858494549290562e+00 3.810347333413254489e+00 5.198922545454951916e+00 4.172172695054632285e+00 1.649638000097322976e+00 9.471555127455889789e+00 5.816457056525926816e+00 2.429376371999685702e+00 1.062430702255174442e+00 1.474344609237657533e+00 5.844179957071170328e+00 9.479074721254301394e+00 9.891155686063928698e+00 2.040820600037012156e+00 3.166391812595548583e+00 9.084626292042097262e+00 8.801528850350122113e+00 5.666163453513101800e+00 9.759793546627896887e+00 8.099122133332095075e+00 2.989962308654815271e+00 3.363228221120957429e+00 4.221736421074380630e+00 8.881170328357416821e+00 5.554827147799096032e+00 6.900586848229239401e+00 2.429329691661116009e+00 6.942778090138498115e+00 3.958819260424589537e+00 9.664837036325714337e+00 1.122725650984554902e+00 8.308782480892892508e+00 1.648533667021901294e+00 1.883862084452290642e+00 3.821843170126119738e+00
1.322029753365682403e+00 8.039561040413568449e+00 9.914049864747241259e+00 5.329917678810130788e+00 8.156666314825237407e+00 5.117911899115736851e+00 7.625323349564130382e+00 1.200770606896737203e+00 7.143094987890478365e+00 4.470861572482055735e+00 6.445750382302447790e+00 2.583120984782623974e+00 1.487518269285366790e+00 2.143127821015913703e+00 7.309481093288928477e+00 5.752676776418020665e+00 2.920078431130479490e+00 9.741934106055138543e+00 3.546825439381408263e+00 1.088819555430348363e+00 2.041708640965181232e+00 3.504857079248516527e+00 2.513815322900445626e+00 3.029691357079654424e+00 3.111438807035681098e+00 7.122433955656441107e+00 8.117953250026662460e+00 5.494997073732164061e+00 5.094443643830668833e+00 6.511786518700932724e+00 6.407130014580353361e+00 5.201713905909545410e+00 5.002713328099662959e+00 8.731119834799709878e+00 2.719264518527924057e+00 2.775890141446495818e+00 4.027496222916678192e+00 3.222453582347785783e+00 3.715973328127289754e+00 8.667138987071602685e+00 3.277860177013342646e+00 2.308323494145394061e+00 8.336759857202009627e+00 7.161873989531404305e+00 2.191839184009571895e+00 8.724656074118641413e+00 2.217864100087548529e+00 4.042978873162452302e+00 8.403644350733028290e+00 6.911584816966296785e+00 5.485411400983888797e+00 5.403503332767453315e+00 4.968558361913202326e+00 5.122687692544263705e+00 2.164856378158291683e+00 7.498115515629169892e+00 5.426528970558176290e+00 6.782696530866502371e+00 5.066079993266773052e+00 4.399270947062946746e+00 5.005112736616875502e+00 8.047985107714055175e+00 6.660086827399650744e+00 1.412255034242343887e+00 7.870516920149357887e+00 7.680571716191175291e+00 2.924519248926432446e+00 9.801183907644773541e+00 6.887152681500366747e+00 7.513347191884948373e+00 5.646354606750341176e+00 5.351551675690867427e+00 5.179690968044268651e+00 1.935133052774504314e+00 2.608655518395268658e+00 7.547336351015481171e+00 3.190573495210267563e+00 3.692887477224842119e+00 3.090743903019848915e+00 6.658545010494258065e+00 3.902713419482521484e+00 3.126525396722167560e+00 8.318831665462491642e+00 2.487467519732361243e+00 5.216309482911733575e+00 2.636300401541631366e+00 9.005622015417463544e+00 2.679210460756310752e+00 4.550244914015959097e+00 9.824089050664451150e+00 5.923765627690807278e+00 5.323868965570421885e+00 4.911245770533211541e+00 9.562895976460939806e+00 4.536393044056024948e+00 3.651395355813954247e+00 8.808306154846484048e+00 8.244880090833085262e+00 2.060819890130790366e+00 1.067443360436596045e+00
7.584100691657424953e+00 6.298751139362619433e+00 6.824966002790420205e+00 4.616663425079114091e+00 2.965711370017371618e+00 7.692154882466438082e+00 6.320630484271542393e+00 9.248947839193954579e+00 9.893583664446374826e+00 2.292209301815727684e+00 7.790944897464238572e+00 4.244594129837918395e+00 9.305377391191779424e+00 1.462391720906686787e+00 3.116610045352665281e+00 1.384851517678938659e+00 4.934890209073521383e+00 8.410265798769652079e+00 1.784883866185006163e+00 9.548169774566188650e+00 7.493885069488428918e+00 8.467032565913974906e+00 9.918852340790651922e+00 1.785119358484474006e+00 2.929961395916049316e+00 6.805821374983569427e+00 5.103409086636699676e+00 8.408006454335783530e+00 2.148319876522453598e+00 5.117926350589287132e+00 7.929194426634394333e+00 7.562360635802966691e+00 4.429453471926708907e+00 3.602735414929283841e+00 4.624570937969393114e+00 1.099704735735896222e+00 7.160969395180025288e+00 8.548422033139070564e+00 3.683582739697543573e+00 2.946255012469459977e+00 6.014324147218622407e+00 1.465570603419167117e+00 7.577285910300357585e+00 3.630179745880131481e+00 3.801887940290640255e+00 7.666880749737885914e+00 2.093674721706975994e+00 3.122932099005959028e+00 1.337617535620289289e+00 5.483397307891354266e+00 4.230332496834437350e+00 7.670866214569604935e+00 8.957843038281643189e+00 6.332154738606702082e+00 7.039227553509149971e+00 2.100774434356859732e+00 3.133604822215065866e+00 7.466392465821469315e+00 7.612495430248457318e+00 1.680453100400113975e+00 2.733798736737752755e+00 4.267181695811899544e+00 7.976166103559667597e+00 1.442316281824442603e+00 3.396058640984890076e+00 9.891693590427257377e+00 2.158467635096926962e+00 1.175276021969008600e+00 1.164381902610931441e+00 3.604364692488652100e+00 8.277173124753378630e+00 7.675710860057098017e+00 7.248439691056542067e+00 6.198540733808524550e+00 1.139281718908161878e+00 2.701967217097913210e+00 4.987912640757779847e+00 1.802580260368653597e+00 5.060590326185713472e+00 4.189891442351854067e+00 8.610486534037303130e+00 7.246062853912969004e+00 2.817366269380061627e+00 1.700316204144492804e+00 4.838047585331489486e+00 9.469427315675922330e+00 5.542504528123571639e+00 3.613342692660881372e+00 9.249696056973119695e+00 2.060498995659316712e+00 3.955440917862547145e+00 2.090734163276597002e+00 2.327829339747916837e+00 3.043343102387368937e+00 9.239734697559564225e+00 7.663373027120139014e+00 1.454911838137715741e+00 6.474941582076374047e+00 9.891369639994216811e+00 7.618495933438407697e+00
1.214030929480681698e+00 5.551983587966805800e+00 5.133625546893657798e+00 6.997688662646782021e+00 2.446400482826378120e+00 3.042484232376322595e+00 4.543449520358574745e+00 6.158277553410840710e+00 6.310255015458994698e+00 2.536618591632615161e+00 2.124889033888790024e+00 5.309589259857826704e+00 2.992411049254184441e+00 2.738773341746212786e+00 3.325331330184603473e+00 5.212719110846347981e+00 9.905051971686955170e+00 5.410327031891838168e+00 6.284292017701719857e+00 3.970948292516095712e+00 3.305838625535239217e+00 9.612498435001445074e+00 9.031250716831088710e+00 8.204966284703372636e+00 3.035576941103377280e+00 6.140260081137176584e+00 8.102723209116929226e+00 9.601319224579365041e+00 9.957351868454626498e+00 7.060791026469537712e+00 1.279125653596094203e+00 7.788478819120287611e+00 2.949166364369002480e+00 9.211414547857120994e+00 1.613521744102735855e+00 3.393498779768864715e+00 5.130712919867000288e+00 6.907623835757932262e+00 3.346005951769877473e+00 2.955269212647780197e+00 5.886140203666886173e+00 4.199835879191702759e+00 4.044461486978249809e+00 6.314730057436034549e+00 2.493374213296393194e+00 1.164353866722087183e+00 9.518268438380198759e+00 1.024158399114151408e+00 2.651928305989344814e+00 5.506202225277916362e+00 2.751350571727935623e+00 5.132771756478741842e+00 7.463265176457648309e+00 8.154978843325235260e+00 7.755883193799436803e+00 9.093888666288052036e+00 7.377638847507196118e+00 9.343050384008378728e+00 9.328885687324078191e+00 1.047367190831810513e+00 9.598407066557776091e+00 8.562625035813304919e+00 5.757256236220078982e+00 5.801808171101720646e+00 5.399955964277682874e+00 9.195282968142866054e+00 7.249163090224998385e+00 5.259324627107823780e+00 3.145418123049757320e+00 6.762990514810601539e+00 5.886765917408093962e+00 2.380943939923374497e+00 1.504265695004115333e+00 1.572161346893315326e+00 1.060658348939937934e+00 1.992153541182576149e+00 3.302288775559931722e+00 4.308012817804146799e+00 6.702973597002561235e+00 9.137400553401056058e+00 4.696112676278539233e+00 6.463571832179532350e+00 5.505375685594922963e+00 1.030820027854109977e+00 7.171362520407801533e+00 6.679852949318847877e+00 4.025924105212224546e+00 8.488734850424989986e+00 3.548825795836556996e+00 9.713424495593937280e+00 7.448180571076935763e+00 5.947154242472064034e+00 7.150628235076739614e+00 1.086961980680053230e+00 3.467568872662947665e+00 1.114287924652551443e+00 3.318811989056248635e+00 9.294615023037906099e+00 4.529722697464206860e+00 9.225333959241032389e+00
4.707585425291323844e+00 6.995715337699835779e+00 5.152045119351903679e+00 4.839270032985080405e+00 2.107846641678138955e+00 3.287905612586631943e+00 7.894288956101327415e+00 4.386736628801378934e+00 8.586448198897397077e+00 6.187453859649805210e+00 6.305405792649805718e+00 6.714923501696727470e+00 9.459767417679666224e+00 4.170639746547274207e+00 2.728028058110595566e+00 9.315085317680832588e+00 8.933289552031535408e+00 2.040209571576718339e+00 2.183685627715413524e+00 8.278967316012815658e+00 6.672507164122196244e+00 1.470356609357102329e+00 6.222237005303272284e+00 1.694828238830912159e+00 7.236316538537292509e+00 3.015754258563265289e+00 6.171288195832590695e+00 2.867895880091584360e+00 4.766234707956082062e+00 1.190129342411988533e+00 5.061703513607216820e+00 2.592855666262581682e+00 3.824792387320750553e+00 4.023792379223197102e+00 3.524743151200145252e+00 3.104780257792643106e+00 8.860623918091008022e+00 2.382118941418661429e+00 5.331141480441242919e+00 1.973128285372613089e+00 9.561028322875781527e+00 4.242191059213022086e+00 3.919264844900067324e+00 1.721941147280314111e+00 7.412583455596700510e+00 4.923816309107380107e+00 8.396748517231305442e+00 9.293456309414068528e+00 2.485256160224857958e+00 2.304587844338228386e+00 6.328099739732205187e+00 1.283646251137357419e+00 5.849312819798292651e+00 8.488262016196701509e+00 8.045337918585438786e+00 4.222375569058129940e+00 8.202106398455788039e+00 2.953721700127507344e+00 9.604265207889007172e+00 1.201459955373521460e+00 4.893209315026375350e+00 3.834183457112113835e+00 6.911039382501270367e+00 9.622972504634731195e+00 5.289255202974791459e+00 6.993853265831884158e+00 1.357445877568326686e+00 8.258549008679164416e+00 8.972209636577449743e+00 8.398440957139257534e+00 4.621838642834070754e+00 8.915057587998104438e+00 8.082688266040486624e+00 9.159884892475666618e+00 7.184879502312515598e+00 1.307664033853460417e+00 9.060931634607198859e+00 9.178912400247666525e+00 1.124744861663058870e+00 5.409066818322321168e+00 7.183223762680053248e+00 3.501214019572590708e+00 5.135839222855094199e+00 9.175056190129968314e+00 3.868094117152327538e+00 3.458595283666020315e+00 9.669148322897173742e+00 4.279587736489513183e+00 2.267206473850543968e+00 2.782831097557362021e+00 7.263312255706025233e+00 9.423233851288115304e+00 3.337783754908112854e+00 3.276864095965810630e+00 2.965664547414124108e+00 6.994194216145309895e+00 8.892566940011231935e+00 6.996066844616199987e+00 1.346454353726186159e+00 1.864166326791347750e+00
8.650813402075536729e+00 6.314573870294727165e+00 1.077315272778921251e+00 1.864731592579706554e+00 8.413567159765456438e+00 6.062718399645232736e+00 6.202662342812772955e+00 3.994603449231970860e+00 9.634494140514165750e+00 8.676259477419439037e+00 9.078358866891401036e+00 6.230391764410057043e+00 5.388969843526169257e+00 7.933564043752169503e+00 2.196760715862367874e+00 3.047333047493877345e+00 1.315114418966266019e+00 7.650064025812963742e+00 3.263238863034249260e+00 3.690413477059918623e+00 6.076049703350044240e+00 2.947530431095238157e+00 9.751593687318990789e+00 2.337093774997757833e+00 8.645619287516579377e+00 5.228722848593871930e+00 9.988208633752661214e+00 9.976760364072315923e+00 4.237899423461360726e+00 8.424407756661359770e+00 6.742163948465747403e+00 4.668931681168897008e+00 2.138959153006396274e+00 9.464052178104756408e+00 9.631317181340939726e+00 4.309494334120862469e+00 8.192871350278787546e+00 4.370882287145199996e+00 2.525902569699106870e+00 5.412309719699283761e+00 5.385626472922576902e+00 7.517226530828562403e+00 8.244748921014346976e+00 1.742266113727233057e+00 9.827933328974898686e+00 4.215318830721644261e+00 2.584530277723836811e+00 9.204665103768801870e+00 2.269021489503934674e+00 8.558199664364918746e+00 5.284364045812619537e+00 9.397983636069280777e+00 3.180512149886225437e+00 8.456102829259791065e+00 5.733445144045584918e+00 9.897526090874631421e+00 9.649326203975222782e+00 4.570905834108113908e+00 3.811097975778881874e+00 8.382360542704642370e+00 6.461993868856630741e+00 8.050150753654259361e+00 4.958581897387045245e+00 4.067446746566945492e+00 1.456388229586986105e+00 3.922544411553511079e+00 1.147329045389855029e+00 7.674274506822300168e+00 8.187338935632359593e+00 6.374011666544949328e+00 9.316806728971192442e+00 5.338724026434919168e+00 5.456101205138199184e+00 8.957430619291624652e+00 4.489252914970357722e+00 3.936414521834875835e+00 3.299141092960907962e+00 1.629868208085679893e+00 5.021745214768990273e+00 3.661945799812527103e+00 2.049267598331816043e+00 3.818673135962109555e+00 3.382363085830726757e+00 5.493728875519928501e+00 5.365090508909032607e+00 6.820160039705212895e+00 9.759743395779173269e+00 2.187093873863174220e+00 4.297228808348219964e+00 9.067518902453013396e+00 3.712370907479439985e+00 1.992985911438716951e+00 9.710029559738670102e+00 1.026464222095754497e+00 4.755581170385243084e+00 5.407490823254848422e+00 6.416078418657047422e+00 7.075103820155206336e+00 2.836894428262731971e+00 6.040514233973643954e+00
7.907093719515311037e+00 3.521395271214130318e+00 3.075037672088881902e+00 6.379709952703845666e+00 4.460040804067133990e+00 4.468821961489120476e+00 1.902740005694694592e+00 3.881077972836864287e+00 1.562453714308040809e+00 6.525953227195993023e+00 5.520948989744614899e+00 1.193781542906811932e+00 3.285799627875179763e+00 3.501457676621325454e+00 3.488274721403592515e+00 1.484213160943312904e+00 5.265811479399703288e+00 2.002565774261426235e+00 9.960623819422711023e+00 4.033778675307530648e+00 2.134514610374171006e+00 1.821961025388990851e+00 3.821341363552384074e+00 4.535240381869360959e+00 6.104531167918879397e+00 3.600326064765842382e+00 1.864398020180264126e+00 1.052154671869469205e+00 7.183062088998701356e+00 4.520550434041592958e+00 2.628545968463197990e+00 8.865548681821387333e+00 9.064853446781823365e+00 5.932457672758569167e+00 8.725185760911276844e+00 7.155220667655620481e+00 2.611109994745898000e+00 7.223825789758740790e+00 2.337494601629935165e+00 1.193883795051047692e+00 7.498708049744699622e+00 8.522055646823016417e+00 5.774416220604564387e+00 8.156413599140991622e+00 2.162077453697324181e+00 1.325083018343528485e+00 4.333206995383652504e+00 4.778282092381619606e+00 7.796362445906579453e+00 2.367678256790160418e+00 4.728913041304426912e+00 1.774973484444718697e+00 9.190455583169409692e+00 3.943712681169021295e+00 2.261271148224775818e+00 9.610726986558477236e+00 4.269973773302057296e+00 1.610012276728190361e+00 2.462398687508104089e+00 7.196762904854608678e+00 6.188972866350864521e+00 5.467609125315318508e+00 7.525709372273584385e+00 4.309872240456126491e+00 8.766885658038818363e+00 8.763228602952963797e+00 8.794686464463676856e+00 4.824222855115103847e+00 8.265230453878338324e+00 6.192875624038788551e+00 4.389930347894834384e+00 3.316291535348926622e+00 8.657931440676751578e+00 6.893189445723907127e+00 8.442411798528917544e+00 6.352619959836985686e+00 3.979373434632280659e+00 9.079497284634745924e+00 9.616389271042878661e+00 8.374317174541509701e+00 6.056788865422239709e+00 2.866268053878664901e+00 2.464642406624516724e+00 1.251907791112331747e+00 9.315788358140512315e+00 9.430430361825491659e+00 8.285771382452034928e+00 3.043389163214181625e+00 5.655274997705350692e+00 1.344812070991406205e+00 9.049054195457530980e+00 8.016979393039843416e+00 1.341843850273278349e+00 3.574636106627343324e+00 1.066713961071438233e+00 8.107587616202142300e+00 7.252420800454515870e+00 8.876684781625577614e+00 2.218008751723187011e+00 5.949943924319487820e+00
9.466126521692999063e+00 9.634453329581614156e+00 8.494350013831232005e+00 4.920267004799265820e+00 5.512906116816788327e+00 7.595170326893748936e+00 5.668202769079367265e+00 2.918272197533013479e+00 9.520031424891289618e+00 8.223045886753570954e+00 7.163125824117031470e+00 4.631908202933902707e+00 7.780802609729405184e+00 4.586572060655361938e+00 4.578916846879911517e+00 7.184312415276458808e+00 9.803863997513348139e+00 2.658203679002197894e+00 1.469707952470760581e+00 6.636628914432324500e+00 3.157479281167883567e+00 7.192674878006089401e+00 6.637009370275396947e+00 4.214494411674243324e+00 5.405007739277243317e+00 6.371578366829710127e+00 6.185072486922717161e+00 1.085298564397059629e+00 8.278364753266462372e+00 6.992263914431969596e+00 9.522998835818770047e+00 9.204222152713080973e+00 4.309168490449729383e+00 3.668234228905247196e+00 7.375622706719692445e+00 7.396825732670923692e+00 8.513793484739480277e+00 3.087696178876323305e+00 7.790500363658670935e+00 1.687776400945443012e+00 6.418389907909919145e+00 6.199860672830183717e+00 7.185842837885660472e+00 1.452332003674850824e+00 9.093446776946333188e+00 5.714647641657352395e+00 5.154831468591413390e+00 3.411985136772652361e+00 9.987778568534722012e+00 1.047386835860304455e+00 9.209421722089960127e+00 4.001355585542088811e+00 1.605174978813873832e+00 5.635626127680036568e+00 2.180346845555869884e+00 6.982522992489466063e+00 5.956195226564014789e+00 5.725246720252937571e+00 1.275984161985888488e+00 5.358494008184746527e+00 9.759401115408879335e+00 6.016979826851438062e+00 4.977025996649453887e+00 2.297959578964286820e+00 7.084826608496426203e+00 2.145696171323284940e+00 6.465885615041182533e+00 2.592473466257873671e+00 3.508015059965144289e+00 1.401998036992199381e+00 8.473927288829433024e+00 9.579972636458021995e+00 2.451056542857497522e+00 4.381844053889755841e+00 4.229492034819926971e+00 5.794195671189726227e+00 8.890274974686242615e+00 2.818136416730205873e+00 9.832442025217968506e+00 5.048325426943923055e+00 2.110411644529342823e+00 6.526119656848417883e+00 1.853578164083866220e+00 5.365454707146396274e+00 9.045156649970987672e+00 8.505821013893068994e+00 2.764746717405574206e+00 5.597903896243543009e+00 4.551476788874423640e+00 1.194107210714019374e+00 3.926024192717215477e+00 9.718962681113939794e+00 5.900836994613197106e+00 9.695098337093273955e+00 6.959808634389078819e+00 4.723511318806041359e+00 7.939418337286804572e+00 7.170955381856121136e+00 3.357299399639275261e+00 7.312075969171600853e+00
6.172223873151671647e+00 5.646645673408526633e+00 4.391139139189538021e+00 8.675537991156609507e+00 7.977012128026042426e+00 6.926075007317874288e+00 4.540581890759051831e+00 6.201054581043679903e+00 5.395525701767056148e+00 1.413847949517816449e+00 7.026965229935104418e+00 3.976644473395116286e+00 6.329987739283393644e+00 8.708168561823825371e+00 2.704594488098605698e+00 2.745908837449708706e+00 9.339227312203080444e+00 5.198594946384764270e+00 2.856294005766072619e+00 9.148338218302979996e+00 6.318922796015990606e+00 4.123881527916783085e+00 3.347277192736863860e+00 7.210060745750491051e+00 2.365147571809145255e+00 2.981557349440974836e+00 3.602375044705581786e+00 3.050142351215151315e+00 2.399091452763437715e+00 5.758375179431307167e+00 8.307569376776626768e+00 6.101677090737178233e+00 9.790634629712924308e+00 8.700723438670843635e+00 8.751978780137758207e+00 7.165793351725485039e+00 2.383035407456920218e+00 4.586528318779483193e+00 1.952184440406600441e+00 6.724382689211179986e+00 7.939796260606243550e+00 1.323661440088879093e+00 5.375898324718535015e+00 9.369222142328812453e+00 8.089357074316408713e+00 8.697231704312290645e+00 4.708074117465823605e+00 2.517383265617814558e+00 7.352679782128242358e+00 2.339335671086069990e+00 9.910416507142437936e+00 9.226249728490438784e+00 2.063586036484148067e+00 2.367135804046483827e+00 6.038861224633208735e+00 8.669087035739419633e+00 5.119482822051903526e+00 2.866402001774736696e+00 5.576482497462392551e+00 1.728014357175138738e+00 6.011363157743552676e+00 3.303101243933667330e+00 1.391870431284315535e+00 7.599215551326191864e+00 2.409881074476859286e+00 3.450126528097881451e+00 2.083323797440497671e+00 8.236494181798683201e+00 3.605259348975910605e+00 3.051003067089445686e+00 4.809091446262550917e+00 4.586726464416655880e+00 2.164165978811703361e+00 9.174236270118562686e+00 4.017381210016635507e+00 1.690926717603693286e+00 7.323825858127616328e+00 8.464276785118428847e+00 4.897881050320475715e+00 4.121098785306326562e+00 1.154023350050530805e+00 1.862351941340278483e+00 7.001699641683099884e+00 9.431336583181060718e+00 3.203217230118748038e+00 6.350825498687777682e+00 2.882333711956479583e+00 9.576344299295596940e+00 5.020098908526135162e+00 3.310338676218969933e+00 1.352669441442827747e+00 2.779059729331834205e+00 3.370845253837345457e+00 5.645894856368320447e+00 1.974131717530228869e+00 3.178559325949320336e+00 2.853496729113725650e+00 3.670980837220166215e+00 6.280521866445146095e+00 1.406215715429268265e+00
4.434134746430655305e+00 1.949153619940498405e+00 5.360812402386265774e+00 5.204862455732691906e+00 8.569213200452004742e+00 7.089662854916301882e+00 7.223081994419150220e+00 4.545699918432564601e+00 1.851941864858326348e+00 1.937209311714292337e+00 1.158982147934683571e+00 4.756407924006873955e+00 4.191721788498487200e+00 8.533895877572401645e+00 7.874139298735460812e+00 4.191486700258343134e+00 4.733913087993816937e+00 1.964999179695725573e+00 6.027041892550914604e+00 4.198810498909529620e+00 1.867938027468022844e+00 9.751031292135598605e+00 6.043798616135934942e+00 9.511257402766789326e+00 5.350389879488727018e+00 4.929786161178256521e+00 3.887945854364620590e+00 1.908202273950560413e+00 7.464809598816813718e+00 3.022197036806924419e+00 8.517188187480334349e+00 2.726570846770361989e+00 5.277249053882696828e+00 1.420082387295930282e+00 8.703518024868042602e+00 2.354721845480428399e+00 8.522684289123837686e+00 4.178874485888398382e+00 6.441364950605453998e+00 7.308710579691885201e+00 7.414907584109564631e+00 2.506421795227551375e+00 7.756961101817967830e+00 8.867719086373492487e+00 5.109315945822522131e+00 4.217881478062786904e+00 5.289712887003275021e+00 9.953599516005761316e+00 5.091422768793067988e+00 8.761009334302295670e+00 1.876924478744272928e+00 3.161678891093991695e+00 2.143246422854304889e+00 7.964118613781844935e+00 2.558125129984276214e+00 7.739047591029371453e+00 4.048985827587537223e+00 2.235425240188209095e+00 4.764679450920494830e+00 6.766913173737393095e+00 9.456809320388197548e+00 6.831274974932600941e+00 7.546232951097293196e+00 9.694940779552194243e+00 5.447904762821976554e+00 1.242537850809745326e+00 6.188827758933126866e+00 3.341421105704013961e+00 1.015329695177133562e+00 6.857416825641957203e+00 6.579383335068833105e+00 3.488296495070937198e+00 4.331699173549134585e+00 9.250266288327381403e+00 1.978939866943479675e+00 2.584468582945029347e+00 6.006130279744080980e+00 6.882943581321741888e+00 5.376063434128547591e+00 7.503617188357099010e+00 8.232474032175666423e+00 9.312553710396015205e+00 9.015329201993955266e+00 2.653323870365790871e+00 4.583577829002264181e+00 3.860313131773553952e+00 3.972752577786947459e+00 7.652824388799397859e+00 5.316792769679816288e+00 1.019125616055128303e+00 2.548656937546160073e+00 9.913658173675523599e+00 9.841030189456628108e+00 4.809886295069566664e+00 5.702910942417586782e+00 2.928610952454251404e+00 6.755289936119683425e+00 3.481526033744085424e+00 4.006192118721943807e+00 2.579614693214772547e+00
5.644592755888486302e+00 6.489852660958465691e+00 1.322526270916453583e+00 2.757172848484791938e+00 3.100949514607009849e+00 4.973797324782275098e+00 7.494520084707519736e+00 4.177944475931422375e+00 9.636821420716621844e+00 5.228001408584536769e+00 2.090028192033625221e+00 1.618779142263195414e+00 8.747137013326259591e+00 5.052607702208249840e+00 8.923775298531463562e+00 4.505040556551609399e+00 3.666891594911816821e+00 1.033702883695879038e+00 7.496843611079672343e+00 6.908394672132500247e+00 2.337766054488818135e+00 4.469419358551267152e+00 7.389709995555794109e+00 8.710125740052724552e+00 6.309702237829454496e+00 1.392983393258062197e+00 5.905616944818895320e+00 4.362162266961041368e+00 8.019898988945902474e+00 4.723702500422771955e+00 9.939996176279748852e+00 5.627337128485067730e+00 7.093214228423229351e+00 1.037710506785919584e+00 6.270451652901410711e+00 8.821182503815107268e+00 9.718352317625557291e+00 6.674176691306405118e+00 2.107713808965848479e+00 8.662417621907946952e+00 1.157712389774387507e+00 7.396080722132246876e+00 2.200211997267903286e+00 1.253602384066634823e+00 3.727825303165044790e+00 9.994882344064549784e+00 3.090243349972195297e+00 2.132943651168003107e+00 4.592628032408311967e+00 8.475680590125772795e+00 4.592983881430022564e+00 3.249831283526648740e+00 1.350713324872876431e+00 8.250439401009913354e+00 4.124651023282250861e+00 9.046906477466860608e+00 8.745197000305495294e+00 7.259692350139163253e+00 2.685696288099749029e+00 2.459265268438469043e+00 7.598514681881475497e+00 4.225223881109474000e+00 5.741109537453647604e+00 1.854819448375361723e+00 2.944030615582334143e+00 1.212635306794574763e+00 5.506991700928628219e+00 8.666133350805829139e+00 1.033181636076116128e+00 2.161198224849827376e+00 5.908355768191440482e+00 4.072929790559348895e+00 5.103326072970022942e+00 4.154623208552646219e+00 7.663012484980717076e+00 4.169706285300682325e+00 8.385862949960731783e+00 8.507178370735122286e+00 7.852904195788273256e+00 9.708340492780394015e+00 8.939507257617773206e+00 7.526848815268039061e+00 7.685166895886804461e+00 5.474613751347448876e+00 9.263908547543481475e+00 7.504392269427927253e+00 7.655537279990396016e+00 9.697694446768482024e+00 9.738379378134020214e+00 5.705318579742601592e+00 2.106278044692754037e+00 4.864558553110000183e+00 7.543459896002987719e+00 1.452990046201460661e+00 5.953938408583528741e+00 9.832515564000097186e+00 6.475699163875685116e+00 1.274833148115440240e+00 7.426252376585358306e+00 9.715816960553990356e+00
1.167061771543554283e+00 6.870614911925682300e+00 8.890947761318395592e+00 4.377283680535482446e+00 7.126309036118147588e+00 3.490775765687277321e+00 7.443678732590878866e+00 5.322763204526117065e+00 4.855489784207698278e+00 9.236751634659874810e+00 2.576351944269657412e+00 6.919038157771709052e+00 9.420824589344249489e+00 8.288140541994337696e+00 1.022926099745775641e+00 9.193158039932091796e+00 7.632721850131681585e+00 8.545768046287658848e+00 3.121377605891271223e+00 3.742848269222249336e+00 6.829900728732017257e+00 1.531158424847146371e+00 2.496604119124911314e+00 7.985638238114910692e+00 4.352041197177202392e+00 1.838912617870981148e+00 6.844127478274385723e+00 2.148919681653083114e+00 9.976487708819488986e+00 1.112723557321564360e+00 2.238034396562472050e+00 1.516034236046305939e+00 9.941867752297810057e+00 1.555064419197089487e+00 1.379350308355630217e+00 9.280417384195080999e+00 2.919272317695104313e+00 1.777697808934826540e+00 6.471449674977611366e+00 2.878881351813530998e+00 2.713470848147040648e+00 6.009007057200731694e+00 6.839629000875297571e+00 1.806325579180968699e+00 7.783447162368640093e+00 4.602038271713587037e+00 2.285408659518071151e+00 3.397160230016795346e+00 4.664490793903514287e+00 3.546251148137700149e+00 4.874130956083508437e+00 4.735210273168150685e+00 3.717281970899774191e+00 7.061586206472639127e+00 6.955615507516881735e+00 6.826490268574547216e+00 2.727353139865855702e+00 4.293854348383371544e+00 9.546534523684931273e+00 3.132394072971707910e+00 5.243458199144735765e+00 9.727717619236281976e+00 1.432704428335352276e+00 1.441818001776028479e+00 6.571687875429934600e+00 7.204592561220713343e+00 3.402334833947565862e+00 1.264159238491370907e+00 2.409808978198994645e+00 2.881409970682988764e+00 8.747466959981220924e+00 8.757369568838118568e+00 9.896528575891091251e+00 7.940260934987486863e+00 7.935921527178826373e+00 4.044622681800866815e+00 7.575089117903447189e+00 7.254866352930463336e+00 9.307730634523045055e+00 3.586017505794167448e+00 3.201132161667556542e+00 8.237687941587633844e+00 2.527777252497987792e+00 3.441408222790083737e+00 9.684255780990374873e+00 3.598730827108031605e+00 8.378897202426589530e+00 9.531193086086823030e+00 3.265792632242068727e+00 4.673684484944709006e+00 1.288548552035277739e+00 9.280662472056981471e+00 3.174265864294208761e+00 2.165786763905263257e+00 8.144370958823074602e+00 2.590986079222753258e+00 2.302438868821845119e+00 3.774335109510681185e+00 4.542191900788431269e+00 6.214785037912906596e+00
4.714417113318431163e+00 3.362455434436629087e+00 7.503207336770611136e+00 7.708175782626187633e+00 6.415112293391414866e+00 2.293294210367963437e+00 3.168640144957123983e+00 3.550961180232448111e+00 2.958431050193612410e+00 1.268652138246479266e+00 8.157121197673513180e+00 8.100945630490699045e+00 4.843444959027769059e+00 4.556077066457525859e+00 6.657792117657433728e+00 6.666112296860495334e+00 9.997974436729487380e+00 9.527046652446154340e+00 9.109011934749457140e+00 8.636026150482766894e+00 5.671165184163162287e+00 6.676519131403710894e+00 2.852476007379258771e+00 9.949194414901082695e+00 4.797485227536062879e+00 8.367912244506927166e+00 8.721259055659967174e+00 3.099769452091601263e+00 7.187356009649635169e+00 7.728133637487883512e+00 7.287852178499303335e+00 2.599762580509813681e+00 3.364700109906101133e+00 8.010797027950371074e+00 5.196173533186282611e+00 1.189566238355514116e+00 7.776259042356572948e+00 4.911931814856808742e+00 4.495941348738304200e+00 1.410270130513888720e+00 4.743818673269776909e+00 2.513313811944613008e+00 5.971802208447730465e+00 4.593240665936962230e+00 9.232271659709374134e+00 6.227331473897823599e+00 3.334286813799058447e+00 9.753003380632115693e+00 3.981612850584906660e+00 8.051661277531753313e+00 9.285698429589343661e+00 4.230166900503211203e+00 7.001127006408431441e+00 4.381319377102135704e+00 1.453737293348258186e+00 6.526028891487196226e+00 9.394828352672412564e+00 6.319786937467487320e+00 1.416992962203408535e+00 8.112149555248478805e+00 6.407824992229702588e+00 1.298919067826045826e+00 1.437810627901688232e+00 9.823957609228799015e+00 3.639378461871224602e+00 3.709008369560670815e+00 6.073258569972148635e+00 2.763001903408306870e+00 8.778268536030509495e+00 2.328660382321551481e+00 8.511204660677140765e+00 8.808794120657607252e+00 1.107981890551071658e+00 9.215104766817965753e+00 6.912006282000866086e+00 7.604159837169865099e+00 2.270061558637519017e+00 3.016063506595767052e+00 1.085901542665498543e+00 8.777698311098088624e+00 4.189653776421061515e+00 5.746174517849808261e+00 8.359711495492565092e+00 6.769355788674434216e+00 5.426529528724479690e+00 7.902960320946417205e+00 7.863025422751710458e+00 4.730296551400889449e+00 9.693205799863285677e+00 3.062116163196361374e+00 4.983953131802942416e+00 1.773830453488042691e+00 1.149600129983696650e+00 9.083205532017634809e+00 3.376584678808163709e+00 3.416522825859993784e+00 1.065775643404659689e+00 6.626981091604780438e+00 8.855326627053836219e+00 6.254449109150620245e+00
4.500728868918697501e+00 8.877192190415971851e+00 4.877801471302007030e+00 9.421390850687267005e+00 8.783729372348371811e+00 4.044438367846847626e+00 5.865621684061725460e+00 5.491094494642301704e+00 2.249228161540572923e+00 4.074870671180475412e+00 2.126411892177242358e+00 6.768692686059921471e+00 3.907294343717457430e+00 9.746720146062811452e+00 7.351873120991787580e+00 1.267217713991589445e+00 1.263263274473211517e+00 8.307614281116201482e+00 6.436326379562203215e+00 8.391974222542884831e+00 8.981838248930571922e+00 4.738594642812172353e+00 1.513410450968156962e+00 7.817265274637358985e+00 6.422397598296412546e+00 6.797430228588980050e+00 4.520005972184710785e+00 3.560386113096340122e+00 3.854161511884473867e+00 5.124868480745454313e+00 1.721005001740797624e+00 8.027210927033701537e+00 2.739202481892145880e+00 9.705259365553203565e+00 3.412570873288960804e+00 1.184096114075585682e+00 9.688618291363432888e+00 3.044701834820918940e+00 3.643087240576005748e+00 3.157350189993102685e+00 6.993266992907562596e+00 2.417744147391406528e+00 7.533393578419858905e+00 4.201998011265122734e+00 4.601875860373279892e+00 1.570116522611376020e+00 6.693478214156613149e+00 9.990534082709498165e+00 5.361808637385572673e+00 2.110833811095429446e+00 6.521224839940590989e+00 5.336784954132845371e+00 8.602536926828893371e+00 4.186029957153373005e+00 9.124021246577868283e+00 6.075945092376662693e+00 8.323760973330035284e+00 6.819810420039726928e+00 2.217522543558863024e+00 9.771250851962976824e+00 8.597182414064654665e+00 4.775715717448541398e+00 6.123333256065974339e+00 4.128912435506683742e+00 1.533321332918298419e+00 2.672152459921151024e+00 3.800947398113685871e+00 8.645977473016575487e+00 1.756794669271004583e+00 7.829942649698010015e+00 4.981860402940458954e+00 1.624672213626612738e+00 5.591122355186369575e+00 7.794733772660152660e+00 6.243602212941128826e+00 9.866279816484629706e+00 2.181698831051394727e+00 7.322415579864790303e+00 8.984077464312463235e+00 4.679600029348446100e+00 3.388692325617628676e+00 4.151387572176927776e+00 1.014061987568482870e+00 6.676029173335439104e+00 5.442211325715164527e+00 1.948455155684314821e+00 8.742049910051729711e+00 1.443908751360904352e+00 1.826242036119998691e+00 9.098148276968553105e+00 3.022360809768815493e+00 4.355294291970430720e+00 6.633093027607326775e+00 6.175643382988002195e+00 3.761386028582204055e+00 3.287858018007922656e+00 5.329456265094773215e+00 5.801039324853944912e+00 5.897045330035406430e+00 8.710694256580936212e+00
4.017817479840320338e+00 6.259252391036877583e+00 8.728248378581431766e+00 5.172854378607405046e+00 1.381784846268673483e+00 9.727912931987209078e+00 5.022789173542116181e+00 6.617454696081138010e+00 2.904819698865475530e+00 6.938222642492045011e+00 3.454444675190323277e+00 9.694933298147507372e+00 4.048289760198746201e+00 6.824381594983175425e+00 1.218884213577913656e+00 9.224189631310155235e+00 8.426297138037414314e+00 3.394080004970652542e+00 9.787633597140445119e+00 8.807458843143095351e+00 6.830425053717632089e+00 9.038240134042604623e+00 9.139298605853404922e+00 8.868456800145519736e+00 9.040078149940477203e+00 4.549355679968276611e+00 6.907627442431111930e+00 8.677995723178437260e+00 5.686574640103916778e+00 3.173017047357014953e+00 5.574262183144355731e+00 8.423587648560552310e+00 2.043817287063796062e+00 7.520549119108182801e+00 2.556217659145168408e+00 4.513997144916619852e+00 3.923877034957683474e+00 6.974268684137399532e+00 8.225547297152601800e+00 1.042444756655978466e+00 5.976185204869927325e+00 1.339133983911833914e+00 9.567561004249284906e+00 7.825674552631874725e+00 7.172546322844151057e+00 7.542131742125727456e+00 7.720657386138899625e+00 1.912139639326865037e+00 3.926979529348239240e+00 1.693029544392331331e+00 4.640460877976904541e+00 4.825442718778379714e+00 9.014145742532674532e+00 1.852612903072280659e+00 3.534624781771443125e+00 5.861346980437751597e+00 7.491128911478854846e+00 1.866452567947989083e+00 6.607320017428404135e+00 4.392104994032211884e+00 5.830929423155891911e+00 1.573886795133116800e+00 3.499325792339115893e+00 6.079862633468831490e+00 9.553991514082907699e+00 2.322890364666893248e+00 7.028354714605105080e+00 6.382692711490575377e+00 3.370872146283185877e+00 4.091139406124759681e+00 8.375820236308330280e+00 2.306480804624513770e+00 8.808563482312507631e+00 3.542225568549016934e+00 3.442484016370014555e+00 1.840326547260754175e+00 5.722291683994373379e+00 2.623686752985562087e+00 6.088525121087492664e+00 9.285237737365607202e+00 6.319724473342840376e+00 9.691868653899318176e+00 9.595299906191163686e+00 7.256225068749750484e+00 7.561309186002442395e+00 6.588535193730028716e+00 5.999923279907062756e+00 9.107293983833109507e+00 6.184943749152677306e+00 7.573777115360481815e+00 4.402482150866131150e+00 5.836540702316896478e+00 1.128885896891965723e+00 6.037231118749784464e+00 9.398509965072090466e+00 9.930148327588778301e+00 2.412313296412131880e+00 3.457947997775636217e+00 8.516739355611116835e+00 6.283916269343549743e+00
7.675680326204783910e+00 5.955811529483670874e+00 2.472060433439049909e+00 2.802909272138424779e+00 7.480446726166945837e+00 8.606581468117145306e+00 1.322293267860891852e+00 3.778939543697673820e+00 2.660384800226740509e+00 9.163109677352656135e+00 1.107226845866370768e+00 4.577363743633362958e+00 3.576009396881097757e+00 6.542917826723288144e+00 5.997910108516310679e+00 1.721858345086758391e+00 1.834383646588659600e+00 9.886412571831849405e+00 7.043924055042055876e+00 5.457078267214651390e+00 1.495472816687831497e+00 2.922916370975849443e+00 9.092565298040129917e+00 2.781066826522306634e+00 1.351285992592184737e+00 4.680150035737741021e+00 2.665032793526948218e+00 9.768801559656900224e+00 9.563126786427707415e+00 3.430966487492706385e+00 2.868739197399266416e+00 6.459869753753394228e+00 2.738494810928161272e+00 8.891289778072440697e+00 4.757862359242627903e+00 9.672091542560956157e+00 2.861778403431298301e+00 7.873506253598645088e+00 7.088478969724235412e+00 3.737133610862949595e+00 5.644818143922345932e+00 2.895857977610064360e+00 2.529519913816201893e+00 4.971354437300103513e+00 3.310921327815753656e+00 7.815742469391738112e+00 6.733897553274374559e+00 3.270597590328263138e+00 8.831816970980877812e+00 3.015139675592958035e+00 4.215964722589719216e+00 1.147697629032150335e+00 6.826771090962252764e+00 4.576835480699855019e+00 9.767528651663706540e+00 6.037957785187142434e+00 3.770252757195168059e+00 5.990407511817000596e+00 3.288285258394555655e+00 2.401799401350300123e+00 6.298623555298270560e+00 1.838310237518895995e+00 8.052615358831335612e+00 4.501246300389447619e+00 7.687987468252120316e+00 5.028926490245921421e+00 7.019553823257616898e+00 8.704459622717571676e+00 2.668967365757722199e+00 1.160525261253709139e+00 1.218726096524222591e+00 2.147574663508823090e+00 1.266158091778255557e+00 8.461231171390645400e+00 9.750706608383348239e+00 9.652623483270160065e+00 7.196626655649811077e+00 6.827660076464898253e+00 5.857154556252083921e+00 6.439734628949343787e+00 9.751475313204117867e+00 3.591444278394301470e+00 6.525874050050803454e+00 9.735061016399324529e+00 8.011832906209953364e+00 3.838106222208741869e+00 3.482775010902145141e+00 2.634863335580015953e+00 6.563591866854050494e+00 5.652334202112732520e+00 4.048484616946415926e+00 8.858740486522751922e+00 3.572369435504425539e+00 7.061419960495206816e+00 1.031059388440299873e+00 1.246364841902397380e+00 6.594572204777951363e+00 7.957737313461214157e+00 3.275646299468339961e+00 8.518139788781649457e+00
3.350802283122640723e+00 3.882565500548225135e+00 2.786833832482921380e+00 7.623093921103723858e+00 2.358813764098697696e+00 4.902285749744627275e+00 8.121598674682292796e+00 3.937689006047408569e+00 9.864424818385215232e+00 6.614722686407720431e+00 5.441770437623397960e+00 1.480313642850030753e+00 3.357655900448861530e+00 2.641031332523175124e+00 5.777034123688403966e+00 4.129292551592066651e+00 4.557059496185177139e+00 3.664012954657565047e+00 8.486880888402016154e+00 4.467715701848268495e+00 6.577902037732488161e+00 5.569237793748491150e+00 8.560177967631517504e+00 6.860198548725572110e+00 4.352000523640521479e+00 4.906859589137251731e+00 7.148749117612589465e+00 4.643262253583232635e+00 3.471561008244703483e+00 2.194618405001235395e+00 8.026262366616526478e+00 9.156791506849753404e+00 7.289897303106094739e+00 4.968503052935329123e+00 1.204690742812602355e+00 6.025418983204940737e+00 7.036617026172274691e+00 3.910406550973265727e+00 9.626666267212153016e+00 7.523361683377862263e+00 1.806009416616816798e+00 7.807760633001699091e+00 3.638970258307346661e+00 8.463251990021049664e+00 9.427737560424287011e+00 6.066558291425245386e+00 1.656209825279330472e+00 2.374835369992765344e+00 6.766285312528446561e+00 8.864149654019868763e+00 7.481748921404772545e+00 1.884529859350438485e+00 3.963091883070778643e+00 7.391759523353568895e+00 6.507889619445258234e+00 9.737404903252032895e+00 8.883777889352257873e+00 9.664988112322790315e+00 6.562504095326277209e+00 8.115259846618398498e+00 7.923958895334859420e+00 7.530581893196915289e+00 1.702535781406989246e+00 4.587258263396565283e+00 2.727647275238909597e+00 8.422976496990887796e+00 7.932973709881703250e+00 2.508368358082510685e+00 2.195449887739666650e+00 8.356991399246695096e+00 7.484126977087473875e+00 2.383638789997454488e+00 3.378469847670741988e+00 8.218274789411564640e+00 3.833218590259098946e+00 9.378326825698318103e+00 1.427093303831000082e+00 9.646192545462344725e+00 6.599942868392711937e+00 1.055158897056464262e+00 9.356485438234965812e+00 3.730982182396696878e+00 6.339384541268744400e+00 2.681898933316420042e+00 3.241844401674752074e+00 4.556653763301235394e+00 8.518338462074673600e+00 5.774061946059477535e+00 8.687799524926777650e+00 7.801100950811949986e+00 6.049828666632638630e+00 7.300024240514721541e+00 4.143444981992330689e+00 8.601510744442970591e+00 4.613023747114295858e+00 1.664924490286705083e+00 5.140603370062922117e+00 7.288297030082468098e+00 1.285558209198616186e+00 3.286819778817271498e+00
7.789376738509757203e+00 7.246841321753222154e+00 4.008916070583681268e+00 3.604503464683170399e+00 9.370672910690442947e+00 6.957290335073090581e+00 8.444411457356668649e+00 5.126846000581935847e+00 4.085453355320616708e+00 4.861654617954894064e+00 8.158488049993380287e+00 9.114064273554509654e+00 3.897962626916120055e+00 4.857305677479331507e+00 1.363513770101188571e+00 1.931021309849589862e+00 6.970375082504594033e+00 7.962720284118872449e+00 7.963348263327135967e+00 1.572511568634387125e+00 5.050113508430261966e+00 8.875335016529218635e+00 9.336037814143798741e+00 5.817529926812051499e+00 6.976653834795163434e+00 8.332983940848166071e+00 9.682588871133038566e+00 9.074335040816238873e+00 3.560491409143368813e+00 2.420244292380738571e+00 1.661955293690739799e+00 2.679760107704891148e+00 1.041926331978549225e+00 2.790732781575721688e+00 4.612478128011876066e+00 7.959134701335577766e+00 5.814354724943747499e+00 8.073417547812136164e+00 9.215452221855287007e+00 3.191584812367153745e+00 2.172454259209570360e+00 3.183776368638678189e+00 1.792301915574465720e+00 4.149786394293069947e+00 9.053329885558088819e+00 1.526326635289314781e+00 6.153327901015513746e+00 3.320354288503868379e+00 3.201708611654122905e+00 8.249417257017491067e+00 3.571052826186737583e+00 9.674725094920347601e+00 1.619417137988746092e+00 8.030472354788905420e+00 6.441681997896083089e+00 1.469598565953046609e+00 7.826813750309839612e+00 3.134938195224972191e+00 1.616839956507884368e+00 9.247134598708734998e+00 3.133256785777023712e+00 8.264777838162636669e+00 9.732394690263799220e+00 7.768455462694200619e+00 7.365000666939311103e+00 2.080461237600434998e+00 8.255316344770619708e+00 7.729873810450346383e+00 6.578010528491590847e+00 3.861116624579859380e+00 7.463716410900978815e+00 5.459043204690749995e+00 5.516404598460436404e+00 3.993655224912727064e+00 9.666734961478191224e+00 9.178453626090297135e+00 1.283104175053816798e+00 3.197875264554093100e+00 1.917098347613619191e+00 6.116402989602396367e+00 2.424128901778044742e+00 2.502683977761700262e+00 9.152903071108969613e+00 9.929495826657099400e+00 1.485029838652266898e+00 7.065183099415087042e+00 5.748726310343938550e+00 4.379248217890639339e+00 6.540520923958577093e+00 2.624554974653312556e+00 5.187293929103147683e+00 2.012830895637797379e+00 6.425429495208977215e+00 6.138307011523116863e+00 2.117085404142192928e+00 8.688168898118988182e+00 8.565426325485258729e+00 2.415319640042629779e+00 6.579558503100372491e+00 6.456384611447488986e+00
2.939774409317472248e+00 6.443140793545456546e+00 8.881699950936349452e+00 3.944106239133961189e+00 3.373774347658663686e+00 8.973822784877034664e+00 6.195885908109728391e+00 1.828073619389871007e+00 4.677956974561842785e+00 6.658289556815911503e+00 9.275460561784701241e+00 8.495867289137114753e+00 1.568456545196616592e+00 6.144070231811024740e+00 3.209357170744081778e+00 5.335353611638327997e+00 4.659324559828149859e+00 9.514774153429618408e+00 8.758865374083354638e+00 4.773248005022646012e+00 3.996088740382721216e+00 9.235984727290590612e+00 7.192305431023540585e+00 3.749766825840094686e+00 8.514858124223895430e+00 6.121658571866301912e+00 7.712973063620396807e+00 7.385083614760809212e+00 7.700060214389003121e+00 6.331467066795267051e+00 9.621181577230482063e+00 2.485787462609023279e+00 6.475538147180684767e+00 3.250395646341501799e+00 2.736132279049412919e+00 3.979760709816380526e+00 3.464883908375795851e+00 5.985212948053644233e+00 9.211617786046844003e+00 9.949224903424864763e+00 4.206490552773201941e+00 7.238414782781157797e+00 4.156502608939939947e+00 4.179470087489077557e+00 5.442287675965786775e+00 1.124724191791286909e+00 2.468011782639329077e+00 5.803093844385441180e+00 6.578189221615360793e+00 5.576574439592643984e+00 3.644452329827223558e+00 3.266188367470563403e+00 6.801902377976559499e+00 3.051837772605924481e+00 8.124543435565874105e+00 3.073745906423524410e+00 7.269427051490914060e+00 6.373701324129950052e+00 5.312616311114231493e+00 9.610939382025248889e+00 2.113833695227790521e+00 5.536016409147895168e+00 8.989352335942557559e+00 6.608584479639368681e+00 9.628692622553838731e+00 3.771809562099121660e+00 1.965709593460479576e+00 7.633264906161314478e+00 6.745760811820400882e+00 8.498200452540579874e+00 2.221522833562422417e+00 7.660317458976325433e+00 3.847553849981044660e+00 9.271027026057767628e+00 6.375370163237357168e+00 4.589691774627167042e+00 8.625978247249117103e+00 2.736982230506598057e+00 9.226980867816825693e+00 5.103918536911090875e+00 6.129812843331650996e+00 4.598102507476217404e+00 9.542284492601115886e+00 5.019240480896189460e+00 8.411984113147550346e+00 2.372024575514490863e+00 2.943456674458628797e+00 2.046497406909715711e+00 3.511547515120164942e+00 7.367618678171830027e+00 4.930384183052891167e+00 3.961968035319229031e+00 3.725436107721586509e+00 5.315916086111076133e+00 7.885658211892427438e+00 2.151961338765756793e+00 6.668260065714101792e+00 8.010623202015064948e+00 7.773206489322657120e+00 7.920988349637563708e+00
1.361842318251191397e+00 9.891991300663574904e+00 4.499615803667840197e+00 2.255214710063070171e+00 9.591490703888371883e+00 5.276229547534054376e+00 2.563165956700038883e+00 4.871714803800723637e+00 6.607997189885665534e+00 3.227927437777671216e+00 4.054092459953244187e+00 9.766478225416236114e+00 1.661810727342877048e+00 3.847689127970126410e+00 3.488089243060991329e+00 8.368152923554628586e+00 6.474871129552013826e+00 6.344994736549564252e+00 9.057381190313471109e+00 3.319716588160982695e+00 2.073393622380510948e+00 2.899030726039755201e+00 1.775379920986178250e+00 1.188107755226463169e+00 9.715125600040613207e+00 5.469971799573793980e+00 7.637332360306950285e+00 9.027870086914816738e+00 6.472038882333253085e+00 2.946439429088968165e+00 2.966756227396094570e+00 8.469174268896136226e+00 6.478367011722662383e+00 2.353327495645292533e+00 1.863503583461922686e+00 5.937760386224992359e+00 4.327933845421283898e+00 1.622008652624574054e+00 4.180647530108032583e+00 4.414601096442591910e+00 4.612555448400287972e+00 1.891415520552769403e+00 7.465928507336705877e+00 1.174876547918919600e+00 6.912025159087619386e+00 2.283148174196236724e+00 1.548535528193212496e+00 9.332109495634096419e+00 7.916176446006723211e+00 3.402905830618763172e+00 6.712635944353721129e+00 4.666999170107652972e+00 1.638136253955595256e+00 4.164759331430711420e+00 1.301030246678825053e+00 8.487815237338377727e+00 8.178496100141945391e+00 7.044229221303040411e+00 1.423085497308451242e+00 1.535366629762069390e+00 7.230627396307665933e+00 5.323945423412197009e+00 8.467965042229156580e+00 4.372467719728419411e+00 7.132357180877828107e+00 6.274427706550221195e+00 3.775205194489110294e+00 1.960448149530218842e+00 5.275854026905984817e+00 8.996650501410123013e+00 9.560270571274729789e+00 3.630620727194328268e+00 6.926338146703465704e+00 8.120273415875928436e+00 4.218984618852449131e+00 9.834910326598768293e+00 7.259028553684786722e+00 6.614718293295068996e+00 1.976132986325851437e+00 5.603817018462363464e+00 7.086243399577973001e+00 7.443376058685506003e+00 1.400290489171540642e+00 1.904657962930549342e+00 2.438737508514992491e+00 6.350845289315186548e+00 3.240512115927925763e+00 4.462553527638169371e+00 9.423476722845224529e+00 3.563559350540018045e+00 4.856280800655987662e+00 2.337155691407374114e+00 7.425395521136351817e+00 1.986365966604561439e+00 2.037243213230826022e+00 4.873654332832256131e+00 6.561625411824461906e+00 6.432625988160075359e+00 3.981998460019141373e+00 1.557539575976079504e+00
7.654366773985492145e+00 9.501971745708118533e+00 3.307964619954982588e+00 8.478511769850362256e+00 4.855458730655717758e+00 4.285086879546739169e+00 9.298336805928848037e+00 5.472484601582614516e+00 5.819817450396766567e+00 3.352845168988507485e+00 1.075445765240432561e+00 5.364562047980047765e+00 8.872936785640986201e+00 7.891158382558999485e+00 2.804132850506690477e+00 3.111173796477975984e+00 3.325189801491431396e+00 4.984207468544409103e+00 3.447000388811106930e+00 3.481837462647300097e+00 4.416150948070765914e+00 6.706330379749653403e+00 6.499259228578717185e+00 4.737018628320248226e+00 4.915664003715431107e+00 7.138440583133716544e+00 3.525273556199938430e+00 5.109759432681858726e+00 8.244193843255519738e+00 7.223048085311543076e+00 4.126470569633097440e+00 2.977828596998555621e+00 2.507647326664244058e+00 8.782399272268897050e+00 4.026278064501898513e+00 5.442591265100261033e+00 7.617241938401922319e+00 3.468628167636812254e+00 9.627370493473476287e+00 4.007024924203048677e+00 4.143306817535238551e+00 5.108493634601426692e+00 5.831920849213282132e+00 6.654510040808275129e+00 8.648996951879670547e+00 2.239028496413748126e+00 9.508606486313500028e+00 9.326252987377081638e+00 4.179893948810387450e+00 8.012187303377984904e+00 8.035280480066395725e+00 9.743728821870313084e+00 6.392129735042318295e+00 6.970008960563721878e+00 3.359810085251488054e+00 2.736458862243780654e+00 6.446172808031161772e+00 6.589071076069620503e+00 8.502910422323656903e+00 1.935498782153843633e+00 2.919640134398977960e+00 3.724481533881789375e+00 6.571580985876419589e+00 4.098894617853659383e+00 3.171864315464778095e+00 7.558276227192930463e+00 4.544632269950288794e+00 2.171344028907459478e+00 3.069709100633237764e+00 3.050489255192815108e+00 3.998354567783764857e+00 6.989654996631855965e+00 2.654565816041157600e+00 1.562763948521113777e+00 6.698036156448242018e+00 2.728258399456921168e+00 3.289628994241924786e+00 7.901374027191113925e+00 5.656556385668963571e+00 7.932859383687413946e+00 4.420597324667786765e+00 4.174251188989690498e+00 6.891077233324762297e+00 5.237096494919700085e+00 6.089684993395852786e+00 7.282325895135531191e+00 5.702759540729795518e+00 2.001088711484303673e+00 1.866478016642600712e+00 2.901014680680480851e+00 9.585725250317528534e+00 7.976417991707018373e+00 6.154886849425630579e+00 2.380373265761395629e+00 7.869115187770446163e+00 4.232610052948571067e+00 8.955206219363915920e+00 6.884153978006114727e+00 2.217712239897784876e+00 3.651570111161598575e+00
5.206922929358647423e+00 5.547087320757247753e+00 7.112583055375948149e+00 6.804513272728046402e+00 9.239982891253447406e+00 9.565873894177020276e+00 2.634016626813464157e+00 7.929079616749849180e+00 3.955816443544136085e+00 8.762187045494446380e+00 9.792004685114614304e+00 1.859087641394177037e+00 3.376067277980934200e+00 5.208348047884515886e+00 9.200272180663349175e+00 6.906013451376585621e+00 9.009846949067039645e+00 4.441109017133832992e+00 9.149662854812769197e+00 5.999245008574633609e+00 5.072097394082475397e+00 2.198462129481493665e+00 7.055244267816288328e+00 8.056717549604748285e+00 7.223999660301788417e+00 4.035112463190483112e+00 2.960704172281517721e+00 1.561517324629565273e+00 8.639139816175065434e+00 4.870079841729769043e+00 9.647907574517034845e+00 7.314657422559814215e+00 8.856977285081207185e+00 2.283281367625560776e+00 2.097436437533133802e+00 5.194837995733597502e+00 8.894424438445215131e+00 8.854768072334021412e+00 5.784557371121318958e+00 7.371818729717992014e+00 5.892828983562878875e+00 9.151565721517249230e+00 8.366687512344997302e+00 5.025915772348792387e+00 1.261334125234909065e+00 5.162541811519163915e+00 6.477935867896339239e+00 7.548830612176770316e+00 4.928718310736286412e+00 8.482857027477578526e+00 7.782229230630028916e+00 1.588161302130990382e+00 8.203119010382687648e+00 4.961472704187924521e+00 3.096666487013346014e+00 7.276965772551588607e+00 7.334455391276190284e+00 5.619463186999375637e+00 2.165702314950989749e+00 1.998708860060258274e+00 2.477781637238050116e+00 3.471746701704614857e+00 4.586388211673179782e+00 4.882353008496797209e+00 7.555355881026044607e+00 9.031704690177173589e+00 6.546623814229013405e+00 7.407711855428764203e+00 2.650246266425945851e+00 5.748408923707907903e+00 3.053909076363018560e+00 8.957939744852680519e+00 7.643170757701996720e+00 2.993119196433350560e+00 2.512063161104791664e+00 8.976078226071702915e+00 5.370947651341429818e+00 1.329019012509077058e+00 9.899706567441851846e+00 4.778716137602033953e+00 4.975990229215302207e+00 6.378197436125252473e+00 4.227959070180582479e+00 1.895128074753252845e+00 6.119070937376552166e+00 6.414105875662264644e+00 8.561617217239945177e+00 5.326927487316091003e+00 6.516138764701207009e+00 2.553085408736462281e+00 2.043255278360891491e+00 1.944378607975934870e+00 4.823162757721587646e+00 6.301985801280895139e+00 1.902875678197818665e+00 2.280223501612639758e+00 4.084773374684922409e+00 8.480254267602919782e+00 6.541935692174567940e+00 5.617050123645235260e+00
1.898988005059406348e+00 4.318251996565940942e+00 2.792676597414768924e+00 1.505918808227896921e+00 1.917025748896868942e+00 1.609531074873196799e+00 2.284574204339133274e+00 2.026245388808451064e+00 7.816488061324737835e+00 1.497489183070359831e+00 1.365355028401644466e+00 8.749223587102722632e+00 8.856079792754561808e+00 4.996653225632082140e+00 5.813420198138500083e+00 8.645343710923285130e+00 8.174657095772101201e+00 9.100349836639992418e+00 4.373866239445108661e+00 7.058617918209082021e+00 3.864730665292638534e+00 4.895482874774558901e+00 2.726582235673576271e+00 7.452445214696285625e+00 8.072128533051047938e+00 1.490105444171955451e+00 7.331578468336036991e+00 1.800770002854604757e+00 7.912983637119200608e+00 1.098498581784481676e+00 8.734682400660158663e+00 9.256269186525438286e+00 4.086752271534878744e+00 2.709979637452440304e+00 6.208959274741299161e+00 8.262365340815726711e+00 6.079065744990712616e+00 9.208137628659294194e+00 8.944765857257987562e+00 9.178541311136491743e+00 2.916352261037996385e+00 2.061204001615834613e+00 8.153904657951677848e+00 6.761353289949928680e+00 1.122189917713730445e+00 8.557270845427657591e+00 1.784189874329521475e+00 7.325258647410896273e+00 1.757155728936118599e+00 6.940963849057752100e+00 7.205163071280840548e+00 1.342792589343567933e+00 4.052456619881181332e+00 6.663932103716522448e+00 8.309069453261400895e+00 2.226776640751394254e+00 1.087559982403758507e+00 8.403722808329446181e+00 6.989853238236880983e+00 1.083745269938314770e+00 1.133508852607857165e+00 5.737418036388630682e+00 2.438283980919476956e+00 3.342828032709940889e+00 7.180536251062719977e+00 3.002042219900369791e+00 9.343113754627491829e+00 1.332769261202831235e+00 1.683629854118045666e+00 1.691296111240653044e+00 1.195464098643247208e+00 4.292474356962268978e+00 3.301455585881230004e+00 3.040951614480492893e+00 9.237862473108981121e+00 3.440607297521229846e+00 8.410819870789195463e+00 1.602975710509865426e+00 8.202856185020888091e+00 3.522779529525389197e+00 4.318054007716773945e+00 5.524179874772734422e+00 3.813421066306058371e+00 2.043161985178078233e+00 7.848912015151434218e+00 4.756538522450546758e+00 1.537092303878591304e+00 4.485122975854048732e+00 8.928066072445606238e+00 3.397137695286227999e+00 9.693191482234169598e+00 1.225572721915484831e+00 8.146574689949995118e+00 2.101521509512620955e+00 3.480594651935106754e+00 2.393095558386953314e+00 9.680262528191523330e+00 9.915412785675952634e+00 2.795836039949932683e+00 3.670140908383312084e+00
5.542189570505273721e+00 6.477012954370071185e+00 8.130658583605015366e+00 5.460736756962661254e+00 4.879775624717683336e+00 5.435686747294439236e+00 5.436403520520705968e+00 4.854819182932035737e+00 2.458344340782048221e+00 6.617636521399258065e+00 4.833425277692186661e+00 3.186998724678965278e+00 4.293208989005169229e+00 9.308549434408940115e+00 4.427179895362744588e+00 5.173766298949791675e+00 8.612614709874918617e+00 8.402417022427833615e+00 4.078941920724114212e+00 2.469475355590637466e+00 3.345671498058254478e+00 4.673787981262206515e+00 9.977039580812425257e+00 7.860820168715035194e+00 5.410719237828934602e+00 8.281393933275271735e+00 5.217949724089423924e+00 4.607079408953611122e+00 3.876142359059085329e+00 8.144629797337731958e+00 7.861522979605624073e+00 5.173120480642935171e+00 3.637966069492668097e+00 7.600290291213917193e+00 8.052706439501125857e+00 8.617222257968332855e+00 5.039521115251993422e+00 8.533598932160412431e+00 5.546355659176121833e+00 5.490712259719410682e+00 3.241448653445574202e+00 3.837748328157220445e+00 8.451221033690725193e+00 3.139638123880629461e+00 2.530726496181077145e+00 4.272958351048546710e+00 9.835611632285734984e+00 9.823338672209359856e+00 6.148851026195816694e+00 1.502783186775996427e+00 1.382458607341022550e+00 1.589466386933141129e+00 7.189354717554394369e+00 3.444132717290413481e+00 4.723975047765144986e+00 2.290653148892720647e+00 1.021693342740746413e+00 6.377280280993203654e+00 1.470486109670453345e+00 6.666727891137393058e+00 9.496470851870450147e+00 6.376590832886272153e+00 8.690344342997301297e+00 6.751859078082016019e+00 2.066458170602055944e+00 3.326766602150192931e+00 6.637833255717321634e+00 8.711685835018684543e+00 4.944636445361522803e+00 2.314743976050928520e+00 5.977281287738763105e+00 9.992085861478669173e+00 7.589996337002865801e+00 2.130815812507721230e+00 7.032646803190036877e+00 6.339284466487556280e+00 2.375027762686982236e+00 3.564221275515978782e+00 3.532508046953634739e+00 6.586699725632318092e+00 1.667667203492592787e+00 1.615079287014309362e+00 9.700978161543403644e+00 9.736554879227599102e+00 5.946241564676308045e+00 7.029984338517037301e+00 3.930590562112293185e+00 9.211721920766109406e+00 8.951687945059827456e+00 7.160867767134789119e+00 4.896639443945585590e+00 2.527567694433800582e+00 4.182589992322149897e+00 3.400949712177843587e+00 1.794764317077264471e+00 4.312240335610965758e+00 9.983564624029824586e+00 6.531427833869017263e+00 9.446780155379997268e+00 1.585203206161441170e+00
4.540745925896871427e+00 6.293308252246590406e+00 5.716867884291493951e+00 2.534324767524521960e+00 3.229173773782986423e+00 4.246546017657675698e+00 6.844262687283658053e+00 7.570830791702094054e+00 3.433156079420673912e+00 5.092792680392930649e+00 3.142148108455697475e+00 7.662557336105495942e+00 3.003119616563171057e+00 5.240665252652557449e+00 6.161082446218791198e+00 7.131736947065959953e+00 3.889504222829025082e+00 6.446158006334823831e+00 8.799987040682307082e+00 1.146269905331764871e+00 9.037480079427341551e+00 2.404810274053522434e+00 2.465893133244712487e+00 8.679526961467541213e+00 9.518034080707611366e+00 6.067523933656509882e+00 3.773665960491876525e+00 4.020575007895577535e+00 4.673304491628864632e+00 9.703913334505754662e+00 7.986717832841781828e+00 2.276862024997869938e+00 7.874628364261491598e+00 8.032845414467857381e+00 9.269443746289818264e+00 5.226250111875972770e+00 3.093916189349821266e+00 8.760199407921739123e+00 2.784893511121743881e+00 1.790473697049749902e+00 9.865615991260435536e+00 1.424035329649185222e+00 2.730849312431654852e+00 7.776468289969276526e+00 4.814607804684181147e+00 4.537573168807098156e+00 3.704924822304590304e+00 8.269831028237202730e+00 2.446168664149476424e+00 8.294228965307365087e+00 6.616984537938417787e+00 8.985336722874386339e+00 3.015773830911061548e+00 2.105792077122240258e+00 8.269235060230720080e+00 3.249453909072037572e+00 9.955469908093650844e+00 9.327106040071122095e+00 3.614383334885310717e+00 5.434000414013644864e+00 7.590087906065807744e+00 1.450315579087047890e+00 9.010122628212947404e+00 5.356343514034979769e+00 5.493006904156030323e+00 1.742613677722297583e+00 8.850555598232602961e+00 4.771307778880658823e+00 2.521769777739581109e+00 1.299156030065623302e+00 1.718409805727383333e+00 6.135139988455165394e+00 5.710928955359491965e+00 9.588728670766965223e+00 5.149692355601119154e+00 8.300008174679721407e+00 6.910934545441229204e+00 5.275087020483570477e+00 1.651529900470643852e+00 6.761339005543810288e+00 9.572554907871349883e+00 2.463359079109908478e+00 4.104014571930547639e+00 8.637843577695665687e+00 7.876036459175626447e+00 9.866536166115201567e+00 4.268059273009239263e+00 1.314061540805903983e+00 5.527764994391475284e+00 9.908492675895823609e+00 3.467534747365829784e+00 5.288130630305900581e+00 9.775758035230744269e+00 5.944371448803503100e+00 5.996670188804371193e+00 8.230746497035188014e+00 5.710632038717746717e+00 5.677964831468994333e+00 6.625678117002635759e+00 2.996768375753685376e+00
9.012863232857464268e+00 2.303212525499426011e+00 5.776266213851867448e+00 4.968612693519260048e+00 3.302543658019439832e+00 8.945864721688812082e+00 8.050611191707517378e+00 2.068801503473832959e+00 6.047865053288410842e+00 5.530613710643837777e+00 7.792488509724373458e+00 1.457592914475382084e+00 6.746578261791952968e+00 4.329570669720883558e+00 8.968178262173950088e+00 3.142821484258217613e+00 9.717603787274974536e+00 3.806694486736166283e+00 8.364980778741655243e+00 1.782358876133905312e+00 6.549229343187237262e+00 2.461527611137173999e+00 5.956288052570170244e+00 4.699945228984055312e+00 9.289582673482998487e+00 7.927955349987875877e+00 1.205836104241999385e+00 3.803377099737601963e+00 6.877652990359703011e+00 2.343635386417511235e+00 8.245930003627440996e+00 7.804489503126243122e+00 2.070445553776789627e+00 1.921132443146426505e+00 7.125000830641969429e+00 9.531249131105584027e+00 4.319051505459748697e+00 2.056695466690456442e+00 1.527305869488603474e+00 4.810487502791781722e+00 5.145827177796164165e+00 8.811770795145580593e+00 4.514777888142075035e+00 9.847291157841072007e+00 6.829877193695811144e+00 9.913864580947185701e+00 3.481030327720275430e+00 6.306220118282230835e+00 3.045470447057882613e+00 1.829307245080420863e+00 9.943819644048296880e+00 4.428443179651907258e+00 7.767443426101440451e+00 9.556430720702380199e+00 7.866856546741952450e+00 5.296328553384054061e+00 8.283681866450800513e+00 4.756515561934754110e+00 4.706485135773615269e+00 8.248327302431057717e+00 2.467692099589012589e+00 2.165671236943913947e+00 7.488818399927248848e+00 2.494738979396966982e+00 5.814342308974348228e+00 5.844972102889895993e+00 7.107739109526024279e+00 8.533877765019310502e+00 8.145439321193943982e+00 7.901953629004514035e+00 7.779266894177009561e+00 8.575115529530147995e+00 4.486188348219670274e+00 1.169851783246043553e+00 8.164095914435144152e+00 5.905003011505096211e+00 4.651711269451488384e+00 7.253294177413033950e+00 4.959503306803314970e+00 6.701262131795655108e+00 9.660888886008553555e+00 2.347515289219514134e+00 1.196512307470005476e+00 4.412169222702534199e+00 1.720165074906707670e+00 4.240058818144262887e+00 8.546423826083213271e+00 3.868634174594165476e+00 7.963429991982552636e+00 5.536116392287534715e+00 6.350300986761343580e+00 2.146186646815597676e+00 2.190728437763397096e+00 8.781798112597556383e+00 8.297591180960775858e+00 7.833850651408414301e+00 7.429273242768253738e+00 2.777402374093869142e+00 5.248771833656340036e+00 3.163063250680463678e+00
6.027020276934402787e+00 6.077790205614531871e+00 8.974636412095239990e+00 6.039697775256806622e+00 1.335942402669832774e+00 9.882088058269545172e+00 4.814699093000943009e+00 2.324593326762530943e+00 8.229322648257547002e+00 6.283251281977332958e+00 2.869357353109225794e+00 9.851109725011239604e+00 5.058649217176403923e+00 5.314310452382503769e+00 3.179843351697489773e+00 4.313558427697716802e+00 1.678431150096681090e+00 4.686953575395858884e+00 8.765282387455243907e+00 5.635298336814890341e+00 5.788676265332647120e+00 1.670825474407397593e+00 3.227997150607733623e+00 3.753521171125820732e+00 6.454390932893157462e+00 2.549469880053295334e+00 5.841482572099982562e+00 4.682310015343194465e+00 4.453738528889769732e+00 4.692287482410553601e+00 3.166453091627573269e+00 5.414027759729751921e+00 2.214756898197699719e+00 7.539144492920064167e+00 7.338889508909023363e+00 5.264864766606923041e+00 1.966585441651955257e+00 4.608135425536137753e+00 9.557194216547824084e+00 1.809471995011785017e+00 9.080202060953270760e+00 7.709862833304050866e+00 1.597085402744451432e+00 3.556604273193062493e+00 2.244619446078216729e+00 9.914385644389563268e+00 6.383676980918608024e+00 6.967238994800585949e+00 8.817404382523136519e+00 9.485933173205797431e+00 7.531937614253128466e+00 7.438984778033219669e+00 6.280405383403817154e+00 3.389350630439737166e+00 8.146917650964805802e+00 7.096006644168632249e+00 7.113114586230039116e+00 2.783389476782559324e+00 2.381048240298344609e+00 8.124307519909175213e+00 6.411261453634802265e+00 1.205001232168823044e+00 4.346930563221199861e+00 6.870092181283116162e+00 7.784617120102916843e+00 4.419373439349242538e+00 4.157908275431877243e+00 4.399965645391591629e+00 4.109193923543663196e+00 4.969685627948686069e+00 6.338129053359208953e+00 3.406233191726095733e+00 1.613587927355908613e+00 4.041698354911753555e+00 4.773297091461895292e+00 9.776509604239741691e+00 4.767455486762466776e+00 9.904281768633762084e+00 3.774889212115289716e+00 4.268788840218864067e+00 2.230839835258876303e+00 9.935708316198306633e+00 6.528065295964838199e+00 6.237902575351737866e+00 6.718061807211077152e+00 9.879863210566730558e+00 5.820299661737890595e+00 8.521694510462179295e+00 2.262634612323133787e+00 5.641482273569441652e+00 3.231043920970334327e+00 1.294266469375177753e+00 2.457519471041094583e+00 2.472769122914133089e+00 2.997773275562222839e+00 4.577614646848157776e+00 8.961821238834854597e+00 4.039557629844532372e+00 2.149132868000279473e+00 9.116681412219792335e+00
4.389842973035170459e+00 6.935882373924723510e+00 1.714528338732894897e+00 5.328404032546530722e+00 6.461932081018618490e+00 2.252231375459327722e+00 1.072860168773565714e+00 2.468446376358680805e+00 8.111185791346498419e+00 9.825222667734331949e+00 2.975011897583126785e+00 6.649808551413733504e+00 7.605512167550228853e+00 8.123765232572138117e+00 2.020016072984768485e+00 1.729792486481814162e+00 4.906655254570853053e+00 5.506890407773258111e+00 9.980373777896526022e+00 4.741034050068435590e+00 3.936535861995214436e+00 8.817758198053564200e+00 8.176808109727105034e+00 3.918566388640281062e+00 8.245774743785252880e+00 9.695561482659966757e+00 7.355617651143298019e+00 1.262460706770351937e+00 1.713544382854847337e+00 7.443461870986161522e+00 1.918128035385509467e+00 4.603232025817158402e+00 5.602880250837849019e+00 1.508089035757216756e+00 2.644299589604512057e+00 2.620129320027894781e+00 2.358709313461845980e+00 9.527110865040858911e+00 6.143448812839566564e+00 7.205131944866705496e+00 8.862441256424563818e+00 1.515482482863094837e+00 1.922544162243730259e+00 5.526556939273311819e+00 5.204435039354414982e+00 6.931183066978706009e+00 2.089292480148333464e+00 8.814492685841877062e+00 1.425860611470687100e+00 8.354776331079712293e+00 9.009027925753407828e+00 3.572960949341688952e+00 1.844847753037370364e+00 9.654441431576467281e+00 3.061264316266326890e+00 9.734575568167514348e+00 3.038839708124533523e+00 2.518711499391533160e+00 7.092943517862355662e+00 7.194715815152031624e+00 2.310679320152419169e+00 5.518328186319672923e+00 4.469702772211152642e+00 4.736423808506527777e+00 4.028650111886241447e+00 8.572943498778473170e+00 2.860874836084927431e+00 6.262400812352598045e+00 5.776190330978115739e+00 7.737629813332559614e+00 7.949581740532663865e+00 7.652948578936796586e+00 6.650878146026448334e+00 2.405964600490002159e+00 9.252047545767853265e+00 7.793222035155308092e+00 6.270761293684251392e+00 7.356606004700355861e+00 7.131916141473045201e+00 3.618713952626188668e+00 9.030202062796206519e+00 4.622964730986696580e+00 2.139314607846590111e+00 1.577422453945310776e+00 3.489294693997154972e+00 8.065574299686712578e+00 3.569260535563381076e+00 8.699992492363472607e+00 3.656135276387058930e+00 2.419375314228590312e+00 9.428588424130932566e+00 9.638692851643080317e+00 2.151952542300178184e+00 2.028882437940911831e+00 2.617465379635297129e+00 4.823921801579380997e+00 4.659213162810123876e+00 7.439392355594504735e+00 7.337819212718944328e+00 6.232629544759185514e+00
3.441907472824630165e+00 3.298596846141705896e+00 1.643313864791939416e+00 9.639820690675215076e+00 3.814804388240122357e+00 3.918030971656977890e+00 5.837010472373785674e+00 8.215998911913651170e+00 2.100251850437073298e+00 6.118368628526265063e+00 1.754419826315419595e+00 1.113268545431180367e+00 3.922941503477353820e+00 9.671790974658854623e+00 8.891346418629392900e+00 3.165517918177479739e+00 6.146891280590494056e+00 2.128009762818816153e+00 9.553846912781834178e+00 2.708701496261534558e+00 7.861672475580004260e+00 4.437810562623138111e+00 2.500903091704524961e+00 5.009554564694954415e+00 7.918016271438478526e+00 1.870149729207198908e+00 7.242998256236889532e+00 6.262151727255258926e+00 7.730740592862450633e+00 3.374876893612278828e+00 9.490249637391581672e+00 2.467957134136942621e+00 3.464984121165808340e+00 7.810174689135683579e+00 8.237121030184876957e+00 1.466663221794143102e+00 4.657480402649518680e+00 6.305820190629362720e+00 7.357335337144861320e+00 9.568310356334601252e+00 3.850740764736523936e+00 4.062238533130469342e+00 9.055803168305844864e+00 5.410446764697745436e+00 2.765551496938376097e+00 3.661342975412512413e+00 1.058194447741503730e+00 7.556019095741019598e+00 5.752998254858603389e+00 5.390628327615137216e+00 6.567450925712009280e+00 6.411569238362837098e+00 8.261966269867013324e+00 7.590743701016195111e+00 6.023458563499903384e+00 9.156180075311473487e+00 9.640057292472512529e+00 9.446463153285625580e+00 9.424748435555853732e+00 2.528058350759244455e+00 9.879240453388293375e+00 6.799337182359883158e+00 8.567505319834664235e+00 1.888071758647096532e+00 5.454847905181217982e+00 8.503365193743654515e+00 6.286095772904954693e+00 3.266507305129251471e+00 8.281421252397590749e+00 4.142616737171849195e+00 7.649116565323346606e+00 6.062348934597150851e+00 2.923717506800795896e+00 6.980139125691973589e+00 4.988028896477862517e+00 4.970424118294630489e+00 7.424488869662530632e+00 4.279850801012047512e+00 8.681931153012712343e+00 1.985595256773825312e+00 9.385795833026680413e+00 3.705844920859670211e+00 7.985917098672906000e+00 1.755127611580466818e+00 4.715280069309892852e+00 9.332514903761447655e+00 4.921405325064163172e+00 4.529178154952758995e+00 7.578600394474600321e+00 1.197737210731775193e+00 2.365788209756039429e+00 4.497220541047781239e+00 9.107995905101800460e+00 4.831885187904470413e+00 7.995630991709945512e+00 8.410093715250283708e+00 1.178561824160377469e+00 1.132132840559840758e+00 5.570067482926104319e+00 9.729604871522347764e+00
5.410059564482131655e+00 4.882831113801190170e+00 8.299524828481601446e+00 6.812385405462013210e+00 5.280943697662431546e+00 5.616747902086621558e+00 2.606384255181590337e+00 6.239312952466089968e+00 5.414881511050988472e+00 5.062591244406458912e+00 9.291833345684668899e+00 9.607712226878019734e+00 8.272016578112360463e+00 7.911621854262134157e+00 3.603395837307425520e+00 6.165243026157050110e+00 1.911901443040039172e+00 7.700837471285804980e+00 2.769707757174828533e+00 9.804381979513113521e+00 7.128311981867239133e+00 5.507908371924448154e+00 7.146718641201795563e+00 8.372579723730570578e+00 8.835602108820420852e+00 1.164494775208736899e+00 9.730814884035460466e+00 4.187438955417027486e+00 2.508805456555398994e+00 8.956005783430407874e+00 6.968899622872868349e+00 6.193035304158110321e+00 7.144072896849918308e+00 5.558246654109220586e+00 6.310178854978866880e+00 8.309651229764533298e+00 7.264307000632244105e+00 1.922364391694728170e+00 6.187319820852478003e+00 9.741319100288718502e+00 4.095737308797575693e+00 7.706291447129332894e+00 3.825294073472615963e+00 4.482084792716307220e+00 7.347773005644677724e+00 1.715213125343412415e+00 9.957799232515197829e+00 4.776872520810769629e+00 8.078825114431635868e+00 1.350636964673189055e+00 6.834808164827904875e+00 6.482876804580965491e+00 8.319336588032641089e+00 3.826474520003884550e+00 9.819539505424346615e+00 4.334769188138610119e+00 9.980145649242539108e+00 5.234343430810254993e+00 9.952713370738145215e+00 3.833941025117826307e+00 6.563356041106807481e+00 1.920314411893687456e+00 2.269941443274047455e+00 4.066518451803452727e+00 9.950579859531821114e+00 3.164447203460326374e+00 5.586544202489108102e+00 8.773383659104949217e+00 1.693137862551295392e+00 8.495635550292321980e+00 8.553866085613369918e+00 5.361521070395015798e+00 1.211614522450316755e+00 7.249835908208337010e+00 6.002795045775459748e+00 5.511199718750707355e+00 3.938822922072613864e+00 6.943591298594039785e+00 4.181388689689631732e+00 8.487717968171036631e+00 6.721979879873727803e+00 1.432257888504310905e+00 9.059311145049358416e+00 4.841765403497744202e+00 2.934036490593418200e+00 7.401073562931489214e+00 9.522489792006060938e+00 1.040227220996714275e+00 7.652393730051208820e+00 8.219170254894066829e+00 1.632623806170109937e+00 9.577808406938620678e+00 5.940079069932435729e+00 6.372970430427008282e+00 3.482819208551503731e+00 6.695867129370911108e+00 6.360641166221903120e+00 9.891960854922100310e+00 6.858713982212590210e+00 6.827400936217062011e+00
6.886553062797757363e+00 7.442900227703871607e+00 8.558208196743239071e+00 2.510279148300216256e+00 1.074728229342796215e+00 4.101997076677147192e+00 7.478624694666906159e+00 6.146256242101372891e+00 8.171894930426027770e+00 6.008212137743892178e+00 2.405683160586165048e+00 8.718280090159723272e+00 6.617399069052479099e+00 1.373817816568185579e+00 2.301129875790735912e+00 5.165344028178786573e+00 7.424965835918264645e+00 6.576351665440384409e+00 6.214378013442242832e+00 1.671172756296746442e+00 9.749622444527103582e+00 1.948802603282745238e+00 7.557172635566110408e+00 3.778566402993609685e+00 6.103329199130773652e+00 8.755706614210229333e+00 1.978060480509025165e+00 3.793132993753765003e+00 5.398033110464364626e+00 4.195034420231011474e+00 8.355532905994792259e+00 5.493234412507597142e+00 1.520447605445017114e+00 6.900303997012784407e+00 3.595984386610093786e+00 3.539834454656806795e+00 7.769589926858300188e+00 6.398270254605549212e+00 7.443325886092431176e+00 3.003291841832149256e+00 2.700767011138854201e+00 9.228582931850381144e+00 3.089681216683362042e+00 6.612887277383215689e+00 1.061941993721482014e+00 3.508429508005642017e+00 6.341891582750638356e+00 4.575743944314426770e+00 3.449776411646266805e+00 8.596639418962348955e+00 7.413067902631218509e+00 1.639863788000035960e+00 7.556591785311053577e+00 5.470261539973551912e+00 6.406776584046961709e+00 1.243210182720944967e+00 6.439687440788684825e+00 2.172167688067761837e+00 7.129251995897751826e+00 4.118323874837020782e+00 1.364920198635374726e+00 4.650059001935101577e+00 6.896164991790904253e+00 5.759554601085818959e+00 4.189004399984064264e+00 4.132910773566556450e+00 7.389540721513696120e+00 9.239168895092209510e+00 4.621434484544829857e+00 5.769770815504800865e+00 7.546380890602527813e+00 8.135037506037033239e+00 6.793992895662361420e+00 8.077430842039710512e+00 7.523542929265831347e+00 6.060592883215721649e+00 4.949072757718520066e+00 6.536951212001110179e+00 6.207773294003379405e+00 5.212643978996694294e+00 1.875567090756699251e+00 6.499648464446764251e+00 9.064503775037444200e+00 1.484971727406246611e+00 1.752249550080712259e+00 9.149365515683157923e+00 2.250832152095489036e+00 7.910948477253635147e+00 5.629823019692478780e+00 9.600905150822431011e+00 8.989970425039915725e+00 7.012832273562021435e+00 4.836141125099246096e+00 5.621451705881534089e+00 6.299077235566874045e+00 3.962323085887323959e+00 6.125222983797049991e+00 5.047887396753773182e+00 9.171931901474659199e+00 5.136632592813079157e+00
3.102425625606872739e+00 8.145177669018828226e+00 7.618878922977149415e+00 1.590901937135845046e+00 4.521957762051929564e+00 7.611082616840178616e+00 1.902524819564744618e+00 8.735500321721183070e+00 1.771658870948906728e+00 7.702170457051225938e+00 7.353075465707626712e+00 8.557857135003382965e+00 5.576146796730764521e+00 1.061053098618462087e+00 2.446064546564665765e+00 2.073229919381590847e+00 5.072508721541812982e+00 7.296172875557100035e+00 6.595123444708996807e+00 3.992685473412177721e+00 9.340648173222160011e+00 3.255718204285536377e+00 8.914166688341641276e+00 6.570167088419319512e+00 9.210837573446566395e+00 4.885513092306885241e+00 4.712907335118083907e+00 5.825139888677416167e+00 5.869294891801845715e+00 4.522302128513471686e+00 9.097786319831516977e+00 8.487916655121470200e+00 8.591768752112832530e+00 2.124221625390934953e+00 5.951995681916402603e+00 1.334314565058731805e+00 9.698331748245699657e+00 8.204692935734813730e+00 9.190732152949614431e+00 4.933409745021049453e+00 6.528985503615025721e+00 4.548768439642856265e+00 4.414848754128000152e+00 9.069754020300223374e+00 8.690893748012577191e+00 7.987212858348922140e+00 5.432795259058791792e+00 2.717545530465797388e+00 7.985610550192219215e+00 8.366351788851314808e+00 5.674584149891609641e+00 7.173009094220817339e+00 9.380805504656986926e+00 4.303034710671888696e+00 4.859191995788348706e+00 2.078364535841363825e+00 4.402494911340093076e+00 3.375028059594450625e+00 4.072886226597520754e+00 6.759742408454800788e+00 5.515150015327193955e+00 2.593411101113634487e+00 3.980508437749108008e+00 1.349061566937034717e+00 2.253276911758939960e+00 1.063823467907549558e+00 5.553052985970651889e+00 8.637172530331335807e+00 1.641723224637003931e+00 5.967677257167636640e+00 8.960007469851436923e+00 3.699792434848104161e+00 5.613165957511967008e+00 5.453955427479842299e+00 5.171548136844642762e+00 6.802320709774685170e+00 2.386794238083259856e+00 9.719046777344725996e+00 9.682419468706916277e+00 6.999952422258590268e+00 1.617853136416213644e+00 5.963571344923230377e+00 7.255485820243349870e+00 8.010510287227788240e+00 9.106562301393759995e+00 3.360634598490154890e+00 5.850230225856265065e+00 4.397776748599561358e+00 3.877634710421770770e+00 3.245314931239199119e+00 5.970420989500459186e+00 6.305343823866674136e+00 1.647351772451816743e+00 6.550449814167344620e+00 5.960881384060519039e+00 5.803132815347623819e+00 5.774859859697499154e+00 9.885778371846539514e+00 3.166640651495565173e+00 4.636625671882137034e+00
5.966869747804064872e+00 3.910279703029554632e+00 5.969328082252575385e+00 5.380106118141290139e+00 3.295016250253713697e+00 8.959761475805894548e+00 4.249950499061817766e+00 8.541445271438616871e+00 9.856763014974401216e+00 3.408048988119942280e+00 1.214342997124116197e+00 7.521327764869922383e+00 1.205567146920965893e+00 9.762561201845461056e+00 2.911509783831391474e+00 1.282399114689485753e+00 8.321651185389333349e+00 7.356692964748910768e+00 3.438068345610092891e+00 3.719673218796723635e+00 4.466408811681155555e+00 7.904943301509491427e+00 5.409101308096400551e+00 2.984262699155484810e+00 8.882940787684674433e+00 6.599721525631530028e+00 9.149210330488964260e+00 7.171855915748623467e+00 9.718212001453560234e+00 5.145856149086167619e+00 8.368696316542836300e+00 2.891456737778243635e+00 1.301449525884999181e+00 1.289835756799248667e+00 5.020985323480458007e+00 5.514517205690887991e+00 5.405265593587100348e+00 8.777277750868140771e+00 7.593750460831517834e+00 8.252128691271362726e+00 8.628402894968658643e+00 3.134135584083073134e+00 5.657501581230900634e+00 3.968169926418001037e+00 6.018402265473151935e+00 5.557372632295139780e+00 6.338507204175202858e+00 8.845460533270083303e+00 3.022792669211681105e+00 6.550494189149199009e+00 9.902552994935687636e+00 5.949078513320258388e+00 6.001403920278035820e+00 1.808450984587544053e+00 4.440647705249407551e+00 8.377003590385619702e+00 9.837306663295803943e+00 3.208581496720226411e+00 6.522368422462289317e+00 3.908871963456592269e+00 6.673762218933338985e+00 2.173001236432336114e+00 6.620521245626822981e+00 7.061767998495226628e+00 8.090878426321374661e+00 9.963942399299773101e+00 2.886406477651871860e+00 2.874555913493673120e+00 6.908688882341891713e+00 5.746268379969271756e+00 8.879914258723971443e+00 5.977978059604239114e+00 8.724050561169958584e+00 7.952379670823185087e+00 9.675654134879263069e+00 2.170804980130169426e+00 9.626565847764183559e+00 4.407461759572307791e+00 4.904704958658303582e+00 2.303371269615586137e+00 7.932103583571140426e+00 2.422456507898666178e+00 1.044962536371414785e+00 3.640399666227045472e+00 1.997608411762665126e+00 3.208267285093550747e+00 4.894138882345537844e+00 7.318707644520817901e+00 8.564022403787795668e+00 2.784060014531912763e+00 8.412880150019052650e+00 5.647009088019231626e+00 7.849469266899575359e+00 6.041655304023522355e+00 1.442510179498405432e+00 9.800569994567036147e+00 1.229774530599314186e+00 7.703690002119053304e+00 9.549862415279324779e+00 9.873917296067988403e+00
1.498007089593731189e+00 7.022322681518121001e+00 2.997537290282796363e+00 3.365104099273807936e+00 1.788900465357126102e+00 8.555748454848513873e+00 6.367021168415801569e+00 2.301228570843167454e+00 1.810105823639096334e+00 2.375633855945223250e+00 9.843485751863772393e+00 2.516130712682543624e+00 8.218342470035976177e+00 8.851423813449088129e+00 1.902752013743076009e+00 7.090047091429353188e+00 7.162050202233814389e+00 2.395515842408305840e+00 5.871997569907151160e+00 9.987753921972846172e+00 6.591795345562640129e+00 9.517476263037893958e+00 9.687191971004072144e+00 8.308172270625302502e+00 6.782624592024625976e+00 9.003904834437536309e+00 8.748847369364789017e+00 2.085931111720494613e+00 7.512949063157805973e+00 8.395869837806241520e+00 2.586864717817741521e+00 5.260891092006481529e+00 5.685211067865306944e+00 5.045112119642560344e+00 9.671145006602889893e+00 4.932684646774276871e+00 5.160376198987830954e+00 7.330953339576409711e+00 5.732840596448697923e+00 1.808367718609814379e+00 4.954371729831929194e+00 7.607222265044657483e+00 1.651431618568829141e+00 4.099319878133187878e+00 9.457489478324038856e+00 8.367476977772280833e+00 9.705908320817524526e+00 1.703203696102448594e+00 4.544392710064801832e+00 8.884709802036805826e+00 7.297525184795760289e+00 6.233139219885225124e+00 4.583445918864288871e+00 7.675203939867200731e+00 9.114844716749173514e+00 1.689561311065185478e+00 3.545311883389385521e+00 6.625938484242517745e+00 3.156372781143594430e+00 5.693736248339861028e+00 7.527440306808262704e+00 7.142596010580455790e+00 9.492029558827788094e+00 9.596169996911054767e+00 3.415033789019692900e+00 8.620110025365885775e+00 4.018046000326650713e+00 5.168048069362452424e+00 6.774872310656832042e+00 9.379600315707005365e+00 4.499704054849447132e+00 7.078552600510383819e+00 1.461670327623191490e+00 2.038875593697324629e+00 9.830786531004235940e+00 6.088023682299303019e+00 4.553277573443734738e+00 6.288198375193505107e+00 2.962779162230340102e+00 2.427513817522531703e+00 4.261607987190433988e+00 7.644214082177581027e+00 6.013602608576529285e+00 1.958348487106036373e+00 6.278119078750967752e+00 7.424545957339990565e+00 9.029914117073207791e+00 6.326339306591838962e+00 2.682260819658513817e+00 6.091378063369875306e+00 8.748248191509549798e+00 4.369352027630984736e+00 6.918597122465078186e+00 2.178646524043937660e+00 1.506169415214443585e+00 4.040492953193824732e+00 6.039633967490153132e+00 1.532533588786200607e+00 9.520427642981356797e+00 6.051100051621087772e+00
5.475197904198895849e+00 1.667435449426736938e+00 6.339635153407887636e+00 6.626300605151420164e+00 1.735423903535775469e+00 3.578336010480410945e+00 6.883416286416101926e+00 7.614508638852394817e+00 5.475216232132372518e+00 6.749137663979405843e+00 8.204974739440647369e+00 3.390151428409208911e+00 7.613950858614543904e+00 5.460507654537248179e+00 1.281367128523345222e+00 7.147803678268397576e+00 5.605622242116264253e+00 6.780356727272018880e+00 6.406950313071253511e+00 9.154672450868590161e+00 8.645618748691447308e+00 1.086831641861480957e+00 5.819557814457994027e+00 4.108151365589709059e+00 2.167587597047623049e+00 3.083243797216982607e+00 7.626182805920145746e+00 4.058167503565649703e+00 5.797245441912328268e+00 9.299841704660522623e+00 3.295069939531761083e+00 4.639077790568041593e+00 4.086498053848046652e+00 9.309291069935294871e+00 1.499114245446086180e+00 7.552448378520107752e+00 5.996247526132194139e+00 9.648770012112132477e+00 2.248013988448037459e+00 5.360104943394616406e+00 2.879247881186904223e+00 8.154098529303121623e+00 3.693414219523928566e+00 2.284096169943136356e+00 5.459955931605261270e+00 3.958710048817967397e+00 8.594417881299783346e+00 8.160200301928565381e+00 9.181558271313052799e+00 7.969859294292565899e+00 8.453936118414812739e+00 6.985071092954753702e+00 4.637162479028484441e+00 2.843724051164039590e+00 2.402395055151636871e+00 6.943033409414673507e+00 7.032745762790209909e+00 8.970649105339507656e+00 2.123757344013608162e+00 4.331450104448675731e+00 2.328958253123618594e+00 6.579780153496616713e+00 1.639528384232995961e+00 1.287529109650340065e+00 2.015091322207878566e+00 7.945296102843846242e+00 1.434678641468703386e+00 3.939353552394813995e+00 9.765055953327259175e+00 4.372350535970972452e+00 8.543996697273254171e+00 6.871490835984783274e+00 7.823293761089606946e+00 1.166386424022931578e+00 7.252539568639067014e+00 4.580770253258835467e+00 2.336285644683736784e+00 3.392778808208321895e+00 8.336206257102098505e+00 1.717306567650755067e+00 4.777502144184600397e+00 7.616785136640002563e+00 9.752673685190048403e+00 5.860376247992879151e+00 5.378837361910323800e+00 3.724289472015201774e+00 1.370092717908624635e+00 4.003730209590073308e+00 6.982072559026843095e+00 1.027757491613942253e+00 6.258487550785264197e+00 6.435770372376206971e+00 6.204534918785737929e+00 2.787367472028246862e+00 6.481772312280389414e+00 1.017574379198638024e+00 5.205484941926171949e+00 2.447085180874939869e+00 7.082134065229682029e+00 5.267654615720903877e+00
9.805566297214960869e+00 4.412320513547336454e+00 8.288855595924587760e+00 6.170307711114278781e+00 8.476816423825731306e+00 1.412100045740145582e+00 9.202265430324329643e+00 1.144920242574219760e+00 3.969774137534810787e+00 9.554914170411745289e+00 2.557305397683605541e+00 6.085063564451051121e+00 2.101430972991862767e+00 8.023823057909730494e+00 3.430404062119543518e+00 6.224433822610229150e+00 3.775812221733097829e+00 6.581644536479844376e+00 9.204157323294596793e+00 7.575019482717610941e+00 2.875657488385329419e+00 4.163220224304708950e+00 8.805581345779401659e+00 3.805699966690399449e+00 1.207037097948261639e+00 6.242369999085676469e+00 9.654300753089406939e+00 2.409073298674855756e+00 2.627637663538221702e+00 8.944784280549281874e+00 7.440116410725642559e+00 3.737324516956132214e+00 1.507546703624815798e+00 9.171826958713602096e+00 4.575065673548509793e+00 4.865720998038540301e+00 4.865391351586196400e+00 4.501024100495163438e+00 3.585312685958084167e+00 5.344777478828061312e+00 5.329803335622439242e+00 3.471380539701002466e+00 1.201296575193034677e+00 6.992306484814838186e+00 2.685261998320492616e+00 9.776434823608907365e+00 3.668094626007539105e+00 7.663099715797830669e+00 3.483015770081907991e+00 7.943983038383745310e+00 3.944076640810739942e+00 7.763486796885263885e+00 2.946707368286233475e+00 4.551162068784122106e+00 3.237291431107929718e+00 9.915781274927308431e+00 9.806691755035654268e+00 2.967724937732127533e+00 1.659284404222985732e+00 8.045379731874593432e+00 1.083681448432652461e+00 4.777554387169887562e+00 1.139030400473362903e+00 9.718386347310131512e+00 5.536721495412654903e+00 9.996344078272645817e+00 1.010641122761070765e+00 1.582180958218188938e+00 5.414715074487340907e+00 3.474115282542360905e+00 6.086632285935129616e+00 1.488992751435704420e+00 1.056434026237456525e+00 7.060234912171556410e+00 5.894811694585056827e+00 3.019255973984782848e+00 9.180730506114201717e+00 1.183707822495280837e+00 4.396208547799373534e+00 4.451980620378584774e+00 8.749535836002911182e+00 3.840028838822529433e+00 7.492112396069120273e+00 1.025939426365773066e+00 3.417782777790091764e+00 5.368940792646844429e+00 5.986009593780132754e+00 1.778470598577031048e+00 5.374754097328594327e+00 8.423225734782674223e+00 1.193610769419638284e+00 4.683086197360161407e+00 5.519172836063440890e+00 5.643636355553304895e+00 8.891082718843289712e+00 5.849798005983277704e+00 5.276562290668024069e+00 5.061591956715549401e+00 2.653507946371312265e+00 5.474860265533932235e+00
7.430828748725145871e+00 2.675917722951332678e+00 8.012055766204944973e+00 9.822607777241199045e+00 9.701356118524685712e+00 7.169508647162396109e+00 7.527871242164068555e+00 4.110574859262055014e+00 6.332921366129586005e+00 3.118541316197911861e+00 9.773088241567849721e+00 9.750988052245366688e+00 1.639951300373181819e+00 2.680987623670435305e+00 3.968974555010114980e+00 9.282569906209390709e+00 4.728486449688035442e+00 3.167620635606652968e+00 7.982143924588638306e+00 6.589469332553340664e+00 3.593312143704957329e+00 1.177701436049589212e+00 2.620081286453449732e+00 9.965051326282900135e+00 6.115865721952618905e+00 8.119486656553350556e+00 9.894233522086434363e+00 8.364248697455767712e+00 8.890644297158278420e+00 5.241376508832340519e+00 4.613603165638122228e+00 2.235786456138048273e+00 9.221589548063702679e+00 8.201412357336653969e+00 2.880578122482336578e+00 9.957919354357956720e+00 2.647382527077984715e+00 5.626063908462739072e+00 6.292932076683758424e+00 3.762233578923850796e+00 2.751849219781571154e+00 5.064105284445506783e+00 2.913521595205245784e+00 2.662954855323350412e+00 5.541289868003815400e+00 6.505698819848550585e+00 7.052735551908956069e+00 5.027182763670242416e+00 5.718483353216644360e+00 1.747558240464412105e+00 7.853522777618865192e+00 9.442843283156605594e+00 3.845980109059177199e+00 5.641996383417076544e+00 3.161160646352937587e+00 1.664152565184769061e+00 9.612893219950509049e+00 7.002724358376793745e+00 6.022593523565056728e+00 4.652967492483072398e+00 1.394046104391118091e+00 7.522508559935587868e+00 8.192342476810281937e+00 2.970031886074039562e+00 6.998888287797312202e+00 1.031822603782134529e+00 4.260972818300528431e+00 4.075526068120427503e+00 2.139435088310182032e+00 9.667316457471805791e+00 8.562856363228064538e+00 9.994868830725723186e+00 7.599942794764334764e+00 4.201588579874698581e+00 6.157044225826458828e+00 1.108320600576943260e+00 6.219773899022222885e+00 3.260603112008849003e+00 6.863568796005214523e+00 9.611430827578750780e+00 2.297280193772183843e+00 5.796385753248242345e+00 6.189698411041552717e+00 3.064468154905763075e+00 5.581099302421310249e+00 6.325164193836577908e+00 8.749016948050387654e+00 1.460857283173365051e+00 6.364436472309275672e+00 3.675470087063906544e+00 9.065392443536341105e+00 9.184032192708468045e+00 4.600625717925270308e+00 4.080323823314881082e+00 4.537086717792183421e+00 3.788328238982757501e+00 6.198504872416984668e+00 4.725321051154468321e+00 9.436350945782775668e+00 5.523716413633074751e+00
6.870728733175504033e+00 3.257566418153632348e+00 2.916487402604747370e+00 4.451685426571820869e+00 3.511256833252012211e+00 2.814237355979266830e+00 4.672906101958099967e+00 6.240127971209489033e+00 5.107923667947043000e+00 3.968566456281554800e+00 1.402057197598423288e+00 6.629102191544693490e+00 3.651693687092791851e+00 1.424467593753106165e+00 1.725774309111315130e+00 6.499979504057193935e+00 2.235839738475777327e+00 1.467940056487156975e+00 3.157481372463597058e+00 2.985406155965879105e+00 8.614887304240472332e+00 8.817474412735670342e+00 6.890642564215260890e+00 6.858503451602284251e+00 6.325736277666227814e+00 9.703049843382741457e+00 2.268631846687044984e+00 9.751534994074987139e+00 9.634035149455394631e+00 6.912970023447039480e+00 6.312936210403212733e+00 2.084860658954019286e+00 8.068551694663227636e+00 2.240632665592081185e+00 4.757858207806240358e+00 5.329085110567794104e+00 8.931937151755970916e+00 2.859814371513769604e+00 6.888993777136488639e+00 3.746682499357293583e+00 9.704256178805049871e+00 1.191077510840625298e+00 2.720630829306568632e+00 8.022406371795128166e+00 1.985929948805315703e+00 3.850145905929974965e+00 4.354302675924586197e+00 5.798166777711432296e+00 1.052326217529889973e+00 9.592715292639613978e+00 9.510473680710669342e+00 6.409275370824532025e+00 3.250449209878902401e+00 5.497060440219402544e+00 8.545947109161758704e+00 7.771192183947601251e+00 4.891029455850359753e+00 3.766922725132099359e+00 9.116767308060129693e+00 1.944555731509973517e+00 2.960567103023123092e+00 5.122359511765664841e+00 5.387257226744616823e+00 9.144017629919140688e+00 5.833039178576763462e+00 4.223895187501469195e+00 5.538969084232448381e+00 1.806488457910798484e+00 8.284230321102633354e+00 1.164642018390539047e+00 4.178123906522807296e+00 5.359391686808728572e+00 6.144879215085371271e+00 3.232478661595632907e+00 3.988638675472721218e+00 3.858954648394498754e+00 3.418749255436289936e+00 2.124819209466775938e+00 1.204146012656041487e+00 4.866632791289898563e+00 7.644114519617383863e+00 3.751174786885393075e+00 5.715246600025488455e+00 6.025128375436304751e+00 6.076988353475817561e+00 8.336082525636900442e+00 5.511376390694372240e+00 7.832769830997044380e+00 7.882560530255893205e+00 5.919521715581832488e+00 4.711031462520073987e+00 6.898697757705264166e+00 9.699389711542499626e+00 4.797377222902049709e+00 1.306047002868270912e+00 8.937072818144994102e+00 4.977272895281858567e+00 2.853238561480893942e+00 1.778682709146949037e+00 7.878306384364293535e+00
2.359690634249187902e+00 9.115696452217489920e+00 5.974216302499584685e+00 9.721955131710309672e+00 4.379339877131977588e+00 7.493954663363933122e+00 6.941523796520534084e+00 7.718788525136114131e+00 1.195419448657665473e+00 7.762510937134214473e+00 4.950691719737248420e+00 1.792218614464339055e+00 8.942460699744415820e+00 2.050169132739680045e+00 9.491654862556657690e+00 9.780642949377993389e+00 6.762855831795993922e+00 8.707582531271560455e+00 1.550605333246600326e+00 9.025687592772660750e+00 5.278226757359071541e+00 6.918264988386287229e+00 2.068400364780371703e+00 2.968137178342519444e+00 3.247808927270398272e+00 3.987527014761910849e+00 3.772896760781045522e+00 4.376378796431614759e+00 7.556376803097291095e+00 1.267628126953389778e+00 6.239421759565628278e+00 4.359207572093012573e+00 2.985228292287240848e+00 8.526412301499178170e+00 3.908686450135007817e+00 3.179753199217586257e+00 2.209970059466340064e+00 4.783213444819164550e+00 5.524975336897649747e+00 1.626329032003540398e+00 6.419108907144815745e+00 3.925136794529042739e+00 8.758791460249863547e+00 9.775058087890132086e+00 3.283320688329947501e+00 3.577539288918099025e+00 4.083390923777746373e+00 9.627175616454062279e+00 4.368925627840497761e+00 8.565981643191255657e+00 7.099143096916696649e+00 8.700606826318116660e+00 2.101878777557612210e+00 5.226196351131815909e+00 4.132474388579177926e+00 5.400167813627418489e+00 6.746756988029492419e+00 2.703192568243998117e+00 3.190721093297425703e+00 8.487268362173010061e+00 8.876795782267164370e+00 7.599601978405426728e+00 9.974364495679454379e+00 3.409650254416744630e+00 5.348468406322716362e+00 9.131370395957235431e+00 2.750094640767394516e+00 3.606494028767073257e+00 8.557170213388324953e+00 8.441503435986891901e+00 4.009870712563963657e+00 5.286058796744786292e+00 5.279367122195338879e+00 9.147619275141122941e+00 7.412363262644262818e+00 6.698914263890499932e+00 1.956248938886421485e+00 9.980474437379182717e+00 9.958635929117724217e+00 2.624652850148454064e+00 1.810975388839185962e+00 7.242202411484493396e+00 3.578121410305948213e+00 3.272289954493836195e+00 8.521740756605048261e+00 7.979228695313707043e+00 5.386296042231101922e+00 4.375179282096168798e+00 4.468741776931977050e+00 1.797663891529495572e+00 3.408765731158260870e+00 7.402930498726265185e+00 9.025115503792532579e+00 5.778976257380772807e+00 5.474687005586418742e+00 3.100408678582567745e+00 9.592107492926874812e+00 8.914802075484500321e+00 2.215353374034524148e+00 5.138968985140005330e+00
2.840116864934906893e+00 7.355680596738954691e+00 2.603334461586886306e+00 5.059633044321989459e+00 8.147410410487740506e+00 6.056697839653791604e+00 5.431236534262536608e+00 6.182338105463425215e+00 5.970100294906719007e+00 2.013466572245369512e+00 7.784306592725426910e+00 4.106191460226139789e+00 4.708381482764750992e+00 4.966382225994477650e+00 8.331574234399061751e+00 1.181726868560871502e+00 1.700412338229371212e+00 7.456145025422910244e+00 2.199990022261472333e+00 8.658160308124509541e+00 5.379847734848614671e+00 6.602680184902994576e+00 2.502603350173300711e+00 8.841508330705721619e+00 3.685701112245554079e+00 1.937048489812958296e+00 5.934371931890426666e+00 1.414986685006677902e+00 9.563553678827892313e+00 9.706907582562223524e+00 9.767895886036582098e+00 7.325492651834359492e+00 7.089575718054764053e+00 5.993173050332255336e+00 7.309367459350830210e+00 8.878399445702980231e+00 8.956892815675077557e+00 6.268664790527747499e+00 8.303511855906695160e+00 6.692125639791708380e+00 3.229517985890801413e+00 7.730865130069570768e+00 4.603309369646074067e+00 8.646104703515380407e+00 6.754098973721778698e+00 4.159819142023739147e+00 3.382195219218891769e+00 6.716954541101424425e+00 3.979156639354783476e+00 9.220913372908579930e+00 1.522304284266905672e+00 4.883498552763256839e+00 6.304978132198497676e+00 8.702525700218181726e+00 4.511880473556988846e+00 4.153031022354522150e+00 4.770808539210790400e+00 9.065830576198040447e+00 9.582003908353591726e+00 8.781848759765967571e+00 4.806130613117073125e+00 4.322908707508029913e+00 8.151860920991557791e+00 5.841179765219604469e+00 5.605043275082990384e+00 6.717306389819774459e+00 8.796238993501678038e+00 6.899109339888110703e+00 5.105102378440928845e+00 6.017276511833873798e+00 7.157390289819076656e+00 8.605176623780518952e+00 2.623892097832303705e+00 1.230063029523890128e+00 8.725560238147888725e+00 4.773856568268604939e+00 4.871793495061901957e+00 6.807130687637524602e+00 9.666896896019824936e+00 8.375286484105068041e+00 4.028582828104770641e+00 6.375366603214978056e+00 4.479345433828788359e+00 8.006000913953485565e+00 1.990355817744491329e+00 8.168679963651266362e+00 7.492836040192415226e+00 9.977327675576432853e+00 8.100514287742104358e+00 6.020274226212232627e+00 8.516963446739042709e+00 9.010933250896382418e+00 9.156118159686268854e+00 9.639904294225573267e+00 3.826301646131532674e+00 4.937875324205316829e+00 9.314380912076151375e+00 5.981257392654007354e+00 2.370402444526733099e+00 2.454520191360049175e+00
2.679084628214116748e+00 1.318312638060350039e+00 1.748646574631273820e+00 6.867372682352965718e+00 7.531985177313258006e+00 9.239235965004160889e+00 4.538304937529851202e+00 6.064205513929002755e+00 5.863854548257732446e+00 2.837333991229624264e+00 9.141900234866728425e+00 1.280634784270224813e+00 4.269331964587392392e+00 2.906018517922474231e+00 3.581505816853812973e+00 9.984327751245166027e+00 5.601923712924413046e+00 2.653690930131848980e+00 6.499807145269839381e+00 1.506150980048634791e+00 2.671987547415643593e+00 5.577841817228228471e+00 4.862417322145562437e+00 2.198207811615086715e+00 4.421762537474616117e+00 2.403666179992161034e+00 7.531931389792756448e+00 9.544560651060887579e+00 4.461169901373359004e+00 1.378169780090863661e+00 6.454624861341228481e+00 8.637630419718847818e+00 6.281123976308310652e+00 6.211172281367121073e+00 3.178163864304179853e+00 3.066606075995046865e+00 1.633731675849637188e+00 5.761066275413202931e+00 3.014195186439842633e+00 8.211185059611064929e+00 8.120854233301630032e+00 4.825972715019195114e+00 5.774569754915685138e+00 5.110782836824869335e+00 5.292364016421608142e+00 8.063789023091811003e+00 3.648304719094248583e+00 8.003223391324583602e+00 1.602039394844368747e+00 3.848591760343987200e+00 6.436834696331283467e+00 8.506196014283247564e+00 9.299123074119989951e+00 3.706187489196377083e+00 5.940762067542188163e+00 6.440167497910191052e+00 9.159711636152630732e+00 5.201844549946430085e+00 9.026333362045464881e+00 3.957936395549850328e+00 5.087259104454590286e+00 8.807733095215947827e+00 8.000605376944498914e+00 2.955481559532069369e+00 4.021159285319628296e+00 6.468876542877540992e+00 2.057123600560744503e+00 6.549150720468959186e+00 8.539056995338597744e+00 3.843793816433611177e+00 4.892567911780935752e+00 4.659196884824722495e+00 7.259500849772739350e+00 5.603556560813562015e+00 1.746916916733636915e+00 3.668653037706095521e+00 7.534039121159651131e+00 1.432185133387965159e+00 1.534776591848795002e+00 8.677845529676007530e+00 6.950647851395791221e+00 1.771046815765239479e+00 5.085639608003948986e+00 3.405456423848721048e+00 3.726654466521275744e+00 3.667026746578537999e+00 9.656329911103215480e+00 1.663614288026074028e+00 6.021925543992347585e+00 6.794262164501151169e+00 3.201177959913424242e+00 9.137148837687714575e+00 1.504381626746856160e+00 1.412978959527291689e+00 8.326946588950807637e+00 5.178842807247002966e+00 6.974879880918838815e+00 9.999920218596693999e+00 3.689101693760631573e+00 7.135987833392777979e+00
6.606329759899996823e+00 6.631195210672916396e+00 6.554845937458599892e+00 4.688594605253708636e+00 2.216745211335100052e+00 1.164892991230499497e+00 4.677548403428814616e+00 7.516101827393959489e+00 9.238596383488056674e+00 1.593805530048155727e+00 3.029075267506723179e+00 2.196870160439790887e+00 1.219970984000896985e+00 7.239302040434504981e+00 3.152646210284740125e+00 7.273114998768829942e+00 1.682002547481044719e+00 7.453084567935539084e+00 3.125362724089926658e+00 5.949385561901802788e+00 9.211078068050245093e+00 7.443985934766660151e+00 6.583159671835693949e+00 4.461549909033024619e+00 8.080131135222746508e+00 2.840671824382516419e+00 4.396605918208848607e+00 7.017497504601927893e+00 3.493859251178129455e+00 8.443763870033974328e+00 2.950733538590051719e+00 1.157239124230804883e+00 9.088973716444872508e+00 5.663046203467515305e+00 3.452835736457407823e+00 7.519800797249754254e+00 5.959608518203965311e+00 6.965437595367822254e+00 1.663683024675945976e+00 3.501129709554927416e+00 6.218593934621197583e+00 1.798393768213917498e+00 7.707887843190543542e+00 1.480707423522840127e+00 4.866878128374747980e+00 9.734241694438823700e+00 5.819395416361045292e+00 3.758353638140625730e+00 7.936019557274638814e+00 4.614976897479465379e+00 7.276283249259313024e+00 7.901077050498146903e+00 6.146931818285493065e+00 7.431904792207951971e+00 1.716019189003752388e+00 8.593174126400340285e+00 5.321086257644779494e+00 7.533283330085706275e+00 5.399644400880178274e+00 2.848649628411382473e+00 5.530798109405266949e+00 8.878850449992137683e+00 1.616619358533856632e+00 4.374741791867790219e+00 1.007109562188225782e+00 3.488545812134128177e+00 2.831604599546182932e+00 5.704119187596904617e+00 7.175199499294691030e+00 3.553836076628598128e+00 9.224155461910054754e+00 6.530846187691967231e+00 5.134039389205795167e+00 5.708353508880217753e+00 9.454094933797462019e+00 1.677377740158552122e+00 5.928318650709272220e+00 9.629582787126031107e+00 5.094187184885464070e+00 1.156498874785133690e+00 9.642449656378135003e+00 6.291486525384785367e+00 1.745044736525378726e+00 2.761479377150592995e+00 1.026055988610958813e+00 6.942559705148575233e+00 5.360892444651114808e+00 9.490204579436921861e+00 9.186985066890285268e+00 6.843986591683547616e+00 7.705877447748166631e+00 3.099577887299735934e+00 6.430180998490408584e+00 6.622610409469203319e+00 6.056931368020331163e+00 7.586254526845906732e+00 9.638098907030354212e+00 9.656690660729736919e+00 5.953203038647822964e+00 3.664780070649619859e+00
5.642243638052829802e+00 5.967502985034577989e+00 2.945372571477684609e+00 1.989662235960316661e+00 9.928856784087688681e+00 5.710521252174736162e+00 3.423134443478859090e+00 8.013877338205448453e+00 5.981767259195279962e+00 4.048134621457652571e+00 9.593036508330412104e+00 7.502230204062370511e+00 5.918051247544603655e+00 9.846644022774727389e+00 6.497657579886934265e+00 2.156488364294104620e+00 2.725025916092676859e+00 8.738339677225717139e+00 4.662357252115681305e+00 3.249494478775661221e+00 3.088845807653347819e+00 5.418166121745702668e+00 8.300852525825698436e+00 5.217887356264752974e+00 4.880950841373284277e+00 4.976910224688509743e+00 3.589198898061027876e+00 3.865566404685860658e+00 3.510243711876064765e+00 5.770288221221622216e+00 5.814485854446039603e+00 4.727662215002117030e+00 4.125792383052885981e+00 4.590127704795975205e+00 3.465225063745397183e+00 1.678000716779532109e+00 2.769828680929282250e+00 1.554110340577913973e+00 5.230555693990933896e+00 7.977818303979356429e+00 5.552950708176774164e+00 3.647142105199693507e+00 9.834948808239076357e+00 6.486580571825461661e+00 7.715572315577466256e+00 6.343037249519497323e+00 6.125738236922797952e+00 3.517743635426042736e+00 1.427349333492934358e+00 3.406890989192858044e+00 1.200088428142424668e+00 3.595163927851412033e+00 4.974963433744797214e+00 2.799215619773854691e+00 3.833205137531776607e+00 2.692665750693997939e+00 3.957514603798588215e+00 2.058991477212154919e+00 9.444393813877439925e+00 8.241611979078214745e+00 3.267448988938925325e+00 5.062550582172597124e+00 6.681682762097024941e+00 3.933938297376676996e+00 3.460913321749765181e+00 4.259419065426697237e+00 5.311666406531313278e+00 6.532935173527477879e+00 9.662725984903291376e+00 3.189965826903748969e+00 4.274511029139832274e+00 5.899669741275791246e+00 4.605875398415548716e+00 9.135309128001569690e+00 8.600383647670732046e+00 7.792639219225323544e+00 5.092566025631152904e+00 7.912981958630205703e+00 5.557426704762332470e+00 8.574775000489328391e+00 2.352038824319400590e+00 3.215562419017878426e+00 9.481184591293157382e+00 9.374628757438964399e+00 3.486022094443844921e+00 9.290313689443143730e+00 6.857839141641656866e+00 1.837938309639971957e+00 1.589895031429350736e+00 3.666189485202937526e+00 7.005061274773591862e+00 5.634555681256839144e+00 3.523950240190646621e+00 3.845421774117181002e+00 3.026940059478803402e+00 6.914687267557884098e+00 9.635374279651713891e+00 6.557462477893707842e+00 5.171900448245596138e+00 9.397411394862547951e+00
1.130973519367171498e+00 3.509688992776846650e+00 3.299253204126848971e+00 7.233960828042953928e+00 7.061797887198052237e+00 6.802657981944746801e+00 9.770350699185947008e+00 3.335773218520155847e+00 9.393080281515276297e+00 9.013487427240178818e+00 5.301804192770829260e+00 5.844308505393886577e+00 4.830002336823628006e+00 3.379606425571964223e+00 2.556625449939841310e+00 5.512563902047755704e+00 2.265271446780467990e+00 4.129375917294799692e+00 3.341765866243073813e+00 5.947786132290704408e+00 5.573983876483772804e+00 5.766945005673974833e+00 4.545911454513340111e+00 2.316345388351434664e+00 4.334843802101136845e+00 8.966364762610684380e+00 3.347140192863017560e+00 6.620442832081852913e+00 2.334821334851548080e+00 2.093286625926418676e+00 8.359624145557354780e+00 8.396457236827860271e+00 4.296540945762144403e+00 6.974586611750945409e+00 8.058746318351964533e+00 5.025539196801737774e+00 1.904358782340291434e+00 3.466833647009483155e+00 1.120012654113018202e+00 8.796548482232939392e+00 2.113788629694728360e+00 3.238641212703551986e+00 5.400209767815933759e+00 6.062659101429157538e+00 7.804681418988252517e+00 5.541782837089684222e+00 1.704352723314427109e+00 8.194812478941324585e+00 7.761480597017627936e+00 6.558038344874675296e+00 5.158302274695185652e+00 8.211306261189815103e+00 9.144481566811425211e+00 4.641827481812152101e+00 5.954626079763649216e+00 4.001510987405898057e+00 4.818258803587005090e+00 1.859217612915697204e+00 2.864845752270393842e+00 8.339196602517288781e+00 5.484600754347945362e+00 2.107505912068766918e+00 6.133227565372808776e+00 9.133705505963380489e+00 1.555498022012678172e+00 6.585645847764509675e+00 4.690386690777764045e+00 8.499291566313594615e+00 3.783753369887087992e+00 1.334428414305458999e+00 6.210575988198874242e+00 5.841445148124718934e+00 3.030822282701429948e+00 2.570793947110652233e+00 6.972133656910564525e+00 8.820352470137979850e+00 5.216018683493580888e+00 4.055668291977969631e+00 1.452037612757159479e+00 1.272405939696402699e+00 7.317195353396420465e+00 3.260250041609155325e+00 3.395005769160405862e+00 9.396275377855930699e+00 6.277036919677238203e+00 3.776920154338401669e+00 9.805939147054052896e+00 3.719526440063734896e+00 6.865414785404159836e+00 3.317147792865071665e+00 5.427511364075063405e+00 7.880447634075492758e+00 6.624226916624529338e+00 9.754412045419439181e+00 5.511748928181251728e+00 1.143389458477716225e+00 3.927053992819039330e+00 5.613544996187296299e+00 7.925873207648678864e+00 6.170564255777902574e+00
9.744342065429751898e+00 4.945266840882233339e+00 9.646591610052102084e+00 7.263630676729960989e+00 1.583992943649898733e+00 6.392368946753576253e+00 8.422138302412875532e+00 4.842117455084574473e+00 6.300744213958433981e+00 7.780263789747745129e+00 2.861364182124778388e+00 5.984754453210185510e+00 3.451899135313873934e+00 3.161142819789312330e+00 8.716195906912211910e+00 9.031120234461702978e+00 7.525835690797785027e+00 8.056416126454005067e+00 7.815684113728363691e+00 2.787006060653911987e+00 7.011330972323580824e+00 8.375945246590388749e+00 3.883170808014418718e+00 5.127075949729288595e+00 4.946941691096708560e+00 5.313222500707182050e+00 7.777037408360540915e+00 7.123317605120833562e+00 5.016842238416566957e+00 4.473140352592199775e+00 6.596547184700797040e+00 1.111134654930076016e+00 8.877573141530097800e+00 2.185218546208219870e+00 8.236159565405340999e+00 3.863749649667676866e+00 2.713265584384221718e+00 7.783269989670790423e+00 7.859857872095046716e+00 4.433588758707413646e+00 4.148579850070090558e+00 5.335080647242540941e+00 4.341357695372169090e+00 7.001852824536612729e+00 9.839572311786456638e+00 5.626504118314475278e+00 8.770915262087552122e+00 9.414354669199344272e+00 4.823305886831102285e+00 9.386416567467751548e+00 2.846516495454495921e+00 9.762011162816174092e+00 6.756581390661247966e+00 6.379089367508833597e+00 8.947214754076192378e+00 9.647276863346640141e+00 2.614438048333709297e+00 6.072221023973610521e+00 7.878386317303802677e+00 5.427513908513410534e+00 2.005102099792425818e+00 2.871980800595836048e+00 9.998802694366389687e+00 1.113469623362795424e+00 6.228786766726370772e+00 6.775339615246069869e+00 8.174817906960395675e+00 9.849161940773003110e+00 3.525226974462038143e+00 3.246860843517129780e+00 6.075585989721207447e+00 9.158226050126401674e+00 5.808877938469882096e+00 4.095429231957465888e+00 1.981791174681905687e+00 8.858870747187168604e+00 5.179883656724626917e+00 5.891483572658535728e+00 8.225366676087727313e+00 3.291607124580942845e+00 1.177997190141592210e+00 2.445367029597692365e+00 3.179649293590328885e+00 2.660230245318192743e+00 6.869496321589411814e+00 4.259101055073659658e+00 6.111649273784799163e+00 6.735393126760793159e+00 1.147729824987753888e+00 4.671712858072590180e+00 8.439577797429915762e+00 3.123162082923120586e+00 1.425696271343679378e+00 9.289387059735270569e+00 1.311689371572998031e+00 1.317490838361301098e+00 5.060794063826880240e+00 8.750018121395267912e+00 5.922909342484693695e+00 6.786262399232104059e+00
1.263548606970606114e+00 8.032239297748068552e+00 2.492509227700569152e+00 2.934167359705091460e+00 6.245025897704344686e+00 1.722434487042490137e+00 3.512972347663639638e+00 6.888010524697507186e+00 6.328413973560722994e+00 7.851152496847684681e+00 2.783539124318600066e+00 7.852092279316728707e+00 9.614070682097086262e+00 4.182638923631767369e+00 6.016832734537434391e+00 2.425047694917002783e+00 7.803073684174648861e+00 6.779379671978362332e+00 5.484737714247551743e+00 1.870147822983062369e+00 8.657214216276017282e+00 3.688839741271764616e+00 2.351776287344622851e+00 8.652034887817958264e+00 2.065664036244786228e+00 2.313459150965862854e+00 8.465872549702265104e+00 9.338262678267216899e+00 6.080919359046823125e+00 3.049868248001421644e+00 7.606696974820081891e+00 3.660788158389450153e+00 1.712624062786551438e+00 2.226754092980210764e+00 7.824028166393118155e+00 4.763783188296148552e+00 4.334868428220116421e+00 7.838033741961233147e+00 2.778804783724909910e+00 7.263797574538421564e+00 6.049379214177724506e+00 8.114293834716690412e+00 3.995460667333952554e+00 1.088679368711552797e+00 9.026930032566179207e+00 8.881547947481131189e+00 4.028975338838976405e+00 3.459219425216173427e+00 3.855192404903879044e+00 7.022170619461609142e+00 7.048500340426906874e+00 4.147682841838815193e+00 4.494211502314723106e+00 5.010234475614528726e+00 7.770251513982537439e+00 2.829491307436594827e+00 8.331069722760679142e+00 8.302669631858847765e+00 2.438524293308033553e+00 6.910166866517161388e+00 8.188984297954307934e+00 2.608664220931438571e+00 6.710693875566294153e+00 9.059202952572569245e+00 2.644905699634819918e+00 7.243569481889195139e+00 7.685381825641602660e+00 5.832973664114040169e+00 5.807671752912279217e+00 8.315733288737870765e+00 6.078714586668517050e+00 7.675067637804712462e+00 5.451389974612199651e+00 9.366228632667073839e+00 9.468658698186702694e+00 7.418719890155903940e+00 6.247617202424638805e+00 3.925924254505594568e+00 2.010217266292574134e+00 6.214250663248996887e+00 4.757158948660725528e+00 7.124147750995868833e+00 2.696657537311136110e+00 5.842857659676114146e+00 2.080271705503424329e+00 6.199563914351405636e+00 3.867031233409357061e+00 8.491422344711310188e+00 1.792233411530021581e+00 3.448026308062086098e+00 6.412901885927373868e+00 3.803132792010558205e+00 8.076643546222090464e+00 3.288890722522669563e+00 9.019330496904125027e+00 9.405459955810119510e+00 2.424717809608368135e+00 8.173895768200878820e+00 1.902342791448825121e+00 4.960127942856566108e+00
8.475619454475371128e+00 9.621019552855958779e+00 3.722430685356777680e+00 7.497710549826176241e+00 9.631961400867293577e+00 7.340923875379067098e+00 6.345629529444043904e+00 7.960051985767285565e+00 5.924689966712666234e+00 2.244089515675979918e+00 9.625183306279270212e+00 7.627838232498866944e+00 3.596963676750827510e+00 4.528965008790239111e+00 6.109189968780397884e+00 7.963065514333687922e+00 8.050569784325464440e+00 3.780949972248407231e+00 5.030571769315043795e+00 9.289880584705372257e+00 7.230684628632128685e+00 7.245818817201449491e+00 1.146665574221856776e+00 2.282036835220818904e+00 6.140763601644730230e+00 2.208942927281906332e+00 6.584084192840337302e+00 5.421272911873186828e+00 6.902632731192286819e+00 8.426945584816838419e+00 9.910505615353358166e+00 5.648699969369933349e+00 8.693427762445915974e+00 5.881865853541301981e+00 5.887874078190783678e+00 8.073501697434094737e+00 1.783379941150190273e+00 5.779274224425547501e+00 7.524014083688524757e+00 3.707095289391794335e+00 2.722215220614193409e+00 6.665723117011989274e+00 4.309534235032124627e+00 1.780066181449230900e+00 4.871352660678775592e+00 8.440843197219745520e+00 3.217422420373702963e+00 1.409504733612238159e+00 9.219040597280562466e+00 2.579221505754435206e+00 5.058905961906333459e+00 4.998035622723850935e+00 7.706830664094492356e+00 5.845208130358080290e+00 3.395015284213738216e+00 6.988659533564071324e+00 9.580070939663128726e+00 7.295459466135137738e+00 5.343848176543792405e+00 9.516052379988314769e+00 8.603235269673856322e+00 6.899778972796605458e+00 1.033872056925286165e+00 8.822363389791085808e+00 7.755617331501351686e+00 2.565485672284523844e+00 2.946309211221315394e+00 7.447215654983121880e+00 1.570041261117196996e+00 6.196979049784355098e+00 6.840784309543257891e+00 7.936969904392801922e+00 5.453294949269165137e+00 9.669228932480052663e+00 6.526354098147501226e+00 5.166311162098677912e+00 6.319670673171875919e+00 5.593234299876945315e+00 3.806479399329007585e+00 2.794344128216317280e+00 2.320264548265459581e+00 5.094961709759521895e+00 8.859151095596166314e+00 9.715762012934986203e+00 6.151331023146410892e+00 3.223254844786545448e+00 8.016317227759497399e+00 5.084091259876145408e+00 1.118006980449086418e+00 8.654055567624237000e+00 9.537388463641724101e+00 5.904691846374484854e+00 6.598610850676574380e+00 2.081637244741953996e+00 1.282078797728116282e+00 2.555038137660160302e+00 4.266812068524055590e+00 4.062453869856490485e+00 9.094262052912855054e+00 3.418583009858988220e+00
5.194947232633767342e+00 3.450316250184851885e+00 2.255083108770487677e+00 8.569789004617685890e+00 7.836224111952111215e+00 1.655727778636875813e+00 1.006288875770225966e+00 5.277843728882587016e+00 4.604015182645603055e+00 8.050283142515395340e+00 9.556367556935168039e+00 1.723767255206741567e+00 5.063214534304387726e+00 6.459577306564450616e+00 1.546133554005686417e+00 8.521580440093313058e+00 7.476425079907987659e+00 7.357932837291985884e+00 6.793479078681516015e+00 7.982433828254501762e+00 2.384932166624934791e+00 2.780471209970253543e+00 6.648132075961619591e+00 2.254544853651702763e+00 3.171120826425426920e+00 7.470713188160398310e+00 1.141258312932964980e+00 2.280469177763108757e+00 2.591569663891330144e+00 3.716619715887047093e+00 6.552449079585522362e+00 2.737322399730504952e+00 9.844279182485578872e+00 5.510786550636412429e+00 6.452230918608050203e+00 7.156797346116494651e+00 9.076567728803615509e+00 3.281414491742826733e+00 5.010943347412802673e+00 2.393965220854303411e+00 2.422544846209117697e+00 8.516873819213129693e+00 2.420795174168241193e+00 6.402957141839038968e+00 8.565701304714620434e+00 2.275112968627639898e+00 6.022170706849820476e+00 8.612773920421041396e+00 2.909952584877111725e+00 8.560716584970242238e+00 7.803309332516115582e+00 2.469562500583225351e+00 3.489902240816387113e+00 5.850962163961173523e+00 8.469105151043617496e+00 9.608358277826358318e+00 9.969551188532937758e+00 1.693934652443451316e+00 1.890815465562096342e+00 2.838219496712729217e+00 1.387303641939337417e+00 2.858069798613378065e+00 9.594714780040568769e+00 6.218345216296649269e+00 3.273912261629989828e+00 2.944007629466274700e+00 1.685779039792566714e+00 7.740087735737951391e+00 4.624991302103246049e+00 6.835676792888198960e+00 3.604668831480152491e+00 4.318881786368169884e+00 5.873903101947999694e+00 9.791013147466507860e+00 1.789220893229205078e+00 4.336758618330174286e+00 1.685720821778754930e+00 7.171250300844966397e+00 6.811967395364604272e+00 8.887962477714896892e+00 3.255022584433859834e+00 1.438883903683153331e+00 8.425601966510230412e+00 2.860775174632093076e+00 6.281813742451126892e+00 3.054214861545337723e+00 7.193179340245170472e+00 3.967452849366688739e+00 3.225621728720651671e+00 2.053344761768793436e+00 4.758235241025220219e+00 2.939917732162887098e+00 2.007714800628495944e+00 2.855490980032478809e+00 8.999900260113436801e+00 9.406628844730786199e+00 7.450775198294875779e+00 5.711991862604023140e+00 4.893122104109206560e+00 3.077479436971772842e+00
2.268166624213064697e+00 9.110107744631534388e+00 3.682647191316287039e+00 2.299247165510645452e+00 8.000147016910053921e+00 4.764186976011723473e+00 3.427612995126354534e+00 8.331495580720549299e+00 8.923059819649274971e+00 2.446162312595081101e+00 1.717759139584083439e+00 1.370950364968785307e+00 3.499166230388280674e+00 7.969418964194318278e+00 1.992790530281749684e+00 1.890797013395803639e+00 6.895052375263049704e+00 2.577523971655947932e+00 1.334076707198524891e+00 2.581175718375448014e+00 5.162950155991301138e+00 8.593368841032031469e+00 2.957421621776374021e+00 2.996747713668881374e+00 6.599681599784584130e+00 7.525864769905728835e+00 9.172805113954836997e+00 1.008691221510102931e+00 3.638484256385977833e+00 3.484733424734631768e+00 8.361038544223198699e+00 1.040095449327898880e+00 5.849035441696969428e+00 1.886594604913343520e+00 9.100521367046184196e+00 8.830355862287033730e+00 9.881810938013195766e+00 8.041042217389300362e+00 9.845319601769860540e+00 9.541787138587620731e+00 6.854647544201789344e+00 5.236062665797240001e+00 2.407672859249376351e+00 9.845094105028675102e+00 4.275279989173801809e+00 5.083136846702733358e+00 7.617404385121898436e+00 4.831383166014728836e+00 2.230423926782118649e+00 3.090120542466144649e+00 5.926946259205683631e+00 7.662656696574699389e+00 5.096023104545662541e+00 4.469067093201618768e+00 6.262010566922512567e+00 4.445432509100625040e+00 1.505750600023756602e+00 5.352801647138887731e+00 1.776835878842151217e+00 6.284466408112512781e+00 5.145444354982063651e+00 3.316663549139136524e+00 9.827764630636767862e+00 9.139657047519717636e+00 5.932776128564570151e+00 4.107291569218853411e+00 2.760794465308548329e+00 6.732655642866571810e+00 2.394582182039183937e+00 2.839601716730758785e+00 4.098264893710855894e+00 4.389932311600962755e+00 7.852413289742912639e+00 5.109252970712135244e+00 7.850058830494118567e+00 6.057259844873358112e+00 9.100348994169548789e+00 4.004134604717043189e+00 8.510461933217706942e+00 2.181335836644427317e+00 6.439021557901203785e+00 1.397767251873292871e+00 5.942881783939285789e+00 3.191582691571031027e+00 2.946979127192882686e+00 1.611911885349120777e+00 1.413772234403907646e+00 6.791945693257900984e+00 6.242084440261638001e+00 2.148141572380194653e+00 8.628919985674967208e+00 6.015043792614249263e+00 1.225696951902200738e+00 9.883091033334988396e+00 2.427640282262418570e+00 9.588258601371503431e+00 4.398170042301023486e+00 9.365720130070167571e+00 9.913023994464417399e+00 3.259189894449965763e+00
5.199198724107092495e+00 6.501771835266560551e+00 7.772647389998716960e+00 5.245030641544541794e+00 8.035806107569648304e+00 3.930900295065197447e+00 9.390967083682806305e+00 9.818192723101329733e+00 5.877712676511468892e+00 5.336851140548393602e+00 7.731088556787994115e+00 8.358059292331326162e+00 4.343773409590425238e+00 1.575940774391769938e+00 8.356954225028980332e+00 5.592027036098233594e+00 1.429357468447704171e+00 9.002576204748377720e+00 1.072448790432785515e+00 4.679841026988524888e+00 5.913088477580980218e+00 9.714395871105715230e+00 6.586733244408598864e+00 8.181378902555072941e+00 1.674927257852683926e+00 6.906061637815406939e+00 2.760224165524287177e+00 2.714522311335439309e+00 5.929356845609492055e+00 4.790840200952793282e+00 6.860377618121479060e+00 3.085727642439097362e+00 5.195969596060728612e+00 5.181494685472399553e+00 5.541816591924497715e+00 7.367440935335180185e+00 5.984586699944365762e+00 7.741527583285173542e+00 4.829466367397922788e+00 6.687210271067686840e+00 9.467666873452213139e+00 9.009679743172732458e+00 5.640420927501426540e+00 2.183835043664060116e+00 1.450032614573384393e+00 8.770456089853658099e+00 1.663743873180822952e+00 3.700501675108412769e+00 9.417520133146332739e+00 3.245096130639157028e+00 5.315118413896752436e+00 8.667060044954650877e+00 8.660263566306010574e+00 7.843135715207012915e+00 6.150551796227007095e+00 3.106746851291297240e+00 3.107271436602841774e+00 2.277028130252935600e+00 8.992580317512263832e+00 2.026836776669522777e+00 8.061413067570747160e+00 7.062576498138879444e+00 6.856447886289681826e+00 2.679910328093697558e+00 2.121982837209287709e+00 3.181954129641880513e+00 3.845404758704383141e+00 6.235130485364837050e+00 6.658576262942020207e+00 8.867893105402490761e+00 5.766441430445691907e+00 5.159499443304014221e+00 1.855604987741652501e+00 4.466430849674043913e+00 1.449296554087556421e+00 3.513925084749693895e+00 9.506731014364071086e+00 7.046150462041028462e+00 9.996903738587917587e+00 2.519149114905154807e+00 4.715769709904568785e+00 6.966722667398370206e+00 9.781704018468950323e+00 2.182645190352583420e+00 8.826842060642746901e+00 1.647813779627332442e+00 3.629049772010138231e+00 9.909142401197122751e+00 4.354849946568728924e+00 9.286849657084347953e+00 1.822796503988372452e+00 3.200001883799981961e+00 5.720924582937110259e+00 9.918774996370094854e+00 9.176139193686150719e+00 5.128160743171629399e+00 4.933033904362325472e+00 7.202927586936049842e+00 1.989637756240123512e+00 6.336738708244522122e+00
5.063053016969396580e+00 8.837641890694694524e+00 4.903879658578872203e+00 4.138420408089747760e+00 2.963153509469095503e+00 2.434814241959207148e+00 8.275263835200043161e+00 6.714910703922252644e+00 2.585389466734211883e+00 6.619803560073973969e+00 7.782734396655667908e+00 6.222162134199416883e+00 6.260195723609654372e+00 4.894613591543325981e+00 8.343685224109282927e+00 3.699777210882360112e+00 8.823663664155962039e+00 1.684311017556201051e+00 3.617089144178707194e+00 9.524337288379811639e+00 3.427282171313246639e+00 1.089658759518492337e+00 2.877347372685532534e+00 8.119050781123540617e+00 7.312754771422728339e+00 7.990605675558191123e+00 2.052215531453458031e+00 4.575259259777245902e+00 1.680702225272345363e+00 9.838448368340158012e+00 5.288726151040706647e+00 6.380437521692676306e+00 1.904847894578240552e+00 1.214683818818168337e+00 8.555773721836366974e+00 7.850856679712649111e+00 6.160057324413918067e+00 9.343583431146601725e+00 3.940566558158204113e+00 7.913185824097980436e+00 4.811016294945870797e+00 5.983185079288028341e+00 7.580447059862066794e+00 1.514438778647550610e+00 1.847880310730549258e+00 2.396955162428156871e+00 3.473405768010166206e+00 2.277849173810877037e+00 7.975605088988098501e+00 4.188875852345813833e+00 9.384707598910791759e+00 5.658562265681638337e+00 1.347600456153085435e+00 3.051672592156832842e+00 4.842777964862884588e+00 7.271380127196459320e+00 8.822566325417817268e+00 1.852412453765201805e+00 2.284799749970301885e+00 1.376985250634745750e+00 6.125198452538700877e+00 3.976633876562806869e+00 5.205458436459382554e+00 5.652413937601370897e+00 1.818431379476430187e+00 1.547467222933346820e+00 8.326456579055323104e+00 2.232866568236137272e+00 9.473616922836887611e+00 7.270473536634116662e+00 3.991880642215142050e+00 4.299954784535561458e+00 3.087914338950666249e+00 6.428796154624810022e+00 6.870333236424364109e+00 7.913811955192776360e+00 1.301369747322262072e+00 6.961438304327827176e+00 1.973695332056529139e+00 8.259884342914986632e+00 9.395804275584632492e+00 6.495622725768289918e+00 3.540356434500194105e+00 7.933831955885210618e+00 5.121001608825649143e+00 1.372916143920518195e+00 4.768026252959627342e+00 4.089780950842024865e+00 2.666044480400765693e+00 6.745721801212033242e+00 1.096534771180084800e+00 5.429869774174052921e+00 3.555571293629866680e+00 4.493612965024363248e+00 9.075866550607232242e+00 4.251347725821516654e+00 6.401014604584139178e+00 5.452515447261576220e+00 6.545279399139294796e+00 8.172516846369674681e+00
5.131580577058532100e+00 9.123314145442980916e+00 2.067332182987966505e+00 7.842456612572062724e+00 9.007178924525968355e+00 2.600717740997988692e+00 3.413692169010460464e+00 1.531748927903311852e+00 8.564718753699947840e+00 7.537075556675803867e+00 6.172060044875750329e+00 1.499919409615505295e+00 1.081730962721709322e+00 6.835297869987228658e+00 7.687197659412634110e+00 6.689279876226960297e+00 3.236961762365422324e+00 5.333431549510704528e+00 6.641220032684165275e+00 1.937551506587638528e+00 7.087603440876663718e+00 1.577456076132986773e+00 8.178132094658987938e+00 4.047221332984801023e+00 3.217575683052277924e+00 8.610126219937050962e+00 6.676397409444350117e+00 4.718796319665361949e+00 2.359511729150016723e+00 6.107585544227683627e+00 5.209207824872980730e+00 4.444741379577880735e+00 3.305491008015821741e+00 4.397696561817539873e+00 2.231930749690072879e+00 9.390504057724196940e+00 3.033118892904284714e+00 1.490400545483594463e+00 5.918298114152945821e+00 8.040037375230498995e+00 8.085791361858104764e+00 1.156581161615800157e+00 9.319270035936757068e+00 7.808827067034759040e+00 3.591315035781230680e+00 4.519724538464279462e+00 6.843003821050498203e+00 3.804501459549153086e+00 9.471641592770083662e+00 8.474364547493793864e+00 4.271978755079950396e+00 4.502299604095694185e+00 2.816950478920013268e+00 6.067329912707271511e+00 6.169579310509215375e+00 4.086241449715304341e+00 1.781808244449102130e+00 7.340276817530650533e+00 9.200902875563034655e+00 4.124913469062173377e+00 9.709735079826483428e+00 9.889074012402936376e+00 5.798094437579054627e+00 5.941580842629850423e+00 4.803374797609787805e+00 4.431378400973189358e+00 1.324317727937935008e+00 8.387959309999009960e+00 3.762426495429644913e+00 7.894821302863368473e+00 2.709665455119779409e+00 1.573953512028074542e+00 7.001204251251484934e+00 4.387546463892610049e+00 3.095521318473866135e+00 7.447201839995851280e+00 1.537216737962097568e+00 7.769194376347643427e+00 6.772558091700767946e+00 5.582095448247117453e+00 5.170793128179672848e+00 3.349473311497134453e+00 5.685298690388306930e+00 9.749152994679890938e+00 4.255073408479546515e+00 5.499116584996860624e+00 7.993934529291927049e+00 8.543392063024761285e+00 9.132735571883337400e+00 6.885960545749917117e+00 2.888863827959348818e+00 8.997186462215568170e+00 3.570380990306908142e+00 4.312836019857916980e+00 8.592384698165835388e+00 6.081853571763829791e+00 6.722738912323372951e+00 1.438411023610224992e+00 4.778490078232869642e+00 5.676791003186242968e+00
2.424302079526402309e+00 3.333012755917717396e+00 4.192847656056484240e+00 5.911764342357686886e+00 1.086060141574930027e+00 3.038749889153086414e+00 5.078945183990062340e+00 7.564551909330266888e+00 6.802368406966880165e+00 1.055934439716898821e+00 6.509611269941386169e+00 5.581938852281732366e+00 1.534211073800849867e+00 9.000573097933152411e+00 2.662291855060208157e+00 4.715506810867889698e+00 2.111065231327571734e+00 4.740784784231603766e+00 6.617158927202099861e+00 8.630198676756515752e+00 7.883366578781417999e+00 9.086815609610919608e+00 4.924795415727460046e+00 9.911246246236602886e+00 9.296545597157395591e+00 7.518488139921588598e+00 2.775207941726774319e+00 7.228157464862901449e+00 2.274493921636191907e+00 5.552725282257739536e+00 4.274289572416024363e+00 2.966752086627763241e+00 8.418109983098885252e+00 3.703888712246889980e+00 2.635322758900158213e+00 2.298348476156134357e+00 4.095721325199953355e+00 8.943001826101347973e+00 5.899472980865510863e+00 6.210044878417251724e+00 7.641888949218973437e+00 4.195345195707862018e+00 8.241647158297116249e+00 2.576691015314856781e+00 6.593862078658905723e+00 4.973817085286718509e+00 8.232832689483752020e+00 3.342941524911361650e+00 6.349930332105642172e+00 5.689146142970602504e+00 7.273361667431680999e+00 9.760699397796399168e+00 7.090995488603989649e+00 4.101807927688708055e+00 7.117251215165858014e+00 6.032596365199408339e+00 2.046625364693526627e+00 4.937506318231986491e+00 5.879239774479223080e+00 8.065729684162167956e+00 7.482897276124310437e+00 8.439047065110122148e+00 2.841247324633807469e+00 1.339190259579597697e+00 4.332336222947680504e+00 7.342598123452453329e+00 5.044679902890472079e+00 6.918588553525891527e+00 5.506022336613317414e+00 3.896448103032434496e+00 7.681385578905164380e+00 1.068919736150267807e+00 2.656414382421051990e+00 7.438557935436257651e+00 6.914695893909809321e+00 7.196174993656024199e+00 1.202878615750863744e+00 4.111262799217119124e+00 1.060000997069471484e+00 1.509760815987939431e+00 4.829012545830054570e+00 7.882912386564224327e+00 4.204425385722887043e+00 1.094690538651479361e+00 2.810471769630094485e+00 1.411781427922044418e+00 5.681976528272309146e+00 9.946059179781386206e+00 7.676286190820967192e+00 9.707522655238136622e+00 5.802196890719307554e+00 3.330922792469875660e+00 8.237607500891277468e+00 2.721503731091526657e+00 6.410360231949801424e+00 4.615483146542720405e+00 4.384755381812180275e+00 1.078423463496780421e+00 3.048990348191969346e+00 1.597112354995996242e+00
5.768018863924946338e+00 4.571863822190778137e+00 5.381400583676102301e+00 2.805937681789818505e+00 8.782841950564948874e+00 8.086304026687852087e+00 3.802541618075793828e+00 3.538731652815716444e+00 5.236985642981322187e+00 1.844273729217448254e+00 7.031807607062033227e+00 6.637191630016087807e+00 5.071326308211878242e+00 3.169075671416744733e+00 3.138892380137427551e+00 7.087433248371295846e+00 6.739330993212655940e+00 5.041180922981845391e+00 7.285503947591449148e+00 7.613491348272723336e+00 1.536266606137175250e+00 9.566398892991960778e+00 1.791416019094258960e+00 1.861086424300788966e+00 4.740092846430725260e+00 6.258364328994261427e+00 8.103121997351067307e+00 5.243464356018190387e+00 1.959606118829993360e+00 4.388279934149488248e+00 7.589322470955936595e+00 5.064249880052263286e+00 4.408129343956062485e+00 6.842906891913226097e+00 8.260300090936892659e+00 3.490350712363325947e+00 2.258125839045627803e+00 7.583576272403922403e+00 4.752423765575818138e+00 4.875644075575378267e+00 3.063777645403307659e+00 6.912444520733498798e+00 6.058301475223773380e+00 5.450963306468682212e+00 6.282643335983741473e+00 5.048071748995285546e+00 7.773950447098916250e+00 4.848549720605365820e+00 2.229492981154001630e+00 9.951963398522750026e+00 3.319131441775701852e+00 3.257071058657890816e+00 2.337334019226898540e+00 8.154592425232415565e+00 1.173254826936371398e+00 5.204937953412263063e+00 9.614778747440405837e+00 9.024245009544836549e+00 2.952382379449367100e+00 1.014652059734119316e+00 3.818700033184061038e+00 6.675593469944933744e+00 5.256768721758304785e+00 1.751122034216400003e+00 1.673183092586385534e+00 3.466011108417731634e+00 5.699947926802972908e+00 1.108728213749377467e+00 2.994290815630268554e+00 9.080798500538680429e+00 7.670758160951030469e+00 6.563700583604047623e+00 1.881007811213534220e+00 3.394095987146445559e+00 4.838697780528539383e+00 9.162800068498034634e+00 7.331017991773665976e+00 7.508184456840435672e+00 9.898594166676209838e+00 9.808632856264797084e+00 1.650776272949900259e+00 4.734416177865456987e+00 6.100307967747069959e+00 2.238844824580508597e+00 6.390541813850259878e+00 8.756074571844557397e+00 5.612735900945609480e+00 3.864053119072426323e+00 1.911155604784161799e+00 7.110642864952844810e+00 1.256521240137849382e+00 1.692081453020595427e+00 2.027885606306497390e+00 8.061370404665414213e+00 6.020949478903056651e+00 3.465441715724642879e+00 7.285321987103678509e+00 1.288783839165448919e+00 7.743160926343373163e+00 2.408903581545980277e+00
7.452142642339239842e+00 7.459156841306439745e+00 2.353469653178685395e+00 5.573113442494062930e+00 3.221882812504489824e+00 3.212570771738793241e+00 2.580419076432548309e+00 6.709151470037761023e+00 4.085211830824866830e+00 8.997465409829594307e+00 6.478023480867197037e+00 4.417524509916135322e+00 7.914436795191477358e+00 9.748571052276663096e+00 1.538657251001420923e+00 6.525044615278780213e+00 2.326240949152993842e+00 5.367550687483216620e+00 2.134696574563497151e+00 5.448562159484244383e+00 4.141867892259115891e+00 5.863566483411889685e+00 4.182292799851274445e+00 7.349283970068126060e+00 5.196245790454124602e+00 3.737545309496078438e+00 6.149283948601694583e+00 7.358332340797792526e+00 6.915032717087575165e+00 9.325809303654329696e+00 1.394272519690884060e+00 1.898890187790587714e+00 5.326348476302177559e+00 9.870792827707948192e+00 4.101157847003375601e+00 3.709597738762081320e+00 4.841711322428999154e+00 5.876570229025896985e+00 8.025485531029058706e+00 8.508116347071354113e+00 6.588699048846181405e+00 9.657224006481357037e+00 1.831187040047483450e+00 8.877245480049724691e+00 9.316054505221003978e+00 4.795945276726776285e+00 6.868416778228249697e+00 9.243056120039272017e+00 2.574293695665958115e+00 3.361525950069275570e+00 8.782320530430958172e+00 1.703617702841834447e+00 7.401483305857229134e+00 3.660887848281933366e+00 8.470969949677634503e+00 1.207867538353507353e+00 9.424869241132292075e+00 8.494167208936262981e+00 4.944104848653601891e+00 5.864920173115547364e+00 8.045076958386108146e+00 5.833408640087020203e+00 9.829292701494891205e+00 3.168752490132106914e+00 4.337585868307822778e+00 3.402295745838209484e+00 6.116564651345392178e+00 2.897308064396812988e+00 6.418096985774661256e+00 8.434528910084422293e+00 2.105161568189680921e+00 5.905495758517997906e+00 6.519767600206503921e+00 4.707154368610414252e+00 1.889568925787047826e+00 4.167485808649370682e+00 2.826829121710546566e+00 9.604288716161153872e+00 2.158737452013982150e+00 2.316519450619623388e+00 9.502805588189145780e+00 9.624379002534213967e+00 9.696531401250542359e+00 2.550314741249621431e+00 4.220239180309077298e+00 8.136049271418546169e+00 4.283356020781983631e+00 3.555303232480614639e+00 7.428139944523329596e+00 2.711630281186885760e+00 7.329526186037208291e+00 5.415753684590986161e+00 5.945099408333247126e+00 1.625097390540115150e+00 9.404394047081897412e+00 9.605472116010977501e+00 4.524068990549636737e+00 2.255136111210949590e+00 5.182863142582670335e+00 7.733371123878362674e+00
2.629078991841063750e+00 7.046664927607409368e+00 5.189578759346236581e+00 1.873745067445272916e+00 7.764027156773830818e+00 3.193368662387291224e+00 2.225607672876833476e+00 7.193600933654754392e+00 5.707041809935849308e+00 9.328731849461000536e+00 4.852477146770987737e+00 9.178253148474007972e+00 6.941993589901608530e+00 1.522326322045682634e+00 9.850195873285207071e+00 8.274282720578241879e+00 9.790647776447794826e+00 3.057368653311207662e+00 2.407272544154636762e+00 3.616870918897683307e+00 9.531054574501844456e+00 9.066046163963264348e+00 5.539471789883682717e+00 2.360445351071353670e+00 3.868347901786028498e+00 4.679752859597114956e+00 6.004916807548781321e+00 6.785491789581181266e+00 2.417141052489553132e+00 8.493466230883232271e+00 9.526736196144616642e+00 7.349032911169765647e+00 3.241647386549037613e+00 4.383292925432979104e+00 8.210690129767183265e+00 9.399185225394258936e+00 1.578772032900259692e+00 2.709520335586911521e+00 5.988078536535536678e+00 8.769341455323122148e+00 4.646332824899156222e+00 3.300339004681478450e+00 4.376870233415131040e+00 3.151933804627979896e+00 6.801918102133249100e+00 3.941288849580871556e+00 8.667205569037530921e+00 2.954373964046912437e+00 2.081231414062242102e+00 1.130909716335550375e+00 2.931646332437467084e+00 8.134244362433548758e+00 7.637995356486226406e+00 7.807158688905784238e+00 1.160963036488476874e+00 8.127004688822369260e+00 1.210018025511759188e+00 4.305547741708011245e+00 8.427621266487999918e+00 8.481848221787394948e+00 8.582068278912345249e+00 3.635826833421349491e+00 6.182222815981854858e+00 8.844536023099855981e+00 7.132746034278849123e+00 8.139070467998370972e+00 9.355087151638889154e+00 4.822957532754612586e+00 8.891704847777434750e+00 1.967019340802600436e+00 5.328019645303289309e+00 7.592603866508270904e+00 8.187223307566696917e+00 2.570004365660539580e+00 4.135634275265600124e+00 1.454756402202557641e+00 6.070702716474579930e+00 2.979239509326935487e+00 7.820574464064402598e+00 6.383744904174634804e+00 8.276027462766307963e+00 2.357850946788230484e+00 7.824679852630389121e+00 6.300567257647330166e+00 8.087079102207038517e+00 4.012566928614397455e+00 3.380301924648887457e+00 2.624723865442815107e+00 8.280690952586173381e+00 2.443972327335704353e+00 1.404538866776407380e+00 2.555715697548855747e+00 4.823020369125840645e+00 6.752776975457810416e+00 3.754928922533964375e+00 3.239305882105468548e+00 3.337899630966856268e+00 8.449868037133512644e+00 5.945221513616621323e+00 9.096267606745119139e+00
2.204195063737521387e+00 2.578875045826444445e+00 4.255538307384844288e+00 2.886175975341425115e+00 5.891282194796399807e+00 7.314707259245309068e+00 1.633091611166291202e+00 1.887255892986174244e+00 7.237216360817016358e+00 6.050292850513000253e+00 4.911123124662431394e+00 5.371302908812321419e+00 5.603945607074357405e+00 3.642637664294418265e+00 3.911347776796234132e+00 7.273337952974737064e+00 1.874627178124612215e+00 7.701862142195591510e+00 7.619418856936571949e+00 8.575134329181148374e+00 5.315497874431204473e+00 2.204857317602024747e+00 5.838074177992223390e+00 4.837003811728883385e+00 9.042211368599360810e+00 9.517477527063315179e+00 2.855842238513069731e+00 5.839997007786116967e+00 6.967399070813065975e+00 1.378307832284983991e+00 5.317762168152059488e+00 4.134987451648679979e+00 7.183902537220044238e+00 1.530828216814001497e+00 7.023791564139036936e+00 3.012420302297724284e+00 9.287500079940024023e+00 1.216201042020229606e+00 9.449379609934096536e+00 4.565354317777089221e+00 8.681494645882210648e+00 2.200079960380657340e+00 1.119867482208693588e+00 3.703461308255685758e+00 8.307904934370096584e+00 3.243245765140539749e+00 6.728664406698204203e+00 2.788293817082222237e+00 5.968462828828649869e+00 3.022596655548872135e+00 3.997615223276966390e+00 9.560188309141324225e+00 4.422141320428631062e+00 8.382918702563102897e+00 1.472248876030775477e+00 7.750561208738229624e+00 9.645856076535299195e+00 3.643346273410648983e+00 6.666117316647004465e+00 9.485254180842222382e+00 8.286740277502708807e+00 2.869057121377127206e+00 2.360000295631768719e+00 4.874859341473902319e+00 4.752890835122762780e+00 3.410143603373035681e+00 5.905311331010160814e+00 1.535490107630481438e+00 6.788337134381937865e+00 5.833854732916529784e+00 6.031065303292432844e+00 8.801852742309499433e+00 5.778803142956754790e+00 4.452454231275369878e+00 8.497301495346130551e+00 9.520219184179600447e+00 7.278284236951135355e+00 4.792824334144514253e+00 7.005099956195804722e+00 9.036805156572606634e+00 7.266570605299504493e+00 5.830283675619723383e+00 3.892169067858592513e+00 6.742896037478494975e+00 9.140603458743383314e+00 1.752258458740501013e+00 4.190498595857896191e+00 2.153757206451000439e+00 8.663269689884028679e+00 3.297746256858670399e+00 6.746832079218211931e+00 2.271867282100963337e+00 2.776279474493862587e+00 8.485188715456510877e+00 4.421476778058016421e+00 1.144600394269242205e+00 1.485546252092802888e+00 6.040144967650403096e+00 2.437423673815467318e+00 6.591395434862414859e+00
4.328451462444736997e+00 8.758065028497068027e+00 7.927828943914631665e+00 9.343450574415866683e+00 1.833897615485434507e+00 7.631428617635297229e+00 9.259008321729584878e+00 7.499343721127865514e+00 5.972218097135823633e+00 7.201315694945010115e+00 4.813804013923485670e+00 5.104209025460598959e+00 4.322859791900892645e+00 1.554754880794600780e+00 5.938086236274366492e+00 5.055908284601807523e+00 2.595947318754753042e+00 9.856128408609880154e+00 3.757800591228007026e+00 2.263991949813480176e+00 8.651962620017622285e+00 1.374084503869725804e+00 5.261109317463986912e+00 7.472302767750795383e+00 3.644662219965247196e+00 4.722507874720961674e+00 6.262754621284235768e+00 5.945240006489745710e+00 5.320011974730979532e+00 1.446352197225932557e+00 3.295926356429268012e+00 7.786439008313642773e+00 8.856776206830646814e+00 6.981278677338687899e+00 2.345046462176516577e+00 3.236008974462017740e+00 5.214664563377660045e+00 7.331382012814112059e+00 4.583308170829202943e+00 4.163640205760986035e+00 9.301315337481433687e+00 3.154391373437499091e+00 4.275616668607532311e+00 7.740932515891738142e+00 2.033839953893362029e+00 1.945345941935661571e+00 1.808111671308233248e+00 3.411932310816411018e+00 4.818657313569730150e+00 8.923851699444039554e+00 4.676148589260765931e+00 7.476290084375358802e+00 8.756421693709240728e+00 3.678018887616896659e+00 7.673276203117623595e+00 2.016384814726574159e+00 4.820067666757067215e+00 3.532453795982968714e+00 5.588859022103996210e+00 4.525937745068880247e+00 4.945960165902482331e+00 9.460271903986177122e+00 1.248365487833645870e+00 9.519190766900523570e+00 4.782216368334270662e+00 1.211025639084514882e+00 7.755426341699919845e+00 8.547660185865026961e+00 7.800713173265706679e+00 9.793725990017946970e+00 2.032623330067976575e+00 3.420988626929323928e+00 5.553643314792176433e+00 8.317014337979024674e+00 3.113723488736442224e+00 3.854212856653751906e+00 8.813982538058152016e+00 3.829375541926505200e+00 2.726412224728682610e+00 2.913469043653604373e+00 4.209899495964377181e+00 3.263679083830020922e+00 2.389573211963053279e+00 6.592612510553437666e+00 1.093393019778823305e+00 9.427198677759722756e+00 8.574825090330836730e+00 1.732250200087929182e+00 4.500412210584913808e+00 6.346801623015258187e+00 8.953198846304653458e+00 2.767178737501760466e+00 6.404745396524278434e+00 4.181586332368098624e+00 1.747446256419811661e+00 8.528512425171260958e+00 2.799054615615963915e+00 2.374458035623562058e+00 5.792261922458072476e+00 4.249143232294850137e+00
4.967832316993197495e+00 2.261155945552072222e+00 1.728397559992874477e+00 4.664306911690744073e+00 6.855965849853084215e+00 4.612682732569722610e+00 7.266799105072158760e+00 3.326029695166006661e+00 6.823834528260229071e+00 7.636744839897764869e+00 3.892175440803202324e+00 4.746251100740168205e+00 6.234159523068357522e+00 6.841147709230890328e+00 5.710792025587311471e+00 9.954805893618488000e+00 6.407509856794272984e+00 6.206306169962403807e+00 9.285775637733484800e+00 2.424281329467054658e+00 8.143337468123554856e+00 4.858651384384176097e+00 8.307844549237600518e+00 6.414983064217866016e+00 5.048761494445727749e+00 3.725202149634440296e+00 3.195874735205300965e+00 7.116314922987765357e+00 7.651307166744646615e+00 4.665955381827624038e+00 5.011398151143485968e+00 4.981703982893963101e+00 4.727266373759112739e+00 3.414337029253929234e+00 5.340895019015595047e+00 3.843673158158607883e+00 5.266016501359386481e+00 7.641079785865231067e+00 3.292470588614104798e+00 3.031056220718947536e+00 1.177760543686698025e+00 9.292186194861733028e+00 7.330357799195317270e+00 8.177745111014591117e+00 3.741414843097700782e+00 5.384315653048100003e+00 3.701006200085217301e+00 3.426858210782834924e+00 6.950349920037526275e+00 8.792490049740969482e+00 3.866291910621414640e+00 3.568472865232545033e+00 4.150223790463629214e+00 5.260840754675880859e+00 3.439266659906609291e+00 4.559999506773905864e+00 2.787078173327610653e+00 2.707848741664823145e+00 3.662371215120555856e+00 8.368406188508203059e+00 9.750598475322407310e+00 5.274427916058727739e+00 2.920536871842503768e+00 5.713971257876607979e+00 7.948174248479894288e+00 6.620965279129974235e+00 1.527935222908447077e+00 1.708937049864795110e+00 8.970342964879904457e+00 4.064736403602088544e+00 5.923504235925518557e+00 5.349175629307262980e+00 6.646444440339177362e+00 5.137099192177421614e+00 6.593079197636367184e+00 7.278057643337870530e+00 9.520487497235070151e+00 9.479504966715362357e+00 6.990865992862111078e+00 8.714000730898352032e+00 7.279751288254875163e+00 1.497460939542154534e+00 2.333704685462861139e+00 7.454421638538597961e+00 2.567690326689856750e+00 1.923490380760354057e+00 4.061846224754812162e+00 9.254161581071036480e+00 1.113381584377647560e+00 6.271309120996731323e+00 6.956460796989865969e+00 4.424097998578895741e+00 4.117980463603762686e+00 6.962170899892877074e+00 6.513248850754398411e+00 9.063552982531129842e+00 3.066449527689123045e+00 2.967769896305772370e+00 3.463086634250890583e+00 5.309539616998102396e+00
2.516308827794310865e+00 4.973124985740584592e+00 5.405074405204959298e+00 8.048768948702338832e+00 3.730671428482068119e+00 5.726827426795440878e+00 5.936168014387868119e+00 2.138284462822346743e+00 3.212139830497029003e+00 6.997344087805614343e+00 6.833557753959015990e+00 9.750513534212149835e+00 4.667133412060872288e+00 4.297065009502288646e+00 6.773424494059651302e+00 3.777265903982524708e+00 4.225456739144094698e+00 5.625918367734526804e+00 2.500660946129277917e+00 4.080484750454009379e+00 7.826490836655121797e+00 5.768735704492520711e+00 3.411386168129180607e+00 6.764176109207286736e+00 9.516135586844880478e+00 4.224656962061586363e+00 5.184573778833343916e+00 4.670417718544172203e+00 5.794944851402400232e+00 9.103648500617758543e+00 6.081263377547679205e+00 8.457523760294359150e+00 8.360281552042984288e+00 8.907558775383286331e+00 1.130604415356935455e+00 7.905459991370364925e+00 2.946036707117791309e+00 4.301455630157185794e+00 7.246522735974506801e+00 8.737164110932454264e+00 7.944775788995277033e+00 5.194971536667343237e+00 7.367836321758221452e+00 2.069779858736109368e+00 6.505247637543739359e+00 1.773853658840646164e+00 9.974612966465496555e+00 4.711338119378556399e+00 8.132595503406955473e+00 9.666162156077756862e+00 2.928075972879612188e+00 2.463035433855098155e+00 6.033990409972937563e+00 5.314704419864148655e+00 9.221734064851913715e+00 1.043950999350798270e+00 4.093174182138787032e+00 8.471862825680187115e+00 8.427392663556613428e+00 2.526539264533106177e+00 9.915201021522229041e+00 8.110543147896279947e+00 4.767274060119952139e+00 2.804292672535074971e+00 9.451048026653481315e+00 1.486778891387364965e+00 2.892885238533809300e+00 7.033912185047204169e+00 2.097171686872357554e+00 7.180417041442710868e+00 2.761425121680896932e+00 3.528656127443822399e+00 2.975666513521888046e+00 7.885317518225927635e+00 2.246913894550795376e+00 9.568133726836176578e+00 8.950619595721843069e+00 1.760921312506172676e+00 4.998544979384396569e+00 7.866210350812533392e+00 6.692525972797559675e+00 7.796791756867554213e+00 4.767508891146374772e+00 4.231039166302750232e+00 4.420087782759213546e+00 4.966144052651713103e+00 3.113594323764203420e+00 7.431856711600254073e+00 2.878400615261546225e+00 7.248182210605377485e+00 2.555850136786211202e+00 5.697415425085501361e+00 7.810204988573438811e+00 4.876569979407427091e+00 7.453857837770968331e+00 9.965846155420786445e+00 9.097426070790467278e+00 1.610797148663960510e+00 9.490968803307346491e+00 8.194439813657748317e+00
7.100068839512675645e+00 3.137781976189971012e+00 1.069154811214354295e+00 1.949934373313127800e+00 1.045455744160237455e+00 6.747015886886887692e+00 3.246445266366540405e+00 3.010148449582509933e+00 6.403506157363048956e+00 6.998238260201383731e+00 5.398624119889418260e+00 2.368755150207303650e+00 3.929066545292385193e+00 5.161206010907820385e+00 8.446849879979843934e+00 3.048861490094721738e+00 8.981383709316279607e+00 4.249494526079910628e+00 8.162808577255667331e+00 3.882372587056675872e+00 2.876654203092817053e+00 9.257875759472140587e+00 8.208294559023407544e+00 1.742002437750619137e+00 9.491274647318059365e+00 9.864055382398611016e+00 4.638369708924663826e+00 5.418777549969072460e+00 6.633936843390874749e+00 2.257156413472315659e+00 6.320915221454379562e+00 2.173213001206763195e+00 6.196883213372606392e+00 5.994831973030366079e+00 5.273421106254898127e+00 2.655021056383547684e+00 5.222043292156831384e+00 4.359922775662589345e+00 5.474842234312609968e+00 2.081367642113988392e+00 2.797076710991665660e+00 7.094510543198185637e+00 1.204901559728058125e+00 2.333415737123574640e+00 8.704011186615947082e+00 9.567252648341069587e+00 5.189544809949918402e+00 6.273184632775224756e+00 7.026808200841994534e+00 9.301255599193233081e+00 4.188801950794696971e+00 9.434464891433185230e+00 7.881990214677560225e+00 4.653543975445496805e+00 6.631114121432643671e+00 5.311564162531140276e+00 2.899799638666126000e+00 6.728894312134716671e+00 5.650159957366163610e+00 5.680554622685434651e+00 5.494217594230565105e+00 9.518119631746971621e+00 1.673857001051961113e+00 9.711420258006038253e+00 6.430815543585387317e+00 9.411926545477259154e+00 1.000401046554888485e+00 9.026629143052652182e+00 8.363560924749727121e+00 9.600987131897475990e+00 4.959555075104553623e+00 5.317521036075709695e+00 7.329934102497266402e+00 3.889222248851366359e+00 8.851861959113943357e+00 5.589080864167466522e+00 5.245762376208131350e+00 2.106683331661692193e+00 9.996810520813173895e+00 7.841574090705798028e+00 6.287953044956447357e+00 9.856506674121062517e+00 2.681381813148489002e+00 6.184278339740667541e+00 6.795757529512694184e+00 2.195296947278177591e+00 8.834283504579323321e+00 8.333448737449415944e+00 6.815670753415173699e+00 5.105458860960172984e+00 7.503276043718082988e+00 8.915142456549894234e+00 4.112098992838356892e+00 9.193547353854651050e+00 5.824387169703086897e+00 9.528296170038389690e+00 4.328491813153174661e+00 7.820201771262841994e+00 1.612292098626399106e+00 1.597675415087233208e+00
5.042660005545972268e+00 3.546124716786234199e+00 4.991868518586473513e+00 5.348600422055344694e+00 5.473531830419110733e+00 3.344281668112601302e+00 3.335077562886677782e+00 9.674294265154781414e+00 7.352685542522280571e+00 1.386629380739611950e+00 1.618880790785020007e+00 4.829634914216166308e+00 5.814397957981129572e+00 9.478436232132089856e+00 4.081795200581127325e+00 8.320279459936887889e+00 8.944103245667806235e+00 4.388675088018276327e+00 2.397270841901456784e+00 1.971908824157891704e+00 8.818050338458498061e+00 3.916186373348218730e+00 4.901083792171209375e+00 4.463834244850959365e+00 1.547775344795288888e+00 2.145949031759924353e+00 9.627213570966551615e+00 2.103973994992412777e+00 6.532767268841765507e+00 2.922256381021713256e+00 3.533202897549464261e+00 5.813138785481919868e+00 8.489693902173135243e+00 1.995986114608842232e+00 2.229870569947372871e+00 8.959246480736599239e+00 5.580731887859958107e+00 6.171701531958660780e+00 9.141824675685304769e+00 1.039581722177174372e+00 3.316293567114791063e+00 5.872693944632256802e+00 4.964722786793293707e+00 6.680033395195457580e+00 5.526660109593688475e+00 3.406852692268254934e+00 3.723920764121275262e+00 2.479685225295998219e+00 3.410672408410218459e+00 3.628117382329433926e+00 2.228258477970967100e+00 5.092022130402648727e+00 5.955516912873986435e+00 7.890338562106990139e+00 3.941447867786910475e+00 5.702663051929934390e+00 6.165857353879897751e+00 4.659700591861343000e+00 2.486582017159026492e+00 6.106405229594277451e+00 1.378194798714194480e+00 4.025684313218064858e+00 7.452440194218215908e+00 8.702275976825131210e+00 4.478585494702752356e+00 5.741004157947882547e+00 7.937923553246411856e+00 8.041417576931610967e+00 7.418696188151482573e+00 9.358133389402714997e+00 8.196289364118271692e+00 1.504826217973261215e+00 6.518632841523070098e+00 3.386636334211263311e+00 6.093601228695860961e+00 3.771276868443832253e+00 6.242953957059658165e+00 3.349305678095125138e+00 1.987596476902019793e+00 1.089037891235507871e+00 2.461817335090355385e+00 4.374133509847373702e+00 5.589529874087209471e+00 7.478753318348177359e+00 4.910951291302044552e+00 3.458541004883928238e+00 9.625229418401220371e+00 1.413313455608784963e+00 1.773209107295614206e+00 6.266725869008796579e+00 1.616379782027616230e+00 4.044058821901066025e+00 2.685635304256922318e+00 1.198394318819406834e+00 3.561021537362905054e+00 4.983467685277699566e+00 6.426686856616981913e+00 5.107055164478821574e+00 7.674384735415395120e+00 4.303098033675764711e+00
2.350623022710038423e+00 7.007693529741795935e+00 1.684699796741203404e+00 2.422707302367013149e+00 4.377529307580403817e+00 1.767385873772999272e+00 2.740847634626729423e+00 5.637860268060447488e+00 2.186406405376235984e+00 2.512833361122219333e+00 9.716140020351046402e+00 5.907819398995029836e+00 9.487366709360234296e+00 7.529860402927414320e+00 6.426679226374104381e+00 4.399935222132445922e+00 2.997855841355979933e+00 1.156726386465358081e+00 6.927300314739457399e+00 5.533497913798949952e+00 2.033027395285670558e+00 3.450737032229514778e+00 6.453110582274114826e+00 3.081417841804880986e+00 1.429377000429698175e+00 3.840607267221828547e+00 7.532490907249484557e+00 9.585557182799325560e+00 2.918041328277901414e+00 7.429122800152258677e+00 3.336384928983691545e+00 5.657559231693549684e+00 3.590070057984645846e+00 5.035374168052429766e+00 6.390539863512979757e+00 5.836286171840755266e+00 6.147931469347467370e+00 2.720070389530640398e+00 1.502654207842997636e+00 1.445147202811098985e+00 3.006844306926576227e+00 6.018425020447049079e+00 1.201752371914620365e+00 4.150985440519372460e+00 2.585553285164239323e+00 2.549577075286481254e+00 2.049862126213822577e+00 8.650969782923123574e+00 9.958397278783481354e+00 7.220130060264377647e+00 9.563239197789680901e+00 5.047224878428405503e+00 2.766506692817501278e+00 6.611718864785526506e+00 7.222882879290485114e+00 3.495617784254365645e+00 6.383251153598752836e+00 9.029578031709734276e+00 7.298568550084248763e+00 4.552718907640254997e+00 4.733870399378339755e+00 9.610294370433614120e+00 6.105796704511051942e+00 7.582515845676470079e+00 4.412574456951522173e+00 2.312953573522949835e+00 8.509966790439397855e+00 1.657680941888894921e+00 6.401730718927535868e+00 9.229970636657419902e+00 2.065374325410711531e+00 5.723252304176255301e+00 8.802572930880675273e+00 4.717552439152584043e+00 2.762767430826055026e+00 4.573134358509411967e+00 5.594082091167098092e+00 3.944727270705250533e+00 5.670594391431531101e+00 3.628478087170841526e+00 2.929959260993190817e+00 6.184460503573863122e+00 7.481768181413313457e+00 3.843763470079774258e+00 1.500101993290328561e+00 7.588188094449680676e+00 1.959451645011465626e+00 5.038380123124881038e+00 8.056703141454459427e+00 8.750112719572134878e+00 6.282838855913741583e+00 8.575848726417943269e+00 9.909069039296406700e+00 3.561452109053536930e+00 8.004802983707655528e+00 6.711085076245439041e+00 3.711819268724072085e+00 2.093538824155436906e+00 9.879644494145040312e+00 3.495204716712144499e+00
3.172792260684885068e+00 1.784599077076584495e+00 3.991525102442051498e+00 4.778858595963477285e+00 3.226766198225458737e+00 8.198800363274987291e+00 1.324980169466642543e+00 2.712635191453464767e+00 4.641148484918161898e+00 3.001993118460050347e+00 4.952844140726513800e+00 5.191256146780071745e+00 1.178979494610371326e+00 6.568367050054826350e+00 4.046848973387218606e+00 3.463425794547541958e+00 9.109894210463853170e+00 2.374944194713795032e+00 1.567651958858836014e+00 7.684505972971605203e+00 5.174651151663533177e+00 9.717341465352197005e+00 2.145533462027502392e+00 6.259770723571421946e+00 2.407547723962054409e+00 4.970079450488556816e+00 7.584313317707554347e+00 7.539228278641700420e+00 2.102916896310135009e+00 5.103732454188969925e+00 1.781497598621029077e+00 5.877019500587711498e+00 4.679764790399441488e+00 1.043747278521991007e+00 1.243107108305067321e+00 2.911507117519586352e+00 5.271481220943905477e+00 7.038223071693856525e+00 8.658706416259256855e+00 4.872417080306919779e+00 2.992394204171274996e+00 3.794388883277849622e+00 7.443843027930501677e+00 4.027721757586022022e+00 9.841750012083437582e+00 3.670881546820672803e+00 8.250175595588988386e+00 9.288588996053860569e+00 6.322633342130050238e+00 1.625161012801517479e+00 9.775175138393716878e+00 3.208189933185190412e+00 9.713757698442979205e+00 4.548144016562570613e+00 7.707333494213165714e+00 9.922784856791867725e+00 5.782074656481644759e+00 7.160928766934377521e+00 4.543889377260114770e+00 6.964423356241533192e+00 8.101599170381446058e+00 3.768115391048523666e+00 3.901783998869492898e+00 3.140678484694960027e+00 9.730596969018604270e+00 2.185883704517197046e+00 9.767420634204457386e+00 4.765788172330399419e+00 9.849384056293390088e+00 5.251975968586299004e+00 4.785696311466560715e+00 8.949203674374357931e+00 5.651161901923074993e+00 3.563454668614114418e+00 8.154802157413154617e+00 8.752521824482787594e+00 7.070163074790103863e+00 7.473874161739360922e+00 1.670122849726876968e+00 4.284383376504372620e+00 2.069587566330410855e+00 6.814035362860089151e+00 9.071022921814439144e+00 1.521225536626366726e+00 4.052838810575325468e+00 2.446980156712394994e+00 5.167105028358838226e+00 9.452303210510855536e+00 2.177115097627688733e+00 4.128376699433376373e+00 4.360014881536548259e+00 5.281073577668902175e+00 4.914041706565528855e+00 1.812373147545867091e+00 4.741149921355953367e+00 7.104241963754996725e+00 3.120994557567780436e+00 5.708772794641340020e+00 1.757770495644235931e+00 4.379413599419974545e+00
5.973508378270068420e+00 1.235146149090079692e+00 6.689872064675722818e+00 9.662745855044152066e+00 6.959577375204631267e+00 7.468160050500504354e+00 6.996878628799607647e+00 5.523597942719678855e+00 9.537674576962865913e+00 3.785969784334773269e+00 9.089696859785680871e+00 4.143420514736858351e+00 4.839069421735830545e+00 9.547473277597619656e+00 8.916718667099436502e+00 2.369624402771861149e+00 8.631863915296406731e+00 2.850638483680059121e+00 2.617924199354053183e+00 3.333356841285795458e+00 3.323400463649092362e+00 9.783809122063294339e+00 2.934600242405053905e+00 4.872259004726057441e+00 9.082301455704484994e+00 1.530719049612210281e+00 6.834069891741714642e+00 2.582345839381397834e+00 9.479216171685060033e+00 7.581523578570042332e+00 3.348489569643918085e+00 4.612386261331044679e+00 3.161724730359788182e+00 2.201172496052065330e+00 3.234025158672945821e+00 2.831330719378824412e+00 7.638537066875496606e+00 5.650246064360556986e+00 2.509128346388897590e+00 3.273785538498651615e+00 6.035267716107534319e+00 9.708360045608490196e+00 9.213301039575085838e+00 7.895787622129590844e+00 8.690082349375042980e+00 6.625529898219373770e+00 2.116720105524084072e+00 3.684477428160117363e+00 4.244981162960604237e+00 3.324198684469636955e+00 7.702029184831284958e+00 3.241781270687993821e+00 9.528333822060872649e+00 1.410039988526402333e+00 6.987807855638225263e+00 1.919290637712369296e+00 3.720857004601057394e+00 8.532321516549693285e+00 3.877492748277059142e+00 3.544072850280393538e+00 1.933530284655670783e+00 1.076290044326423612e+00 6.608821860205599918e+00 8.876492868058011965e+00 3.323691597309956336e+00 5.083849980992424022e+00 5.843615067911003713e+00 8.967433367528681032e+00 7.361967785625391336e+00 5.626205045896666590e+00 2.743452556376994700e+00 6.253712199360301760e+00 9.082682566486223408e+00 2.210237209034635164e+00 5.869719983594715806e+00 7.277050801679599168e+00 7.597988652749354976e+00 6.973448399743297443e+00 5.811749990928676723e+00 7.861781629382113223e+00 7.458671534529231373e+00 1.707984900002406548e+00 5.798953580926436757e+00 4.692010878419299758e+00 9.093668162901664687e+00 5.572738351651051580e+00 4.878835961192827142e+00 1.230708998528251108e+00 7.187732255079975374e+00 2.982064103114276499e+00 3.662138486096170986e+00 4.640266471883993660e+00 7.025725230252498399e+00 9.097612261012075763e+00 4.752603648523727742e+00 8.396220314081160652e+00 9.390854424294719394e+00 6.742045196260339601e+00 1.677353491446609723e+00 7.554103243669651135e+00
1.714877707326795786e+00 9.838009148985280561e+00 5.522495290537703383e+00 5.988195468234267516e+00 8.224560833777275093e+00 7.425223696687302422e+00 9.857967156924864582e+00 1.092200231519850906e+00 9.665046215552726139e+00 8.042506454937051075e+00 4.013082140345508364e+00 7.512584301419509281e+00 6.650898454797442128e+00 2.698369801435670290e+00 7.516242716975961358e+00 8.703451364131694845e+00 6.582910056104657848e+00 7.412204405455993239e+00 7.381499742473035752e+00 2.423724774616493605e+00 8.713967460492348494e+00 4.170534477580751798e+00 9.012848787873519285e+00 9.868116233712191487e+00 7.539353275235700202e+00 8.451441406478220841e+00 1.826168241477876819e+00 3.796377270808621418e+00 2.234655040929176106e+00 5.147723195105145422e+00 5.312290806935162202e+00 9.162046729973248205e+00 7.798897484790551005e+00 3.089023080865978876e+00 8.378751528223531864e+00 7.169300293443943595e+00 2.894470490877548485e+00 2.486938547034553082e+00 6.991185615983126489e+00 1.889077378183889877e+00 8.617082431642167251e+00 6.329034801250180031e+00 8.686744709364582206e+00 8.681206655731731558e+00 9.155187946799237864e+00 5.664313548266514786e+00 1.620410356973249755e+00 2.067805880941151919e+00 7.690432077893349039e+00 6.291144402611441144e+00 2.633749884542954778e+00 2.370483613203424156e+00 3.912140877489986845e+00 6.059610215858101334e+00 8.793004289825773867e+00 4.420401914666276966e+00 9.548678579718847814e+00 2.613719849111416416e+00 7.613190369224410503e+00 6.177234295066100778e+00 3.833592785015039972e+00 5.879545009213099860e+00 9.768675515331604942e+00 8.232649780710648457e+00 1.477581317306069453e+00 9.240831711938390924e+00 8.079935355804433783e+00 4.601780571431563160e+00 8.262065107771130457e+00 3.712194287455717667e+00 3.179370845986953409e+00 5.119204213853585372e+00 6.254957539581400994e+00 1.706065077914352246e+00 8.113839588142354842e+00 1.756252076529273953e+00 4.378144999073755983e+00 3.324416812062844784e+00 6.641705775171595327e+00 7.517365997200628591e+00 2.593812415375911229e+00 8.257564720512394985e+00 5.216037035481882356e+00 5.916915069575649611e+00 8.205973736222411219e+00 8.287297848168257985e+00 9.565668247850888761e+00 8.865166461693473110e+00 2.846751511694013193e+00 7.478257781657475789e+00 8.658391075997014852e+00 7.931414548243133744e+00 2.541844690005219398e+00 3.285307924171608107e+00 2.762510620681784879e+00 9.860060554931129317e+00 2.333179730880887703e+00 8.188062362578119036e+00 6.176877020829397047e+00 3.796106468037414139e+00
1.223834915231461373e+00 2.735936612438913951e+00 2.752905311686816958e+00 1.526806379286742787e+00 6.183518298053249040e+00 9.094525565800681832e+00 5.817049438917247350e+00 9.216794196025173136e+00 1.829508996657742248e+00 3.025122347756816765e+00 7.487221548998600262e+00 3.811347291674842097e+00 7.719006426878102900e+00 9.559289067112077376e+00 2.432377066657818165e+00 3.465119498170719403e+00 5.208813808031722559e+00 2.113952618422437535e+00 1.441825991104612292e+00 2.658431536412131813e+00 4.704688498488545534e+00 2.550671104840953607e+00 3.159473439321894617e+00 1.932681250098324810e+00 4.812620049698958624e+00 2.398368436346352883e+00 8.358447611080459083e+00 3.893372759762483870e+00 3.542832786078720542e+00 3.221608956162993920e+00 3.332135283388211633e+00 4.362396544672159315e+00 9.797178879033392462e+00 1.768274153235457558e+00 1.610301287715136809e+00 2.761207946086995602e+00 7.162029026636153262e+00 3.215286672754134489e+00 8.688523443402587532e+00 1.413485922942414597e+00 9.632754319379440489e+00 2.484337987086261190e+00 6.682026551626992550e+00 6.812428050045821415e+00 9.982772927408056773e+00 5.508744704081447452e+00 7.469543684015216733e+00 7.133965544968585704e+00 5.543085636155714369e+00 4.421584498009309527e+00 8.627148495966984854e+00 9.599284779375782506e+00 6.870777776507421386e+00 8.244008697799833030e+00 8.210344797829764119e+00 5.841261306719671254e+00 5.664509408390289380e+00 5.151723461873198850e+00 5.661418843458292827e+00 1.188190473661657753e+00 5.315184871631415398e+00 6.279157519072951388e+00 3.009511974564167414e+00 9.550854155512872978e+00 2.880691070253817099e+00 1.931865883339577206e+00 7.901938584038790125e+00 6.505696095327744288e+00 8.876052704089259393e+00 1.515713929703260021e+00 5.720224273284665983e+00 8.045407460140022948e+00 5.757346804251570305e+00 8.508587837769225004e+00 1.261938162456023527e+00 3.441980602701158798e+00 2.385650976175213600e+00 3.392744722293007609e+00 9.216912679321362489e+00 7.665238046601549726e+00 4.884623326573573898e+00 8.057432201195707577e+00 5.466620647241640540e+00 5.785320298860080257e+00 2.433212957278012123e+00 2.810469319807949340e+00 1.210758536498855564e+00 5.034140279970984011e+00 4.444175668463947737e+00 5.191035323190797079e+00 6.328749003095078152e+00 3.695410086249591775e+00 8.031364375968127689e+00 6.965928297291223537e+00 2.089936828679333836e+00 5.009778540382685996e+00 8.739873040986072539e+00 8.983795292283687672e+00 2.516987121134556027e+00 3.203691263988677207e+00
8.091557378202919537e+00 5.693464823200200975e+00 8.090741176895864584e+00 4.709882202991563460e+00 6.945774168878354971e+00 1.645369214480266962e+00 3.409594688716925948e+00 7.904229789488097957e+00 5.618273889250247066e+00 7.746272882415408567e+00 1.592438701607823415e+00 5.013565683970424125e+00 7.403776693068926384e+00 6.065376228108839030e+00 2.773734510267642506e+00 4.712028672308202104e+00 5.729570960896695375e+00 1.345907866750247095e+00 7.686056373279463116e+00 1.733132666162073843e+00 8.510162233636874518e+00 7.988359770177417829e+00 1.739250998474656917e+00 4.913372304017137537e+00 1.254809952725138622e+00 8.495639489082446261e+00 6.740972501580304588e+00 4.686878356985689997e+00 2.283193391811917383e+00 5.455003500461474530e+00 8.192019389860638157e+00 8.032290735531155690e+00 4.029979916952765251e+00 4.685966183538607943e+00 8.558819286832218154e+00 1.706500997103623796e+00 4.153009409694375265e+00 3.755947952826187652e+00 8.027483224020908636e+00 2.174881884115468900e+00 5.866256240520128173e+00 5.059345403697203203e+00 2.741126288937707933e+00 4.104040734411691815e+00 5.680406019977771948e+00 9.213627664661444783e+00 1.701042665714678215e+00 4.709077925091529337e+00 4.069449584230334871e+00 6.455072246007910408e+00 7.434322172442901611e+00 7.963172838365428774e+00 9.469119580048465323e+00 9.790096357922498882e+00 4.305931938086766664e+00 9.311926846367482469e+00 5.084883105890793509e+00 8.741261870245173426e+00 5.750996370051950635e+00 1.028167453023655753e+00 9.444902865275251358e+00 5.586047316092424886e+00 1.485773165137058260e+00 3.727138148401263784e+00 8.939860240793965573e+00 9.112631331876627883e+00 5.890573358359184830e+00 7.716238949875467767e+00 9.275982929807732091e+00 8.800926593822403277e+00 7.941773411532992100e+00 7.034719120142262305e+00 8.702441979873045241e+00 3.309398974391926096e+00 2.144855497775887798e+00 8.208693436926079556e+00 3.276909002982739683e+00 1.677881101312758361e+00 7.217508019627294935e+00 1.724303970178270085e+00 1.429920453931937896e+00 2.174422178958297813e+00 9.126007202455220124e+00 8.343554622715076974e+00 8.982852754453535482e+00 7.995169439468970296e+00 1.956500675391027233e+00 1.398678902918794043e+00 7.827167670740949212e+00 2.188993385034346595e+00 2.719078412320439231e+00 5.923816687231078681e+00 7.241632729990925554e+00 2.756132447492580795e+00 6.937785974594558702e+00 4.831592005107342658e+00 5.115778191786654716e+00 2.903884959375426789e+00 7.626504572773485258e+00 8.049987056744807745e+00
2.391210482235880619e+00 5.079546965641494438e+00 5.562926495362699342e+00 5.636398984956496605e+00 2.748716427087690484e+00 3.815956368081777406e+00 6.953755559325039748e+00 9.054054186010926486e+00 5.874983713032071009e+00 8.903953071533061703e+00 1.643382932106527861e+00 9.118287505865295017e+00 2.854295348972471391e+00 9.714509536067110318e+00 5.841295549896231343e+00 8.854274497500782104e+00 6.260014837175962299e+00 5.553151973424522048e+00 7.500495513866178854e+00 7.829387173636502162e+00 7.737955401274539291e+00 3.080534380113514992e+00 4.934111182055513467e+00 9.428770250984287671e+00 3.036081498699783943e+00 2.951179739353229525e+00 2.794316742600936987e+00 7.138444256769060914e+00 7.865244949854436562e+00 1.092642376733244713e+00 6.082105233330175054e+00 4.918172806980636302e+00 9.147749897786814799e+00 1.487516823553515444e+00 5.671614053266234023e+00 2.031827742313541130e+00 2.896417610191975189e+00 7.872488080130817245e+00 3.530074046274188859e+00 4.761905870838671895e+00 6.521179900367252813e+00 3.329045263870314741e+00 4.558070307492115170e+00 9.798128286138201304e+00 5.113233698870775612e+00 7.315384571064789121e+00 7.360258053976821202e+00 7.584586012971785252e+00 9.194423720712162407e+00 3.993443208196729710e+00 7.620520371152699646e+00 5.743927286403642363e+00 9.590858143988949536e+00 1.490595584629015757e+00 1.513185969825496580e+00 7.617605160543265974e+00 1.361711223610600374e+00 4.815679204124707624e+00 6.930207074987980498e+00 9.136137407280779499e+00 8.977106719612802266e+00 1.688273931001011308e+00 5.224374240629395594e+00 1.386095646516983360e+00 6.911298077317743704e+00 2.067307847459615822e+00 8.290798663879204611e+00 1.157084489410443284e+00 2.605030921268988386e+00 5.001633738248738581e+00 3.120305955151970068e+00 2.710453579417006154e+00 8.077672331581567278e+00 1.909024348165335727e+00 6.991407608637635995e+00 2.567788328402580866e+00 5.199557412687889624e+00 2.145899767163710781e+00 7.898685234990908910e+00 3.521178795276632023e+00 8.667142254769647280e+00 5.896142185794463586e+00 8.670227348113806798e+00 2.012154069183018645e+00 2.972659568223557258e+00 1.570741024743484981e+00 5.153775713211292242e+00 5.169909075692970646e+00 6.394093036095617855e+00 2.967925941951900182e+00 6.960924452225653702e+00 3.393517945633817590e+00 6.261514300033800495e+00 3.284830511724901925e+00 4.529128095595461367e+00 9.668154852790218357e+00 2.998905570764866191e+00 9.594609806799924812e+00 3.812369736184949343e+00 5.391830137774068277e+00
7.340857512534547880e+00 3.415854410615527303e+00 5.952934408800887311e+00 6.165920290006067006e+00 6.240204262756578579e+00 1.034385682138106333e+00 1.740456170425277449e+00 1.006529166493824734e+00 8.866281919119156640e+00 5.608748835884409090e+00 1.679537127077292524e+00 6.140802286257195597e+00 8.686824550817508594e+00 5.439741088994026086e+00 3.478283907944573539e+00 5.942915843496593631e+00 1.232091101737660788e+00 1.676297453602042520e+00 5.851353362183060014e+00 6.365823579504195529e+00 6.638449746061296786e+00 9.778549954393856325e+00 8.653951614418012639e+00 2.896076355946909153e+00 5.360893790389958724e+00 9.450177777886082708e+00 7.599777602136541965e+00 1.740992641296275956e+00 6.168592554004238337e+00 6.597315476266623513e+00 6.399846151580969256e+00 2.548350291526015887e+00 7.578407776689096487e+00 4.161294156896250485e+00 2.738735281056287274e+00 5.949164615244430188e+00 6.037120579928703989e+00 8.204074328126566229e+00 2.620641681919521293e+00 2.653929767499849657e+00 5.527622390367823435e+00 6.582378026519104530e+00 6.612676789243354669e+00 3.324354468887963154e+00 9.907968825812503155e+00 1.931146833713152322e+00 3.332858014617052334e+00 3.830762833803684320e+00 6.537232990943593336e+00 1.334563241471944384e+00 5.232495440232010964e+00 3.594821253139915740e+00 8.542877934241122517e+00 7.515315815128740695e+00 4.188679719250256284e+00 7.855919250826724820e+00 2.188201337912233591e+00 9.300577287873068144e+00 2.673868773208307292e+00 8.204722878654484575e+00 7.788269580247586532e+00 5.932907799033050544e+00 5.297515862064024361e+00 3.456899976546378372e+00 7.339811831121822117e+00 6.240952253389506765e+00 1.512907813809664104e+00 9.395925508106866886e+00 9.926852858132036772e+00 8.165322291770353402e+00 7.687336744873374705e+00 3.574419985247431875e+00 4.130718083582278766e+00 6.012755106718300269e+00 8.393177464671104815e+00 6.578388185101612606e+00 6.713013177554086219e+00 1.065914990565712817e+00 8.559580718588504666e+00 6.488251063395672702e+00 5.262215269728977241e+00 8.227745363007596069e+00 7.125791031022452593e+00 5.129003596334094972e+00 6.626002999826349438e+00 9.850568954536200295e+00 3.770265877894192208e+00 5.498737117278506226e+00 9.338831277998059122e+00 4.820740565089277396e+00 4.984230633691238310e+00 7.962556740936952870e+00 7.257207746285382122e+00 8.235476056193135719e+00 6.068711711233944150e+00 8.791638946623134387e+00 3.306692948108385988e+00 3.142251170804914562e+00 4.504756344200359308e+00 4.537203015768580094e+00
6.089516300211112565e+00 9.081241468340657264e+00 4.501707334902837587e+00 1.615636173893430838e+00 4.484499248898106138e+00 4.383887407857650409e+00 6.698405730496030941e+00 3.263983343585552088e+00 8.448646162555785821e+00 7.362853704271024924e+00 3.057486560705402923e+00 8.005927918718242609e+00 1.893146174398271597e+00 1.756845383815316630e+00 1.963426062771396641e+00 8.982008926428532547e+00 1.144105831099990755e+00 6.402634016139816531e+00 8.262179729694659969e+00 9.497010906774523420e+00 6.946514276576794877e+00 4.953183547601836878e+00 9.316017315477154170e+00 5.456547574744727847e+00 5.764234786625051399e+00 3.872974541310611141e+00 2.798406951078091343e+00 2.952023167914268331e+00 3.796284362910468779e+00 3.310824483468491231e+00 1.053998087400634276e+00 3.552570825474246519e+00 2.446318297608072179e+00 6.135028705861740761e+00 9.151394640712732453e+00 5.374781761367394495e+00 3.997395671192825795e+00 3.790703498620923817e+00 1.195998904271919905e+00 6.684374284460808724e+00 9.646608954221921550e+00 4.774977417928464973e+00 5.417263236116312441e+00 6.041148589768031485e+00 7.964841166462226063e+00 9.512753924003089168e+00 1.329866624216072379e+00 6.709475814380396308e+00 9.717642829303988705e+00 7.577786453498754682e+00 8.344764350883661308e+00 3.466415804120672739e+00 8.594319164172713243e+00 1.726093417959873699e+00 7.514751330831108689e+00 3.257665848658000129e+00 9.231619464143923537e+00 3.836883044887852812e+00 6.158136215495934707e+00 9.740901598484208890e+00 3.471430603124012748e+00 4.749950698371147695e+00 8.585680148104966491e+00 9.660390560378116831e+00 8.589903864541764023e+00 7.965792144264884911e+00 7.885100544973463244e+00 3.142145880573623096e+00 6.846552120152078480e+00 6.712109396478081358e+00 1.736325970527490048e+00 9.494058854067036535e+00 6.191169019574867427e+00 3.254080844483129287e+00 3.076807308591365420e+00 8.643143934891003966e+00 5.424123618036447603e+00 1.431375747979277691e+00 8.337864035393138806e+00 2.138040119443481490e+00 8.532631162995748753e+00 4.002275925150249769e+00 2.262954503339779322e+00 2.766029208941288342e+00 8.757120674097453872e+00 9.931696515935524161e+00 7.968006001609672317e+00 2.201163989837545465e+00 6.115546678432843386e+00 8.277770305128907324e+00 3.665210152623927797e+00 9.182383447421162970e+00 9.814522716528950141e+00 1.059297437639318051e+00 8.517908006471909488e+00 9.910779073659846006e+00 1.417168548415992158e+00 2.198368724653731565e+00 4.705126027137024103e+00 6.791556414770181682e+00
9.874134567026821685e+00 1.692912995939716225e+00 3.045677110925522513e+00 5.305578600204331252e+00 2.592183835786848967e+00 6.431716136233679215e+00 3.728516850979185282e+00 5.816837726162219724e+00 3.791398734410847293e+00 9.925127717354314427e+00 1.679088064743454289e+00 5.843137353673961698e+00 9.522041350113433111e+00 3.524359750529217905e+00 3.273810729957623344e+00 2.084501823184369051e+00 8.573326030115476115e+00 7.877660350458983274e+00 1.134781036567149792e+00 4.513809934513826505e+00 9.617711618329449763e+00 7.803484098338002717e+00 9.292884312222922105e+00 2.327166381563208208e+00 9.029677696143597387e+00 5.911510707481864024e+00 1.131179515797727797e+00 9.417698982417965325e+00 4.242028442985160908e+00 3.944392802508798646e+00 7.226059334968850223e+00 5.577208638531641505e+00 9.441854898456348621e+00 9.525672690978042922e+00 5.763566369383524624e+00 1.526799739071409201e+00 6.064304251152147884e+00 4.738032718386770092e+00 1.033186386227858078e+00 8.871375336660284106e+00 3.678906471679656232e+00 6.853555405467866457e+00 5.757791519232629440e+00 5.847874379818279955e+00 6.419867087919117310e+00 9.151727268341346644e+00 2.772321987942051980e+00 5.426304196976700744e+00 8.435767299040207945e+00 7.245343696719192650e+00 7.233073559463911728e+00 3.501294100357121408e+00 4.024269507853416528e+00 6.250847930136037789e+00 7.284324903187699540e+00 6.914883249072742544e+00 9.441290361270013420e+00 7.315960442153534693e+00 4.385112619046090288e+00 8.430434182341626226e+00 6.346745694418321371e+00 8.516526246793629795e+00 2.970025857426955795e+00 6.015814403997527648e+00 9.984222481009846106e+00 2.461921809487176205e+00 5.347926159121259460e+00 4.169874256808196122e+00 6.303094751714964694e+00 5.156518278509259368e+00 5.723535645143044803e+00 7.315222717885052184e+00 9.109377830319075997e+00 1.221403020718290211e+00 6.873974291476713461e+00 8.243501619949791248e+00 6.224742214233788040e+00 3.947178829935431565e+00 4.635903564394935117e+00 2.639298922811211590e+00 9.700163505171090605e+00 3.585590124864219241e+00 6.854177818680357248e+00 8.152260930330589517e+00 3.307155077549214006e+00 6.119422637803346277e+00 7.053057075631626205e+00 3.820931915460934025e+00 7.694135856873832502e+00 7.121287535351263465e+00 3.685886499780421488e+00 7.243940023710318421e+00 9.235805489077391073e+00 6.528491603305877966e+00 7.468009108363838244e+00 9.244701216124211030e+00 1.412869284590202668e+00 6.076593959044415350e+00 4.652258948244591963e+00 2.327425383042014406e+00
8.077453952639961798e+00 6.551848573479881033e+00 2.841440537191417537e+00 6.642305203919788070e+00 3.322922754860125227e+00 1.236864027731049642e+00 6.518475715130824355e+00 8.214714160102797536e+00 4.085906399994566840e+00 6.720783085471898843e+00 7.775546003427844965e+00 4.103570949669513190e+00 1.042517626083239612e+00 9.497060519395102318e+00 3.985367031594319265e+00 4.655344454831364054e+00 6.014262668674607681e+00 9.203555880710911907e+00 9.045211525409888154e+00 6.225360112801793022e+00 2.086511099788368018e+00 6.823102905289883502e+00 6.157157127831744958e+00 1.370236214785153006e+00 5.833661387802166587e+00 2.829103278626155848e+00 4.540550181556299414e+00 2.571358098030315897e+00 6.534938008717062985e+00 5.247108701511800533e+00 3.092974418589125918e+00 1.924980168452311791e+00 8.871400987485877465e+00 6.519425433207816312e+00 8.294204309886753279e+00 6.479420301349749778e+00 9.645351348134624914e+00 3.352295324158955481e+00 2.860655664022420552e+00 2.219423361816464269e+00 3.623056367038810954e+00 1.575637498211792664e+00 7.017266485927400765e+00 4.374642788478253053e+00 6.240335723993250205e+00 1.300483609849140798e+00 1.227259944971243577e+00 2.489528179430356758e+00 1.399642390192162411e+00 2.774798805190876738e+00 2.361136160535281192e+00 5.411029932261481434e+00 2.715527345090597677e+00 3.649019973718504950e+00 6.403291748205811373e+00 2.298437733397373783e+00 3.499034836937246595e+00 3.750392208315105336e+00 6.891425237125745618e+00 9.427477945879507715e+00 9.907327440347470926e+00 9.922051123095224412e+00 9.906120723044926635e+00 5.359847777640795563e+00 7.399919114522527153e+00 1.381153768232975754e+00 9.557830136540959032e+00 5.070911078245440962e+00 2.760963197613151898e+00 7.748496680714743512e+00 6.473402084927843525e+00 3.048109492485446825e+00 6.741753025593712145e+00 4.794621210693541968e+00 3.867678470635378840e+00 9.941360986852243897e+00 6.394452694713699259e+00 5.223091371418573381e+00 2.771759303920058759e+00 1.551470297154833311e+00 7.287693719290423644e+00 5.945453972716137514e+00 1.152196157359578033e+00 9.531243530573629386e+00 4.013643045715756585e+00 8.170437849449974976e+00 3.222763600255175387e+00 2.072782169962988696e+00 2.206866349720735698e+00 6.757897422838097690e+00 4.654627384998402562e+00 6.559778536495343815e+00 1.805224275993372762e+00 6.676140477263243334e+00 8.389448569397004007e+00 3.658078663251927320e+00 4.177694975348852147e+00 8.979390442067522571e+00 9.174503879092101855e+00 5.255227387643084391e+00
6.219758752198539575e+00 8.534815293200033182e+00 1.142407937495310666e+00 2.915707579065381694e+00 2.779691325231489873e+00 3.143638389440092329e+00 5.165885200972540225e+00 4.662023564659921959e+00 5.116471765201572985e+00 5.579482308486292119e+00 9.701584551048537008e+00 6.363640005142729095e+00 1.891477978941642268e+00 8.970186005484309888e+00 6.373847931675673095e+00 4.149574521113545522e+00 2.032515597517424055e+00 4.301049465376583392e+00 9.254759708690578179e+00 9.193804550351286409e+00 9.754987879892636826e+00 8.728252788722901556e+00 2.666088990097364331e+00 2.131198536696731871e+00 3.433770027990999285e+00 2.717499245734062097e+00 5.402061985771704045e+00 7.952911059208632061e+00 3.301110581895915441e+00 5.128130908729370496e+00 8.999649457460529689e+00 5.368808094247270901e+00 4.202216420149559539e+00 8.144587301620747510e+00 7.764768853575921170e+00 9.748251428832297449e+00 6.948134749487394402e+00 3.085247171591710469e+00 9.217491487130629935e+00 3.244724338889783954e+00 9.862537844646315222e+00 5.186544409859823013e+00 6.692195794466416991e+00 7.168595113388427364e+00 7.120743349587751680e+00 3.755767413809268263e+00 5.712433311921429890e+00 7.374234412476505796e+00 2.315292266268673238e+00 3.165180462470534639e+00 4.868489105838151865e+00 3.045071443862036098e+00 8.849779047040506441e+00 4.213751766181650815e+00 4.832353748367291146e+00 6.398806042577890096e+00 9.825973420029660232e+00 2.464219228595577960e+00 1.610658689310529912e+00 1.946700107300114890e+00 3.209094003416271157e+00 3.499557821642127919e+00 5.412735824102067994e+00 1.668954736276689665e+00 7.126927406839820733e+00 5.855586117989038719e+00 6.655071166225789092e+00 8.027953482417139242e+00 6.672985952869415094e+00 1.967612345868530621e+00 4.680933858748542065e+00 4.688200562878664712e+00 2.316239257000284990e+00 5.555484722783152307e+00 3.450260341081395232e+00 4.156739425942106436e+00 4.478399057360595847e+00 6.735049363568169412e+00 2.207244339156634094e+00 4.120772032829815856e+00 6.109689423799880004e+00 7.150514569044903901e+00 9.703246780228974799e+00 3.369901370755473025e+00 7.874496421790174061e+00 8.688649193751746935e+00 2.122002230108767762e+00 7.814041346738992644e+00 5.312355545163985227e+00 8.413394859356216671e+00 5.140638526794768737e+00 8.166881889622667146e+00 2.474622191721184805e+00 3.948381216081680023e+00 5.872628449429342368e+00 5.776336305821589079e+00 4.469981321654686646e+00 3.352330816091808163e+00 2.218169081250637387e+00 2.289547933681424396e+00
5.349368235953402717e+00 7.120624159198873926e+00 4.837618693711100093e+00 7.051557117307005740e+00 3.232015355923112843e+00 4.152548785326856340e+00 1.126762436818139257e+00 5.477446948815847705e+00 1.654597486936144835e+00 9.477540961496831784e+00 5.477424416594224965e+00 3.475166263599525074e+00 8.066215027777055013e+00 8.183922628771844288e+00 8.881984691405639509e+00 2.874131151227849568e+00 3.939633036752910655e+00 7.700780737254497410e+00 7.811665946668957972e+00 2.586311477287993377e+00 8.476314957299919683e+00 7.219554700097348565e+00 7.436321259628213554e+00 2.932209408995323230e+00 3.860634121614038516e+00 2.502502987228404585e+00 9.269922541483706979e+00 8.922793806088145985e+00 5.687843959630004775e+00 2.787175550368551136e+00 2.656203900504997772e+00 6.942132808153145263e+00 8.322974120405110199e+00 2.118923726388311835e+00 2.826294453365290504e+00 7.671844741340455798e+00 8.335637789266097997e+00 2.180614322432149699e+00 3.553360441694689786e+00 9.151289095136107221e+00 5.700519515025144202e+00 1.007810477527898430e+00 9.337674687601920098e+00 3.179113567959523046e+00 8.521381261927780670e+00 7.315005685573034988e+00 9.913574376296791613e+00 9.127412590502569145e+00 2.770499469253163483e+00 8.245057298910957400e+00 7.010917217186745098e+00 6.863776890482215620e+00 4.414991887136990201e+00 1.790340944159691361e+00 4.462589096858830651e+00 6.911359561528254147e+00 8.147365150558751878e+00 7.798285832929435557e+00 8.438542466765921901e+00 5.898371013445192546e+00 3.308221592111032727e+00 5.531625478435394427e+00 9.935621338038956196e+00 9.552489563608473233e+00 7.883232462719619527e+00 7.651027436529534320e+00 1.174313519067545108e+00 2.338564751695456412e+00 4.188979500596915706e+00 5.642383640841469372e+00 1.444416938952041818e+00 6.001704013773167645e+00 4.012674514993565644e+00 1.774847871911306108e+00 7.861271370424030458e+00 1.126955751789118221e+00 6.689339980499162230e+00 8.625639151237393776e+00 5.853538627214923018e+00 7.193042281605871224e+00 5.639807385059652844e+00 6.289096913025431057e+00 5.073560641365540747e+00 6.952999484311149558e+00 3.173760729729118157e+00 3.937417621237870868e+00 6.466765554182963172e+00 7.671835345208252832e+00 8.744582852411351581e+00 6.910480935246879675e+00 7.592650611233221269e+00 9.776432177801307688e+00 9.430365061267684368e+00 6.838552408837110796e+00 7.510229965336024271e+00 1.042282926686880051e+00 6.365429961471960496e+00 4.349105199812754563e+00 4.502496756066320494e+00 2.427274607240411886e+00
1.460377582351318093e+00 3.909173820102643138e+00 3.592122845651352758e+00 9.427810998693928468e+00 3.524622803528122184e+00 9.012341988864569942e+00 1.862698657759831233e+00 1.854761511529956497e+00 6.037425555478627359e+00 5.481443880908688726e+00 1.257581508922323010e+00 3.872626894246545604e+00 9.340978147465635928e+00 5.932796824750901088e+00 3.624372107008624333e+00 6.428322256223377273e+00 6.025739899244509701e+00 6.818532456199644542e+00 8.769187492280380525e+00 1.330894683482644059e+00 6.807166315775339704e+00 4.802530077421258703e+00 7.131563602269825886e+00 7.067271129915186911e+00 1.551155032288577429e+00 7.367458944178622460e+00 1.922894833157140493e+00 3.886478060006568924e+00 1.369399801511907988e+00 4.321865652995311891e+00 4.047672896042861623e+00 7.119254195605201119e+00 9.419183817586285201e+00 9.964976526270017843e+00 6.721299196351329996e+00 5.034090677709222916e+00 6.708260998810846587e+00 1.395057342559741453e+00 7.133329048274378081e+00 1.263992226977419309e+00 1.021946000834652146e+00 7.931330683027593587e+00 5.558641974374996408e+00 7.467654272333746235e+00 1.193981311775747844e+00 4.710357433536808358e+00 7.234510655104530841e+00 3.383252271422999335e+00 9.784870002072045381e+00 9.264115560332943033e+00 2.045807333339361378e+00 1.397409286699835551e+00 9.179503850536523402e+00 7.726811604462999306e+00 8.377788413008776303e+00 3.362036649796496857e+00 4.219420663563003160e+00 3.873384232405616245e+00 5.329860239383890530e+00 2.031871530993122565e+00 2.440134358466576003e+00 6.612173942775755542e+00 5.795652857214428799e+00 8.176117954796481513e+00 9.051537773335867954e+00 3.264838259554191602e+00 1.659737068848536889e+00 2.113022173848859264e+00 2.896841543929966178e+00 1.926722777164132649e+00 1.000867455824246743e+00 4.595988580294322112e+00 4.713501970546968955e+00 1.157382763932493841e+00 3.042614358743773284e+00 1.394765424147133670e+00 2.892846524451342383e+00 4.332390678970381437e+00 1.919052337955478915e+00 3.556482111939101021e+00 3.081940372339095902e+00 7.781465420348141038e+00 2.646723473621938716e+00 4.518146326753529785e+00 1.218836296818794018e+00 6.247715963713826426e+00 6.066241722019727334e+00 7.361536790799267926e+00 4.388078978129293262e+00 1.711595002766643336e+00 5.046459423213489615e+00 3.405502126649384120e+00 2.196085402054666513e+00 7.224065054904756700e+00 1.189724989983116599e+00 3.629249601471034481e+00 8.319666488190042841e+00 8.865571422631358445e+00 5.412772796145044474e+00 2.183933545021604417e+00
4.014374332134226897e+00 4.758904387063392250e+00 5.143615117101266954e+00 6.815057765197840567e+00 6.811315191536583491e+00 1.232950314487100574e+00 9.176059380663302179e+00 6.809644970729879176e+00 5.657486156914368181e+00 9.775206764453841402e+00 7.414578701789646509e+00 7.903322283898283729e+00 5.224971788305868614e+00 9.569512106993272482e+00 4.620895332336613315e+00 1.620096998890480755e+00 5.294285408685222016e+00 5.505848254200881087e+00 8.362120177583960867e+00 9.636118921117578395e+00 9.300823546836637590e+00 7.418221110838040921e+00 2.359597995706213425e+00 8.381665989915038750e+00 3.137784450880821030e+00 2.967729780030351705e+00 4.951283244901653724e+00 3.385947667607558387e+00 5.352749946529860914e+00 5.458815900505864960e+00 3.926702546530759008e+00 6.212729216614958361e+00 4.278258800590555744e+00 5.756039079104763090e+00 4.765964831983891870e+00 6.764996329211814263e+00 1.543468759127270662e+00 8.606309008266906702e+00 4.497921286315770928e+00 1.434570595479683686e+00 8.232169341023205078e+00 1.842723146219516162e+00 7.757404219081115215e+00 3.518833671949028297e+00 5.196498146665198270e+00 3.158220252572530917e+00 2.743049678930880031e+00 1.490229232939001447e+00 6.427205222331961565e+00 4.351620892457474632e+00 6.806422578036847248e+00 6.384434951571861028e+00 5.803108741396713732e+00 7.856495588454090573e+00 6.321036688604887210e+00 1.463942457570124311e+00 9.354882416057650474e+00 3.726655485999275097e+00 9.668158587510378155e+00 4.981706231670814056e+00 7.974213480527318154e+00 9.593512709965926533e+00 8.920040816966423591e+00 3.128112924370035852e+00 1.682362704998610070e+00 7.319748931677045434e+00 3.309585736961355718e+00 9.115590825791489493e+00 9.401314832548882450e+00 1.050802561388160639e+00 5.137739975362645595e+00 8.892705628809503438e+00 9.638738557730233580e+00 2.872028186754959744e+00 5.344991118990832568e+00 2.927956198666639587e+00 6.994029040091960248e+00 1.493111142361001953e+00 8.865353115695658204e+00 2.662578591826330054e+00 5.091090105293169188e+00 2.640775799403128232e+00 2.182200182121182053e+00 8.761162980762534858e+00 3.635610861734571042e+00 7.026489291084372368e+00 9.062941370308660538e+00 1.044848685353407358e+00 9.274300808348151293e+00 3.783031519923504948e+00 3.796585993347812771e+00 7.348777300129723855e+00 9.259775806794518616e+00 3.868139002724181985e+00 8.066150091298270652e+00 1.294367786524046604e+00 3.928277162400115152e+00 7.416450791083029515e+00 4.801416533862585823e+00 8.701662917486814308e+00
6.416394467768865795e+00 1.319707921493404434e+00 1.894505893953373210e+00 7.127108400236352281e+00 7.846336408177049471e+00 4.577654359508816384e+00 1.780615853170635088e+00 4.954814055992451394e+00 9.283203255674228771e+00 2.845373311450527964e+00 7.548918969340807195e+00 1.315582537693091858e+00 8.437192677158289911e+00 4.185792064732692275e+00 1.402953579991661925e+00 7.094393384005357461e+00 4.050263484541458681e+00 9.240271821188011714e+00 4.123716058038716881e+00 1.905452254945705803e+00 3.754572020924629605e+00 9.920104230570643722e+00 8.024165266720176604e+00 5.600672155952530318e+00 1.955482805446567607e+00 8.487914665827927863e+00 1.728270130716200725e+00 9.529751117451921161e+00 2.757691069601739375e+00 8.986944187962933484e+00 2.590354441411935049e+00 6.606536018140111821e+00 5.330549712229881720e+00 6.297661410702433571e+00 1.788344311133163167e+00 7.674847066973598864e+00 7.490368712192254641e+00 5.276141228839477115e+00 6.170223996542152811e+00 4.391308551588803510e+00 1.750508224946087932e+00 1.139355548653272487e+00 3.443852780189921248e+00 3.601596826465857770e+00 5.271367346971389090e+00 9.385212014702045025e+00 6.841179697197756759e+00 5.692907796797290310e+00 6.734791301627831572e+00 2.495932545928481794e+00 6.185088681126194032e+00 7.332341405640103282e+00 7.362349022203318327e+00 3.024295572385937714e+00 1.781051010719976624e+00 3.236131519238115484e+00 8.635007029280773239e+00 5.091063022284757267e+00 6.180719763301532055e+00 8.681047702922864318e+00 6.913126159949856131e+00 3.787265496319565994e+00 1.038411503585451978e+00 1.920198246396733754e+00 8.305673509489984951e+00 5.579485811406915019e+00 7.019711276485532281e+00 4.291546285459073573e+00 8.259899656477443841e+00 5.321888314319891400e+00 6.038616265757680956e+00 6.081491506004067737e+00 8.109098317009278745e+00 7.374121053889323818e+00 7.938972311743864196e+00 6.354379082128909673e+00 4.278280225441104534e+00 3.567377440934691002e+00 2.646262070801370214e+00 7.957830493499202795e+00 9.223055015080113606e+00 2.138339205071083882e+00 8.326894361402505496e+00 1.708052835941133107e+00 5.752997275022252666e+00 7.015240559846475321e+00 9.605233677875961718e+00 5.948591715642086442e+00 3.090381692112750489e+00 4.111009742180220528e+00 6.126038480791606844e+00 8.963538421895325570e+00 6.224173142228972111e+00 8.964265590672599870e+00 6.998450374030297461e+00 8.175271221066182648e+00 9.072933730966608934e+00 6.463240810842322048e+00 5.523605450153209695e+00 1.188949806575671175e+00
4.899832117223198225e+00 5.165980555681722208e+00 3.296148974405133547e+00 3.879294821836635876e+00 5.242625513248205138e+00 9.490318176919881665e+00 9.423701117644389669e+00 6.322086815751185362e+00 8.773445549340296523e+00 8.141721102672907051e+00 2.951115177685457613e+00 6.665642921071828653e+00 4.348694796632342374e+00 2.878953363639778829e+00 2.052665022823997543e+00 5.545399632900117837e+00 6.572957929093439233e+00 6.623070035873585226e+00 2.428780762992323261e+00 5.689277008493659693e+00 4.281548375535049189e+00 8.411726267767067000e+00 9.230126663917712193e+00 2.909498648437757407e+00 9.711308180254379252e+00 3.431651140317052651e+00 2.935813750074147244e+00 5.787415010448047958e+00 5.360669541652804071e+00 7.862590904239961098e+00 8.590157951351448773e+00 6.561834538038203490e+00 1.871147978287272418e+00 9.072890605814377452e+00 5.924579880753846339e+00 2.107939124900747974e+00 6.246957951163390810e+00 3.345595130393699712e+00 5.583891801760142215e+00 2.941989281530790201e+00 8.137006245301773077e+00 9.083292224865878950e+00 4.960024091622177167e+00 4.488152855617947523e+00 6.007075335261434113e+00 3.548365785232738823e+00 9.999408427694277179e+00 8.400800240953461895e+00 9.667526268845218596e+00 3.242185166354034198e+00 5.434053753425416744e+00 7.929899175354683472e+00 9.082208635283805620e+00 7.677404137078676527e+00 6.045187368477826340e+00 4.745542651125693290e+00 1.970726070062812862e+00 1.117683855837261042e+00 8.064215393267279097e+00 8.137070824958492210e+00 1.311321939128976544e+00 2.983693586180204527e+00 8.683918987462675432e+00 5.742033434932451108e+00 7.471400957481048266e+00 2.045624004961235087e+00 9.113864139242480178e+00 7.146428674984919738e+00 2.317511024783193374e+00 6.328584183986341039e+00 9.363604441851165916e+00 5.762889104151499353e+00 9.579174386703813937e+00 5.898452730935105137e+00 3.756430654122099977e+00 6.884226843602720969e+00 5.137333958932392974e+00 6.351945481994711429e+00 2.221988767529973874e+00 7.355168704056591622e+00 8.079489282122924720e+00 5.588063980725949342e+00 4.436080333364028405e+00 8.171861604714823812e+00 5.202199935206019532e+00 3.691331261953778142e+00 8.364721290367167938e+00 1.946317690052719929e+00 5.351786841293927566e+00 1.206418557792104274e+00 7.391198965080835848e+00 3.873769338697889530e+00 4.137715545749459878e+00 6.339229488523065115e+00 1.726082489523958596e+00 8.259952485513961662e+00 5.075799731864379716e+00 2.220269763356752524e+00 2.153985804623519851e+00 6.023744344779164095e+00
3.670434567619945021e+00 9.502737868275131561e+00 5.416720613398704920e+00 7.423715742653794081e+00 7.977242032872625899e+00 4.539644217422639016e+00 7.442907131814957999e+00 9.502067990122666785e+00 5.809578554895412417e+00 3.166976028642780605e+00 3.960689530138151060e+00 9.737981143295458608e+00 1.585306439655177702e+00 5.867232769266932380e+00 6.807200756316729162e+00 9.144716166082600850e+00 7.718556099681659788e+00 9.917218421429600639e+00 7.213423178736362296e+00 4.883273305989549229e+00 8.023253432414545472e+00 8.264413156719717435e+00 1.723234551961159822e+00 7.222757917443088260e+00 6.521777198997876113e+00 8.315397033364046564e+00 3.913274147810930526e+00 3.513644234766226226e+00 1.388710136920548344e+00 9.018903943699021042e+00 7.851888672977149319e+00 2.693465218741254219e+00 1.287987186949205887e+00 9.536261477537726350e+00 4.080175928597734369e+00 2.342388164829079855e+00 1.419783294078984959e+00 6.001360541495417422e+00 8.005432811672706706e+00 4.712516396991639489e+00 7.045737543187138741e+00 6.254358908489740188e+00 1.139582936209135866e+00 6.525857573282645596e+00 7.746196608534392070e+00 9.642577545643980841e+00 2.349755849184483214e+00 1.293323840015974335e+00 3.158309372471540755e+00 4.531987989577721976e+00 3.938195748680019204e+00 3.995297932097307658e+00 3.896604062193623985e+00 3.958062849541122308e+00 7.066911684986648012e+00 3.529256686834261192e+00 6.820040195155300466e+00 8.118571335135250422e+00 5.395610299814357802e+00 7.168837102879855649e+00 5.698770478830379460e+00 2.734565358288914005e+00 6.083500631954752436e+00 4.062828123423366300e+00 9.051172823955614177e+00 8.736632473308716840e+00 1.377111720404361472e+00 2.989478198871065029e+00 4.143042866125377088e+00 1.836984698383374859e+00 1.359089837044365368e+00 7.623105986381753851e+00 7.193687214655498430e+00 9.987188844281442712e+00 6.509346308022157856e+00 7.269577088196675696e+00 3.668430933100290225e+00 3.600642454721978858e+00 8.185987918857261292e+00 1.163276440993867844e+00 2.225713945023469087e+00 2.760438114840937374e+00 8.311723384389324565e+00 3.534718893203796952e+00 8.160247049396273766e+00 3.423039751927835717e+00 7.085626815752639196e+00 4.868295460118710949e+00 4.754091847714319030e+00 7.355404130198244239e+00 8.203514420796139461e+00 6.304351174347377906e+00 7.430255708922696378e+00 3.717802042808301621e+00 1.589437264096642766e+00 6.030037423027281740e+00 8.736194336896595303e+00 5.226185724504205155e+00 7.821535733556427950e+00 5.799194920401403941e+00
4.462865312233709858e+00 5.208980194578006540e+00 6.007306140425259677e+00 1.316145345439679648e+00 3.754328011244289609e+00 1.910731305140939362e+00 2.872464139635422242e+00 6.214321261192679025e+00 1.045764505082927620e+00 2.720174512969484315e+00 1.119440123652691188e+00 4.534078174767869562e+00 4.415605486039698491e+00 3.464864144468135621e+00 6.358368458525998079e+00 4.741296981241632125e+00 9.549268466401283462e+00 7.368562370335157929e+00 7.759713603699759155e+00 4.640743582505463039e+00 1.863785781209210679e+00 5.583042301401502705e+00 3.017403619916297686e+00 4.413173671771539297e+00 5.096959526537097496e+00 7.832468728932416191e+00 2.175151138578209409e+00 8.205629672714223943e+00 2.251095571088418179e+00 5.458186334414669716e+00 8.076556353653639775e+00 3.921948223078374873e+00 2.316279395106437100e+00 8.177866316641120292e+00 2.381130297135038987e+00 9.117477553986452321e+00 4.810120173920365616e+00 4.118773755427278971e+00 5.970987423462753796e+00 6.228834584781010264e+00 8.100510952952017618e+00 9.535573379836836949e+00 1.415100101775979224e+00 7.256739190088801195e+00 3.755759759625658667e+00 6.107895755930051962e+00 1.605663219696724209e+00 1.982648622955932805e+00 4.356985189503394196e+00 8.979039471366201397e+00 5.489198212970958224e+00 2.678442206746093568e+00 4.302333124389939201e+00 6.570667505658772001e+00 6.846335825607780201e+00 7.144246373198345879e+00 6.374983587288669540e+00 6.467947851842196449e+00 8.085042727614290214e+00 3.228759619284355509e+00 8.644047521445081372e+00 8.602151920189200496e+00 9.371103264910127351e+00 6.703961049890086343e+00 4.678393575149101480e+00 3.535761418373914111e+00 4.596649965969874074e+00 7.470482754940252157e+00 8.575066134875086732e+00 9.359881365922207763e+00 4.033968408204406941e+00 7.547737394575607439e+00 8.213653022123317271e+00 9.825751483551156795e+00 9.284760793684167623e+00 9.386802213672325479e+00 9.158400647482530132e+00 7.091821275687654413e+00 2.971124940954522842e+00 2.985476906021656163e+00 2.386587732303344644e+00 6.083830614765890488e+00 8.256797184963648562e+00 5.589436522921578110e+00 3.283671223122755833e+00 3.185720986676421340e+00 8.396793812769100640e+00 4.644771035801906756e+00 7.577467732594765693e+00 1.646815838491390238e+00 7.322733306348139237e+00 7.829839672937972672e+00 5.739266519369600417e+00 1.602590669992377315e+00 5.620086100887538905e+00 9.097103555994447532e+00 6.816644863333445770e+00 7.649698548151207866e+00 2.856963945801293647e+00 6.925556041650041017e+00
2.001034361704943532e+00 9.759854521350636247e+00 1.799879094365091303e+00 5.523486321833996016e+00 6.456173238728098340e+00 5.791496769144544920e+00 9.939937465812613837e+00 1.038329440992507902e+00 6.998116202147239839e+00 2.446272447387663806e+00 9.607658408693009022e+00 7.018381853645820456e+00 9.826891926994587578e+00 4.804564313113463214e+00 9.950060959294434682e+00 4.638978249485047556e+00 7.941153203625740176e+00 6.786576795394005046e+00 1.445786423161483425e+00 4.258510666024879043e+00 5.219775214315723666e+00 6.423792512973924396e+00 5.301244524682083181e+00 4.600165918949844723e+00 2.778593561400834577e+00 9.235966879188346468e+00 4.399056913983335093e+00 8.511936253283588272e+00 9.122404891586761266e+00 1.321507079609489654e+00 3.903064714696417248e+00 9.219061273960587499e+00 4.003909633961876935e+00 1.996504641803760860e+00 1.524322203215347837e+00 5.004171559605309128e+00 3.778892227229459611e+00 7.557625722417336434e+00 8.292447111205738963e+00 8.463513113329399928e+00 2.652777647222119839e+00 4.800792786415262192e+00 1.212180424439756488e+00 5.116628924169077663e+00 7.235893386135160199e+00 2.948475236429812796e+00 2.033792515844785598e+00 1.079749812837146550e+00 1.804494508488423188e+00 7.820209808049451539e+00 2.855416072917582593e+00 2.035886204432834301e+00 4.902842959413695745e+00 8.583024664984140628e+00 3.368834717611440599e+00 8.537797366330854842e+00 1.557406331121227838e+00 5.591147010181327204e+00 6.328410046839359815e+00 7.787861229704776456e+00 1.603141614354449462e+00 1.960557677064086235e+00 2.296954723223296746e+00 8.051864649702761056e+00 8.952421818929147790e+00 1.944272867908305003e+00 5.156465788457731847e+00 7.014991622883147038e+00 9.556965567332811773e+00 7.943375861668632965e+00 5.378426924080786264e+00 1.562004362183512018e+00 2.231142452021014133e+00 6.753670206004411369e+00 7.431286225798120704e+00 2.421852386108569899e+00 6.686740826586415665e+00 3.032198608456424527e+00 8.408956232358024252e+00 7.032774271014118561e+00 8.176070201125963166e+00 3.275240619448189339e+00 8.037517937589456096e+00 8.456704026210022818e+00 3.847902857200367510e+00 6.106323716380937405e+00 1.354805191822842758e+00 3.376510084580408133e+00 5.547594841249408049e+00 6.109250188076437382e+00 2.898300049950337076e+00 9.266711366543130879e+00 5.624143490605987949e+00 6.780212096388149590e+00 3.358687834161888652e+00 2.810656869435010030e+00 1.916527226117125782e+00 5.125594979695859088e+00 3.287593500410216141e+00 2.896777096439029364e+00
4.125668347787592616e+00 2.723272089236850935e+00 6.380535930791443988e+00 9.378493749013523839e+00 1.234984831923434001e+00 9.436967188261199624e+00 9.457315812426781321e+00 3.734512047782523325e+00 8.736069575957545297e+00 6.903203516842930654e+00 8.369208854976239564e+00 7.129180677948646405e+00 9.349578093278964275e+00 1.605527357817696288e+00 2.483027218068698083e+00 4.086511132607084207e+00 6.763969569756090650e+00 2.478747319497001556e+00 4.551416363687785349e+00 2.488376003244816559e+00 7.282087760659231357e+00 5.033917403869722307e+00 3.722057753265946012e+00 1.950155614842819407e+00 7.938756640924828467e+00 2.082904312917838840e+00 1.874358868094964992e+00 7.028384983257466523e+00 5.186590718374617381e+00 5.017211349119028441e+00 4.618963438956646961e+00 1.408602387631563424e+00 7.794803760896743761e+00 8.478339485496977801e+00 2.893413907449158273e+00 6.777820409205961738e+00 8.643914228098237729e+00 1.457168688678429191e+00 5.768231229474583444e+00 7.464085086475400921e+00 9.593610121423305159e+00 8.525727410118683736e+00 7.608260376687558946e+00 9.733572007337620846e+00 3.363620185531371209e+00 2.099736353972489589e+00 1.543535693526589814e+00 4.313627919755368190e+00 1.270191383058887791e+00 6.103138324636523393e+00 5.661593399902087320e+00 8.341191783517928116e+00 4.747052434785484110e+00 7.635430888279310047e+00 8.973484320423345650e+00 8.961159515702156853e+00 7.694036689760529235e+00 2.018759868311066796e+00 8.559125435262176396e+00 4.557618962035556720e+00 4.092994851849258708e+00 3.180892955618235263e+00 4.520822450377703916e+00 6.258744521820737816e+00 2.436992831104908941e+00 9.472110918251892997e+00 4.492415459757841845e+00 3.638409558546590539e+00 7.353704761959130032e+00 7.750533082403537222e+00 8.351811665262738771e+00 5.776525202141487902e+00 3.440658645651136105e+00 7.426815308585173803e+00 3.381998615980531309e+00 1.459341845954763794e+00 7.906212461965908211e+00 1.698968577421178017e+00 3.614075936490811713e+00 1.004853419902913547e+00 2.367261823833949119e+00 9.602688045795700233e+00 5.123348935507631374e+00 7.100641869946876739e+00 7.356002791891375736e+00 9.575120126091462680e+00 1.598871920099178112e+00 7.078277885402754599e+00 5.595374065017811205e+00 9.967721532017980834e+00 9.389067648045960723e+00 5.283237433701482466e+00 5.475270918841235179e+00 8.801626886919343917e+00 4.587075073217452115e+00 5.872497498940123073e+00 2.777114385816353614e+00 1.144947647374841670e+00 5.804472716067880178e+00 9.088780026155548697e+00
5.781813425689442454e+00 2.513507564471682443e+00 6.017302572160367014e+00 1.859250039966714674e+00 2.253095685520535074e+00 5.272841974334863124e+00 9.757151086659188621e+00 9.826314166993901367e+00 2.664299001057129246e+00 3.325103760440494494e+00 3.254854147544431697e+00 2.072177985750839113e+00 3.477344061462241065e+00 4.676811339852251059e+00 6.803399207946462468e+00 2.037545683816691877e+00 5.384908637879690652e+00 6.768467301174916351e+00 1.522818408131119128e+00 3.897745446368010569e+00 1.147583578346738520e+00 5.980232579528035330e+00 2.643946473300732958e+00 8.036634323852478445e+00 2.662787050103593067e+00 5.874252831210162284e+00 7.168587530732448698e+00 9.101196476101604205e+00 1.678891150329864468e+00 3.373129839323312229e+00 3.625653640585767779e+00 5.342662734695726279e+00 7.748483223212681459e+00 2.044865651582386867e+00 1.126149584103250945e+00 7.358930831190797051e+00 5.834952221986997145e+00 7.321960475202649477e+00 7.278725296682589274e+00 3.082225310155568110e+00 5.391346848150634585e+00 1.185824598639380500e+00 4.804964665642431854e+00 3.041746120383800545e+00 6.974889614439055308e+00 2.424893521411503716e+00 9.926659578788189719e+00 7.064650934202984622e+00 1.457202085999529828e+00 6.670389991445242472e+00 1.099864083474567211e+00 9.747622110211027646e+00 1.552388258864317194e+00 4.966660230806811072e+00 8.023680183468833604e+00 1.468008809908130541e+00 9.430302299713613223e+00 8.562045345148259656e+00 4.915002485523205955e+00 9.185591379888100150e+00 5.980873796306486412e+00 2.316456989257823729e+00 4.253476409731762331e+00 6.848148987814047572e+00 5.678331408602653063e+00 2.465364687516443443e+00 1.305770106114817697e+00 6.885803964146665734e+00 3.201908534217568381e+00 5.015685149361188699e+00 4.549796485523322609e+00 9.485038947396500220e+00 7.765433614012218655e+00 1.485035535698327802e+00 9.373081549478861518e+00 6.015710016933081938e+00 3.324940593772550468e+00 8.606561358431413566e+00 7.431419157909513906e+00 6.271318744731233075e+00 8.298387301042755126e+00 9.362453428940604283e+00 3.214820862158698667e+00 8.796348169741735390e+00 8.296258351517813878e+00 6.773683772209528442e+00 5.223162558837286085e+00 8.742688345333043287e+00 1.408579020793435888e+00 9.267740213610412781e+00 6.112595846960920731e+00 1.742338260704840103e+00 9.670211619543314541e+00 9.217886090728526938e+00 5.986631858383463012e+00 3.488918302889865153e+00 7.409525869819979960e+00 4.061432593120336776e+00 8.666546269798161006e+00 2.389232290985138007e+00
6.220873443836154593e+00 6.873407588063227713e+00 9.428224904037113774e+00 1.153633074355830068e+00 2.248221391246326029e+00 5.896565387992069418e+00 4.910618031674196970e+00 7.962184677150584200e+00 2.275877956213236519e+00 6.863230807430309888e+00 5.217177254233162920e+00 8.128078194656605859e+00 9.128768790520631171e+00 7.866124290574847855e+00 1.739597623033127816e+00 2.622423548118304470e+00 9.933317478497745157e+00 1.111913087336269257e+00 6.986442306780331180e+00 5.873738035520600143e+00 5.849942438621765994e+00 6.594954489568793043e+00 7.727490908364968547e+00 2.805159930945732238e+00 3.487964723797487565e+00 1.993765568410024613e+00 8.304380279218833039e+00 1.795903198222989605e+00 8.592613264392731764e+00 4.063236847046289846e+00 8.448834790761958757e+00 6.452455022744959301e+00 8.710248179137703772e+00 9.792210999512848346e+00 3.927238442139217689e+00 6.879029743916595052e+00 1.244953194350288284e+00 1.927433981667816987e+00 5.419608104972852836e+00 2.750319319078000202e+00 8.695319268571065408e+00 6.235107034401331738e+00 9.693891180072961689e+00 9.137451128172630277e+00 1.674736400284640103e+00 4.518503960721911739e+00 2.499108009801686681e+00 3.608431544434737237e+00 5.426899424411927519e+00 4.438068256571583881e+00 6.290989442727135561e+00 5.680777263305957447e+00 6.349027211335913634e+00 6.829099956513270619e+00 3.320444271816289650e+00 7.737548282533934341e+00 9.717063846146904993e+00 9.724161880710406436e+00 2.685708558202378082e+00 3.081140938684472808e+00 9.855980688481988494e+00 9.768896619316882024e+00 5.845911214739571982e+00 9.053645788177323794e+00 7.945531131863443619e+00 6.189276450948154817e+00 6.102628740412487929e+00 7.042599951295275496e+00 2.112490256070250982e+00 9.138442565297411946e+00 6.878490893875940593e+00 6.142924052029764326e+00 7.376828150508871751e+00 6.114888891146706307e+00 2.963311755917799495e+00 4.749441762729556871e+00 6.259391757227568576e+00 4.031562536685762588e+00 3.771404374450233465e+00 2.654794254956236887e+00 2.010601827647303441e+00 1.695994616144729683e+00 7.078134452769496043e+00 5.213009908297150830e+00 8.030169219307282447e+00 7.949606973970072765e+00 2.500221499479391873e+00 6.756936975229661968e+00 3.275624645282372960e+00 1.680440665720322135e+00 5.092207419798310042e+00 7.888741582964730270e+00 6.406288998231773668e+00 8.533828604738822321e+00 8.355476067238353011e+00 5.806578234020944862e+00 2.254433818166080794e+00 4.820985024786421214e+00 1.364448229124931800e+00 4.706590941467195144e+00
9.330571002869355368e+00 1.152282538006462520e+00 1.841957529255767945e+00 4.001221728400047084e+00 4.181079875606111607e+00 5.069152035404177248e+00 2.080801580379576521e+00 8.404544051886510658e+00 8.748372912433620030e+00 2.811831702274888212e+00 3.986987382597245499e+00 6.502958031159564278e+00 7.485445666862402092e+00 1.579324706777981646e+00 1.400462665807502338e+00 7.737701572574255060e+00 3.918623691022739219e+00 3.733362708287281784e+00 5.225424739086860448e+00 1.136943844030263051e+00 6.530568104503633009e+00 5.542497476457411310e+00 1.096872534064309512e+00 6.036045814320788239e+00 6.753097439974506067e+00 9.056750373328302572e+00 5.467597915542751430e+00 5.739876383124620673e+00 7.090244681917167391e+00 7.283670678769896156e+00 9.433674705281461570e+00 6.539438971056580563e+00 7.115040710261387957e+00 5.893412612748528012e+00 5.477509514089198284e+00 9.792996324538268738e+00 5.202495125646886542e+00 7.946602407935282386e+00 4.571359519905630719e+00 9.336232426958725128e+00 7.153997524799621921e+00 9.286193706229010303e+00 1.406589517528019417e+00 2.912766917733463856e+00 1.658457115247275571e+00 9.954735757766703941e+00 2.817394001852802532e+00 9.142874081391475727e+00 4.354549310462169309e+00 6.263841348761509664e+00 3.412245203771528512e+00 6.050354159588356318e+00 5.118800900601767623e+00 1.171732012823476943e+00 8.387181739838165839e+00 5.410511686999909919e+00 8.638200346918800676e+00 6.042672397161372722e+00 9.685144423778956124e+00 8.405577325683296408e+00 6.700968376845425567e+00 8.044865186584827299e+00 7.410139716545805832e+00 5.392619991227248555e+00 1.918692777774582581e+00 4.950599182787059682e+00 6.727269386639614268e+00 9.387881786025646491e+00 1.666696618630807425e+00 4.735455960215711357e+00 1.826270883879071327e+00 7.792857401406180884e+00 2.243665158042674967e+00 8.138491879381026806e+00 4.785457296944854555e+00 7.274579912510704460e+00 5.371808710024788880e+00 2.638959549839107410e+00 9.255809624188042761e+00 1.640608589861793920e+00 9.905116449101557308e+00 1.444930777297825264e+00 1.669953486609167870e+00 2.121481395912410584e+00 1.142647289514715059e+00 7.279819252171736643e+00 6.536358757305139378e+00 6.976278533712233276e+00 6.442016927379683899e+00 8.364537711990095659e+00 8.147784995500554572e+00 4.239843345499534344e+00 7.021154076709994030e+00 5.154264094458364198e+00 2.309233272728028474e+00 4.897130922691533605e+00 5.144343487016143079e+00 1.326660546924662398e+00 5.279344724370237607e+00 1.766900934658305999e+00
8.220672268221491663e+00 9.380865228606742434e+00 7.030187612284146681e+00 6.349637435803904495e+00 4.093363445055102190e+00 9.749539773272317689e+00 1.020891785830955190e+00 5.742094729521139307e+00 7.952672444058895174e+00 3.654507887889775652e+00 7.006650535426075521e+00 3.050436477274372393e+00 9.556266827046288270e+00 1.136051484623236352e+00 5.972457134487274999e+00 5.241079474331542976e+00 3.088670531219104731e+00 9.964305510849834846e+00 5.826513152407159168e+00 1.143050615553333316e+00 7.895991845888975291e+00 5.501165618776111543e+00 7.988151101429455281e+00 8.472632860051206194e+00 1.468510151115515860e+00 8.644391819301226576e+00 6.757515850028307014e+00 8.193052310427276552e+00 1.334412438623792330e+00 2.893031152221178015e+00 9.971220235892884531e+00 9.806111801357774382e+00 9.544657884814307991e+00 1.650520446587440127e+00 7.127421016380566243e+00 7.427918896068407051e+00 6.827267654944571440e+00 6.070621724535657293e+00 5.318035713607315529e+00 8.929189013712841572e+00 9.559868397827875341e+00 9.710065603244771637e+00 5.737623568375344263e+00 8.148357667219618961e+00 7.186636783850658183e+00 4.561090173360785371e+00 2.449877804726695807e+00 6.259974974785865065e+00 4.949410728490573064e+00 7.893753154996132615e+00 8.376954538866392852e+00 5.438594042512403526e+00 4.992161785559959597e+00 5.891175935296764088e+00 2.235133416323729971e+00 9.086498171057957762e+00 2.816644019237789287e+00 7.583744528117214223e+00 7.545343912470659831e+00 4.767409499981478227e+00 5.221128382800286793e+00 8.602009064216257883e+00 2.127976601401473822e+00 6.946669876855612102e+00 6.152413338534827858e+00 5.149836737700363543e+00 1.423381022141457342e+00 6.681367672440641670e+00 1.624184006237697986e+00 8.485326158166346389e+00 8.456093175569144194e+00 2.329442437171866942e+00 8.769380726265474379e+00 3.391478924994537181e+00 9.965758120851829105e+00 9.921168766274504947e+00 8.795424811658657305e+00 8.977026066733857945e+00 6.432357142419585116e+00 6.591696066488598404e+00 7.621796906766165947e+00 1.277411152376389136e+00 8.126291958237702673e+00 6.721164702773242183e+00 3.934900485747019339e+00 8.970465679406498083e+00 4.706584804474551298e+00 9.756735411378883782e+00 8.792207370643806641e+00 7.039356732135758854e+00 5.703656132813216928e+00 7.545950248956186712e+00 8.458976863221211673e+00 2.480953659867789707e+00 1.154513631448526034e+00 4.257024487495350229e+00 1.158539139444014987e+00 4.201628379497184262e+00 4.970730317396244935e+00 7.035068537756078655e+00
6.447532946100958284e+00 8.370214247887403758e+00 6.984199179589881012e+00 3.928768616529450419e+00 2.841265399239305545e+00 5.009849357721045671e+00 5.135667353284312675e+00 1.582019431409896981e+00 6.804983999607317813e+00 2.255817554151970494e+00 5.441731728846779248e+00 5.526404938198973937e+00 5.131707090053851950e+00 2.667821594076998259e+00 3.839319948444420927e+00 5.870672746510132711e+00 5.282332200315789095e+00 5.367870429240210406e+00 7.825544552692087485e+00 5.257438733781349960e+00 9.440453714338095992e+00 6.592112821078013774e+00 1.422654468667870820e+00 1.762083247854636880e+00 1.478835460615294473e+00 8.410074131892166349e+00 8.704571418652056636e+00 2.510393601271732500e+00 8.338170122488088865e+00 9.721938413778051569e+00 1.107722678936044147e+00 7.194496816469081679e+00 7.102372128387660410e+00 1.312283444456170844e+00 9.606488757345184482e+00 1.137722776108193390e+00 4.074794635031839363e+00 7.289451625446639049e+00 4.612430130583935473e+00 3.614720159508566510e+00 5.379558280036423668e+00 9.305966599617557122e+00 5.745718271116599496e+00 8.024923678399932925e+00 2.315035606047752825e+00 7.858807745879036410e+00 2.039204573183483582e+00 5.373622557911529540e+00 1.764968201041644313e+00 8.891689668899598331e+00 4.176720429952998082e+00 5.931787238323245504e+00 2.706913280808696864e+00 5.231500033909197711e+00 7.102583229464610071e+00 9.775841690349926338e+00 2.109093737356551923e+00 8.194476355998448369e+00 7.183268324967134966e+00 9.400366723675606551e+00 6.507168006998912624e+00 6.626303677268128745e+00 3.750285399040916623e+00 8.566497589633780052e+00 5.057092939189232084e+00 8.495823709809798174e+00 4.945428575236448410e+00 3.704932006785754517e+00 8.595044954419467587e+00 5.819585021722240015e+00 1.211751408951385889e+00 2.778398539872576123e+00 6.369242204175067812e+00 4.272743021251683260e+00 6.852492201020443652e+00 1.032536636881503656e+00 9.567915938879183457e+00 7.086683105834977958e+00 7.420226013005364329e+00 1.303161092173708013e+00 9.447022140017946157e+00 2.348726794887391556e+00 5.354429865017903190e+00 2.211638257944623209e+00 3.629479059216825565e+00 9.811084392578811375e+00 1.487508982749535580e+00 5.050338774257076224e+00 4.802875693450224581e+00 7.116391204685385219e+00 1.892459847658611860e+00 5.083006778611370180e+00 5.972214623899372299e+00 5.238275615538280583e+00 5.859448132231916517e+00 7.901185682704399582e+00 4.153822157100995227e+00 6.437389692673324504e+00 5.711067230983435827e+00 4.087521153929191797e+00
2.620018355376644958e+00 3.850208815542057295e+00 8.950301141080895917e+00 3.600692181633923905e+00 5.510067673403104216e+00 7.413011216886292054e+00 4.819786911301555676e+00 1.945006946445440699e+00 7.557649804512488245e+00 6.346732733903726498e+00 5.204419628509247886e+00 2.886566103969350205e+00 1.354488881490885976e+00 1.645631209764193859e+00 5.213167730657672472e+00 8.045515499154177519e+00 3.259139567064112786e+00 1.088054254795961739e+00 1.470034290578642988e+00 3.271249968214412274e+00 3.257492962062513264e+00 5.050722362368796681e+00 8.150322846657008569e+00 8.684871874188049290e+00 5.706549729515646874e+00 9.357911067790400494e+00 1.251509575759506276e+00 3.850497149580782263e+00 3.182707961674967834e+00 2.874237039604686572e+00 3.420869874837461744e+00 8.988891192539469444e+00 8.450110381951468241e+00 1.971992212720941273e+00 5.791988893433717145e+00 7.051915474941996109e+00 1.063939088239501007e+00 8.025045683963776710e+00 4.867134841154983960e+00 6.857528753442315050e+00 8.972844881034209408e+00 5.050639711779048469e+00 1.812996100128164922e+00 2.240608283947977508e+00 1.676240387269161580e+00 1.290817682607304118e+00 7.954926416624312324e+00 7.086057702797656788e+00 9.034567569197047732e+00 6.673721703454310372e+00 2.047748328698100639e+00 1.807938712781346435e+00 7.318901825515477633e+00 1.406472302231023708e+00 1.722053079259380670e+00 3.667873566050209977e+00 8.957671350536980270e+00 1.774021554892312835e+00 1.179176417766448104e+00 7.794223204225842139e+00 3.307472126634106502e+00 1.440894466304147192e+00 7.705154806457428229e+00 6.153028818104717246e+00 2.037788893306275551e+00 7.415243152003921701e+00 4.641536398217693815e+00 9.886947021990664553e+00 2.869312971718061434e+00 9.989590904881854527e+00 1.333011001422855113e+00 6.172864215500336371e+00 1.163713660095416991e+00 2.345559341520977892e+00 5.524206731904834911e+00 3.657133666459409405e+00 8.822254557458329316e+00 5.380382402687782673e+00 3.737738673084418650e+00 8.771587237122510317e+00 7.890073871505429715e+00 9.479243322479211642e+00 3.017132737924106856e+00 9.428591220015590579e+00 5.789761969449985557e+00 1.599361270835852222e+00 6.943128771168795232e+00 7.217141169786447819e+00 1.710067403804381936e+00 7.245314762337600634e+00 4.882452722182089921e+00 5.360864347621024706e+00 9.389041724530029498e+00 4.191390118864645409e+00 9.709933159259659163e+00 8.043582288639306910e+00 1.336142238253080761e+00 6.649762096966139957e+00 3.873580652299603688e+00 1.841398418456475561e+00
1.228690086379097268e+00 1.074268259760918998e+00 6.167585950181561749e+00 2.220360034747788092e+00 7.946109197331301388e+00 7.834898453717741518e+00 7.306398218103173470e+00 3.792265533661999033e+00 6.542006818356025377e+00 2.151618057151766017e+00 6.828503494444842836e+00 1.689851714282035289e+00 3.272828844665359505e+00 3.268410397871024831e+00 5.237564916133973014e+00 1.979474822567691916e+00 8.220623691904743069e+00 4.700820926886497553e+00 3.231538426617756699e+00 9.789094649262613856e+00 9.832874542457643585e+00 9.194440741135284867e+00 7.679135785125263070e+00 5.605931552068047274e+00 4.754480607173043438e+00 1.605385784416837769e+00 8.404435795234864059e+00 2.382285612965228339e+00 2.029214949003328883e+00 9.403330350080508993e+00 7.793069209749119430e+00 9.211813289552397421e+00 5.589065361943347021e+00 9.649522822243422837e+00 8.074111557473006684e+00 1.993951120710825808e+00 8.348800307883294636e+00 3.270010812517036847e+00 7.426694805603873739e+00 3.120341299520712930e+00 5.337990686092950909e+00 6.102325253834243846e+00 6.605193039673602051e+00 2.360842022091663495e+00 4.935979230479777158e+00 3.376995554517746356e+00 2.111524836865156018e+00 1.324637882752117468e+00 8.009758222529395510e+00 2.355292782989764522e+00 2.712675815296208714e+00 8.519842229840204340e+00 4.649155259118495920e+00 9.019148974283440978e+00 1.799331651837179802e+00 3.457056894136105285e+00 8.268475291400243066e+00 8.268782826877991710e+00 3.880111902174115279e+00 4.398642800427067456e+00 5.038870997426760034e+00 6.393513438759597989e+00 8.186801708064622929e+00 4.029137365762239575e+00 3.831020383967809195e+00 3.412401347041236210e+00 4.841426483155098381e+00 1.205136975639294228e+00 5.580763604355282403e+00 6.701617516481171322e+00 6.783542736857588018e+00 2.780269871882054211e+00 7.992828635047117380e+00 2.626871047688926986e+00 4.574742376393039045e+00 4.630711930005610988e+00 9.414680093090458612e+00 6.309028364771544162e+00 7.796455885374065531e+00 5.966758737869831464e+00 7.063308113593551596e+00 3.377136041295629276e+00 3.550570693388056753e+00 8.142413922747509858e+00 7.883416789141207914e+00 3.456447945473138716e+00 7.978407427851694322e+00 8.652192204804450171e+00 4.475293387207175400e+00 1.868785256718341614e+00 8.043653826702982457e+00 4.750008949340024600e+00 9.850030404274242812e+00 2.602228961188999712e+00 1.627414971347395323e+00 8.760766423612000864e+00 3.780217060618335179e+00 6.446739098260107603e+00 8.085015605473053313e+00 7.736550043514499819e+00
3.249477393035379524e+00 8.201613562232829224e+00 3.295574840762125035e+00 7.185289190831989359e+00 7.839113589843671903e+00 3.226961074369262494e+00 8.554424993398686894e+00 8.314411846404439643e+00 7.891124140796597963e+00 3.155240269993027535e+00 9.097870129505247760e+00 8.059054193628572449e+00 4.918073143555041327e+00 1.180840384963817602e+00 6.393421215198517693e+00 1.690846994708734563e+00 2.121393416581685898e+00 8.594978554067363774e+00 9.661870043028404353e+00 7.515880422681896711e+00 3.433473403686626568e+00 9.671129444046478341e+00 4.687604510625074106e+00 8.431580025125054334e+00 4.822709819771116457e+00 1.369704213392376912e+00 3.800257655654405209e+00 7.179495113755824498e+00 7.074252340504785685e+00 1.127302494082237372e+00 2.916386611225420644e+00 3.935516529054755352e+00 5.007245548894802667e+00 2.993598423786921980e+00 1.555748786286351049e+00 7.538538059482654319e+00 1.633038943256918341e+00 4.758116572922218346e+00 5.102857186817524315e+00 9.150444526685587832e+00 9.978690916666183242e+00 6.855170124296362744e+00 7.445672254906292586e+00 4.528959799868720104e+00 4.818566731379696932e+00 8.500957539522648432e+00 5.545202944660340805e+00 4.201340090310297981e+00 7.844871485695499302e+00 7.149236755046493030e+00 8.449619555887352362e+00 1.520998782219615375e+00 4.569546403170170024e+00 2.797985385571733818e+00 6.603046946850726684e+00 5.132732419952880321e+00 9.044822657984184389e+00 5.967686162659113336e+00 1.891000336174659902e+00 3.169366847301041457e+00 2.978401767802119959e+00 9.508857046273691438e+00 5.300639495286406877e+00 1.941765316540460473e+00 4.043526110781330729e+00 5.849136916791589869e+00 8.424337722255193839e+00 8.323023093112066562e+00 3.227978581891373100e+00 8.626704275083579176e+00 5.947103070239665890e+00 5.256897797440052145e+00 2.488050695544860247e+00 4.859207706258372284e+00 9.569817226383507958e+00 1.809775715063880241e+00 4.120597639525557021e+00 7.269333804168991442e+00 6.220707151390942435e+00 4.010986127676439139e+00 5.127475752151055666e+00 1.942248965453147624e+00 8.189166006025191180e+00 6.634537261266552299e+00 9.828806631389488402e+00 6.763583788518528372e+00 7.491124119785729896e+00 7.952614379331759409e+00 5.029323518545575133e+00 2.545506196766183393e+00 1.390753425388240982e+00 4.589280428188275529e+00 2.681737245358067678e+00 2.746337124222374637e+00 7.676107329698928616e+00 4.222773425404186654e+00 4.704503325192943564e+00 4.641136945833273408e+00 6.646806980844691459e+00 5.642058583962878515e+00
