1.000000000000000000e+00 1.393019302292899164e+00 1.293598941412684056e+00 1.258418907958016586e+00 6.595862281803031024e-01 3.247950289067274010e-01 6.789090382861325823e-01 7.750737640789319149e-01 5.579858667166671671e-01 4.660462373316818785e-01 6.501708389444679215e-01 3.710831536425815425e-01 1.349621274741804600e+00 5.491404948201328295e-01 7.520455097105434028e-01 5.971621015213020023e-01 1.098875476814139107e+00 1.142171636641334143e+00 7.130958238508141589e-01 1.013172491413464105e+00 5.522318729766650947e-01 5.699850063991738214e-01 9.775567142540474430e-01 1.306766604439042245e+00 1.114759296802355859e+00 7.074278047825917071e-01 1.274302873275257042e+00 8.057323833971576921e-01 5.428659683261168878e-01 1.204913763462057696e+00 9.619786815695446913e-01 6.836111577955866769e-01 1.328853882115139884e+00 9.458010949480353258e-01 1.907223460409124549e-01 2.240901007486762464e-01 7.723677713949975709e-01 8.236629946973440530e-01 5.935130869018621080e-01 9.502841154689529723e-01 1.389418544859832627e+00 8.078291543609782410e-01 3.286723910100272650e-01 3.664205041450803724e-01 1.321133830216666194e+00 7.351855985107663694e-01 1.151260585530940350e+00 1.163953981348531785e+00 2.324614482713148744e-01 5.384587162472656008e-01 3.103083534389158848e-01 1.274206667411796223e+00 3.891446715741172513e-01 8.280849042419371475e-01 6.123557535217968306e-01 1.726990798317737663e-01 9.839638583642115188e-01 1.015256891165743580e+00 1.061493941715780931e+00 7.282275598128901128e-01 6.312469167645796686e-01 7.236099537968679885e-01 3.007121830678486929e-01 9.857381709889322385e-01 8.378631843248577349e-01 1.184139556599164367e+00 5.947794044908116806e-01 8.122611929909691053e-01 9.564011299661061560e-01 1.137393923721110589e+00 1.125048404358119702e+00 2.268757774975545816e-01 4.772964630491686733e-01 8.634749572691603481e-01 8.730505122980722899e-01 6.200999311452082274e-01 2.340827661449819130e-01 5.190061815294255698e-01 4.096751077766745408e-01 3.855193048981284676e-01 1.070933569138053709e+00 6.882076405730865876e-01 9.640913157817827539e-01 1.230946401847856642e+00 7.890204257747337468e-01 1.320141724154211937e+00 1.238800220370136929e+00 4.496340061627144280e-01 1.346928653851806823e+00 1.395978901956093088e+00 2.113050466248834747e-01 1.266407948932569028e+00 1.192062742165381550e+00 1.130963750236217980e+00 1.132108206537628003e+00 1.163540240981657314e+00 1.213670236088018939e+00 6.948756327022715951e-01 1.266041668156500988e+00 1.838913683780137309e-01
0.000000000000000000e+00 1.000000000000000000e+00 -9.580956191953546863e+00 -1.104032754091688773e+01 -2.122830064437220887e+00 6.545442318017475003e+00 -3.068298089515644200e+00 -6.514730100964294390e-02 9.920187244122027792e+00 8.708512941433211862e-01 5.174771517224236561e+00 1.608332083860530304e+01 -1.058407261441609570e+01 5.662384032967173297e+00 1.194792377974060460e-01 1.365201601712610824e+01 -5.862290628558537442e+00 5.708064927025181312e+00 9.884308881200984942e+00 -1.607363882358381346e+00 8.322973843665964822e+00 -1.607445280017120615e+00 3.203202286703891843e+00 -5.338828074249457600e+00 -5.372961414888794529e+00 -5.257077645409996336e+00 -3.277317517273311331e+00 -3.211964194755354551e+00 -2.650777699541405075e-01 -3.837773758110246458e+00 -3.788983213163052977e+00 4.990512278025271087e+00 4.433784463748185800e+00 -5.163594043608502382e+00 9.431630393522921096e+00 1.258305985627035994e+01 5.587167793367776802e+00 -6.790889895020219669e+00 -2.362449549981967323e+00 5.046597653119245130e+00 1.196783935582260705e+00 8.086332874636903867e+00 6.998080317229794289e+00 4.324197401881924918e+00 1.496878168745573723e-01 -1.234744277018639425e+00 6.090743785024518075e+00 -9.959505303232544904e+00 1.522470566445899820e+01 5.748629790025768571e+00 2.426100313754777638e+00 -7.636055962375429829e+00 1.357742465943402799e+01 1.522601719292945743e+00 9.809802898545454397e+00 5.824132055870339997e+00 1.201913843838755103e+00 7.052483368628882587e+00 8.349096872482945741e+00 -1.295080695621516398e+00 1.035786683622053239e+01 1.223661108978505574e+01 7.878440240152349894e+00 -6.159411940237095706e+00 4.499414184172628062e+00 -9.884413635045040891e+00 1.210387101795801890e+01 3.618260506694296885e-01 3.918147525163154121e+00 6.863924833614568399e+00 -7.411976249114438531e+00 5.815020356240125921e+00 1.264908665848581393e+01 -3.759946767079430430e+00 1.643153783781759802e+00 -3.794164937624448619e+00 7.856783898982198977e+00 1.445620397401567558e+01 9.217451808923197376e+00 -1.547410421521084212e+00 1.279958948514257622e-01 -3.619124112748517863e+00 5.919997246400181545e+00 -1.646407537344945604e+00 7.620070856796782977e+00 5.599587980464480808e+00 3.549203810655910729e+00 8.291182464659405227e+00 2.205554870660427991e+00 -5.958358035475982417e-01 1.283050540624546265e+01 -3.019789499876267325e+00 2.377905439984797642e+00 4.777938591145939107e+00 -3.006124121273788585e+00 6.282073686575054161e+00 4.713053443742353799e-01 3.577471356000416325e+00 3.252302159621289768e-01 1.901892882459952361e+01
0.000000000000000000e+00 0.000000000000000000e+00 1.000000000000000000e+00 1.165086456124430292e+00 2.649096630520006435e-01 -6.298013793360883739e-01 3.347936855675895940e-01 6.472555667659561640e-02 -9.322132011758380576e-01 -6.437144693500262971e-02 -5.071793078340262051e-01 -1.526223920267290701e+00 1.013545109601584615e+00 -5.540559493419695558e-01 -1.975358636626966050e-02 -1.238393210160522617e+00 6.715819228198293134e-01 -4.539448259019953080e-01 -8.938471764294440014e-01 2.437867214604432231e-01 -7.647794319327857471e-01 1.431634796526387032e-01 -1.731077188905004172e-01 5.919585202140701385e-01 5.361849956159990827e-01 5.550449162816476489e-01 3.579380349987719145e-01 3.189015410683463947e-01 8.390794193091517805e-02 4.445023352027877572e-01 3.860349479551226648e-01 -4.005426152078099822e-01 -2.849724861367072259e-01 5.697192317354062840e-01 -9.084988486220869630e-01 -1.140301763923649903e+00 -4.824900939456943649e-01 6.700905858216904543e-01 2.021386828246019007e-01 -4.682594410595584122e-01 4.977012829506756442e-02 -6.735720507427959136e-01 -6.103682291859224840e-01 -4.082635095724085339e-01 6.746768075091855166e-02 8.343864366082721917e-02 -4.182541755525604477e-01 9.464737294378983146e-01 -1.492229129721251102e+00 -5.589006031210156378e-01 -2.171454911090444362e-01 8.143159298930404688e-01 -1.237226415771779608e+00 -8.058022108265863737e-02 -8.775789535744936698e-01 -6.410764719045991544e-01 -3.957041521661652794e-02 -6.416749951443327937e-01 -6.522004664731994028e-01 8.483661338528927787e-02 -9.118081724288484846e-01 -1.081884140927669824e+00 -7.427967988731137838e-01 6.300147019323375508e-01 -3.688009555294123887e-01 9.854227496812845155e-01 -1.109391992816579853e+00 3.274238372751511056e-02 -2.848580791190368777e-01 -5.664849174920650876e-01 7.853636276877983269e-01 -6.262595933911517809e-01 -1.204263636565769513e+00 4.370403211032207746e-01 -1.664406365652420228e-01 3.943145284835192221e-01 -7.781261243201899047e-01 -1.373754560639694144e+00 -9.168302868899809166e-01 1.764856652033012230e-01 1.062081047680223794e-01 3.582328844675347068e-01 -5.300521617805322716e-01 2.517595610529920203e-01 -6.176129337631515170e-01 -3.485528220732734828e-01 -2.554331763204667483e-01 -8.110289353473673080e-01 -1.123129371718663977e-01 2.069848108416848798e-01 -1.277369599286504620e+00 4.291567956101110526e-01 -1.767612649817410786e-01 -3.185507098836946049e-01 3.526332695937126060e-01 -5.297362597532985218e-01 4.496658966959590081e-02 -2.731024113633245820e-01 7.009161943684306950e-02 -1.744269487703925314e+00
0.000000000000000000e+00 0.000000000000000000e+00 0.000000000000000000e+00 1.000000000000000000e+00 5.726025498947986403e-01 9.481438675045582576e-01 -1.799547086599868617e-01 1.623206558943235844e+00 1.130467590574875780e+00 6.101747873902787500e-01 1.128002702594844697e+00 3.213319110580869165e+00 -2.627131204746470772e+00 1.013624055851063188e+00 -9.123618932413949389e-01 2.238992303777533444e+00 1.251016806642952561e+00 2.491788027952664297e+00 2.694312244285800073e+00 9.976259894400810735e-01 8.471709914746549108e-01 -5.858412732390014810e-01 2.028983594290399761e+00 -2.279783788846510839e-01 -7.777032746783834050e-01 1.371198217632724869e+00 3.786096077102378832e-01 -7.594190611376707700e-01 5.172986648788746589e-01 3.135688648705939330e-01 -7.079364899072974060e-01 2.665012830224314122e+00 1.265124780024021511e+00 1.610030600627302633e+00 1.076636161868260499e+00 2.819327492990800987e+00 2.311790351184811687e+00 -2.566825568738069774e-01 -1.862653462359431522e-01 1.491883308922035800e+00 2.564245090216304757e+00 2.372788223447228617e+00 1.890067838547725643e+00 1.654266168692303474e+00 1.395930149177303958e+00 -3.559405441846923979e-01 3.387031190689390847e+00 -1.792822692631201642e+00 2.361792243648658030e+00 7.161160523617400298e-01 1.392967004434227274e+00 2.589156723539147720e-01 2.339869172528482366e+00 9.372269212299758623e-01 2.783607738722400082e+00 6.950182055529140479e-01 1.233785541648056761e+00 5.663458596995116223e-02 2.688272243411335527e+00 -1.597968280858031775e+00 3.100336996265266265e+00 2.539101653746913101e+00 2.141567050285737572e+00 7.830003727452427009e-01 9.958502922753532660e-01 -1.879516159071687731e-01 2.183763930574727397e+00 1.075013246047003879e+00 1.165377981618956449e+00 1.191531882680598731e+00 -9.951169377862234544e-02 -3.201001603999206191e-01 1.993714837425685227e+00 1.947866454036120576e+00 -2.224336954046007842e-01 3.174733132024214477e-01 1.823985203536076627e+00 2.535196218418474867e+00 1.918855675505005409e-01 8.816611524864608196e-01 1.586845728331395700e+00 2.473779510038519869e-01 7.872984806262727231e-01 1.235558385001217729e+00 2.141536557066493263e+00 3.257153391485897664e+00 1.313709460240518379e+00 1.250123578779545497e+00 5.692321693423567641e-01 2.021455334195089826e+00 4.003601982040785878e-01 1.712569428225951818e+00 4.143571909401324027e-01 2.600375736872441390e+00 -5.578777873938460807e-01 1.525283868602708592e+00 1.740943396889103711e+00 1.896360754088782352e+00 1.970873765607582762e+00 3.293292840850696734e+00
0.000000000000000000e+00 0.000000000000000000e+00 0.000000000000000000e+00 0.000000000000000000e+00 1.000000000000000000e+00 1.869693618017184367e+00 3.466188768459554481e+00 9.490447556809576968e-01 2.268564491056210386e+00 2.183317346000899661e+00 -2.268407627372763247e-01 1.015470821045160399e+00 -1.921064107513942076e+00 -1.964891785776168076e+00 -5.571585000162236900e-01 7.182849601755688651e-01 1.645299248389282321e+00 -4.234356566257613946e-02 -1.943228518701752616e+00 1.125270965924326738e+00 1.438709734564860510e+00 2.602564166993937889e+00 3.555251678406537774e+00 -2.162155635616906046e+00 -1.454340741999814446e+00 3.686448704227103246e-01 -2.212781024276945896e+00 1.860986305768911331e+00 1.454313397274731301e+00 -2.462563597612142718e+00 1.970940083666700496e-02 -1.121353346114777549e+00 8.701925934976000310e-01 -4.029826817645455250e+00 -2.360390088927495633e-01 4.192875501859688825e+00 -3.316486739241588211e+00 7.438368110795141597e-01 -2.357849343533127140e+00 -3.596452563279673775e+00 1.181923995289846374e+00 -8.711237029658597253e-01 4.155342975250427173e+00 -2.184943474581978240e+00 -3.710501158174803304e+00 -1.083717247935698902e+00 7.751314323639879600e-01 -2.932590977717072001e+00 -8.477545053903597916e-01 -2.241224781080810580e+00 -8.995304074027457020e-01 -7.422193502440527224e-01 4.683900135789251351e+00 -1.531421194074227499e+00 1.532488616954968075e+00 -1.339596584510503563e+00 -5.896750684745313276e-01 -9.870765785730473141e-01 2.385974836764359175e+00 -2.185316260008538514e+00 -8.231619510761919445e-01 3.589736518722344005e+00 -1.538482979247999261e+00 -3.438388050457464207e+00 2.293935246876704248e+00 -2.896102340302532774e+00 -3.769219850287488516e-01 2.667515897968439020e+00 2.198222802270346221e-01 2.418319406937222915e+00 -1.593022939586748343e+00 -2.468845299828095197e+00 -3.615498674553340730e-01 -3.195693664140627721e+00 -6.138867486073557034e-02 6.137960770910715347e-01 -6.449542036464045447e-01 -1.657596566605624933e+00 -7.732860359420963281e-01 -1.838839932366328922e+00 -2.040776330199580435e-01 -2.480804557297583646e+00 1.884949469933302035e+00 -1.896459301969932065e+00 3.999935814450008120e+00 7.681899945982778588e-01 -1.563652528763661564e+00 -3.262417767640201305e+00 9.349781291489184243e-01 -9.484833133669646754e-01 2.568817688416170419e+00 1.520712682254661274e-01 -5.398806645019198491e-01 1.326433250614849735e+00 2.569236566121851695e+00 -1.160818188038395427e+00 -4.365113355086003462e-03 -1.776283463168206955e+00 -1.510433161005654057e+00 1.748503198656479407e+00
0.000000000000000000e+00 0.000000000000000000e+00 0.000000000000000000e+00 0.000000000000000000e+00 0.000000000000000000e+00 1.000000000000000000e+00 -1.326588377105366590e+01 3.573152603897585600e+00 5.722852734404091812e+00 -1.838289006833099259e+00 1.536081589827674421e+01 2.910837641014772004e+01 -6.706729434908525356e+00 2.669795932409560990e+01 7.954238713512542525e+00 2.641595345604363843e+01 -1.890961425147563491e+00 2.247591719718356273e+01 3.575541874583454671e+01 -2.173134699671111780e-01 9.444759283769961655e+00 -8.321618900463651158e+00 -3.835310449532108312e-01 9.500549637796353863e+00 2.190551380512808954e+00 1.912991114900439271e+00 1.382341337119487079e+01 -9.004612219571770382e+00 6.501658485302258761e+00 2.157431734971487813e+01 -2.867741214564536900e+00 3.226585357137573595e+01 4.298851012283318340e+00 2.928399200241618061e+01 2.130368517514821036e+01 5.901085158569340017e+00 3.911866080718063898e+01 -3.811889482196714418e+00 1.454063809281990061e+01 3.764270899810535553e+01 9.556434861804019576e+00 2.725228386610963227e+01 2.254348482151517175e+00 2.438407594512997889e+01 2.851756762390981237e+01 6.840106884142151955e+00 2.639582454237888598e+01 6.813567958533003122e+00 3.252664273061884614e+01 2.078775332634172912e+01 2.185766735157233853e+01 2.945554813292044827e+00 -2.690477781941987834e-01 1.709064946053394252e+01 1.907896382660670298e+01 2.124802716137916292e+01 1.955309320240964865e+01 1.317096661070451624e+01 1.730814077983526289e+01 1.000318787664126496e+01 3.540323306801363401e+01 1.282665303377839017e+01 2.405715247200388873e+01 2.324252515380518602e+01 5.284760861176167168e+00 8.330407758577948130e+00 2.236765024676779134e+01 -4.889820058999935881e+00 1.549736172488488073e+01 -1.481586172588891692e+00 8.322586522398047748e+00 2.465516391144535291e+01 3.110553681479403210e+01 3.051992942382754492e+01 8.236081192459048239e+00 -1.009871477658964706e-01 1.923671231091406142e+01 3.573845610797208394e+01 1.655927647218388543e+01 1.947126396713902707e+01 1.142632729873299091e+01 1.787859501445871402e+01 6.869724927985645380e+00 1.676706284513416634e+01 -9.116605895792135872e-01 2.326481715356240443e+01 1.835104859837156610e+01 3.875226273608000582e+01 1.070844049191070901e+00 1.791802254188829835e+01 2.605667717340698353e+00 9.594254244360389094e+00 7.958349387545562870e+00 1.122244594100884640e+01 -6.685203709593800170e+00 2.451041309562346271e+01 1.034512213720846496e+01 3.179169392729296817e+01 2.339725477258978259e+01 2.474902548466031860e+01
0.000000000000000000e+00 0.000000000000000000e+00 0.000000000000000000e+00 0.000000000000000000e+00 0.000000000000000000e+00 0.000000000000000000e+00 1.000000000000000000e+00 -2.356042272296290652e-01 -2.753755270399123600e-01 1.589984412264728031e-01 -1.085658966929276881e+00 -1.851982458702789991e+00 3.271575443289976848e-01 -1.905919729251778660e+00 -5.321939340792012363e-01 -1.758929119729425006e+00 1.941483102811673023e-01 -1.533465591183072574e+00 -2.524092101600316607e+00 5.206072975389647306e-02 -5.669264098733852730e-01 6.381489533644351120e-01 2.476713438058208983e-01 -7.416478293547026368e-01 -2.203262012631169164e-01 -1.391524630616840230e-01 -1.079490900109980389e+00 6.761451507470013222e-01 -3.675006086991138288e-01 -1.573355091531651651e+00 1.681730649073318318e-01 -2.244283969406841273e+00 -2.822022327348847615e-01 -2.235844494560885298e+00 -1.499381469877853146e+00 -2.139574553369893162e-01 -2.799176915452942893e+00 2.255331037658676041e-01 -1.153876486921927125e+00 -2.694397394263134071e+00 -5.705757518579326337e-01 -1.838930667026112076e+00 2.366939353915447838e-02 -1.759716666420534814e+00 -2.097686726598518625e+00 -5.512059386149193996e-01 -1.679769963599970772e+00 -5.889166526357904052e-01 -2.218955060053361628e+00 -1.523143844814779824e+00 -1.514656677311574384e+00 -2.730797940197686180e-01 2.488658495881765353e-01 -1.194944632066982537e+00 -1.186058744068496873e+00 -1.474171985261494733e+00 -1.306861432007734747e+00 -9.932214527226749246e-01 -9.872035871731312806e-01 -7.665268918653468377e-01 -2.397313210261712513e+00 -6.690813633208275713e-01 -1.761205829806349765e+00 -1.760902807801677294e+00 -2.428631174327669784e-01 -7.449108485021848081e-01 -1.493315773006433478e+00 4.760693474892815913e-01 -1.053234866554996207e+00 2.137661113897540710e-01 -6.101203746548679030e-01 -1.792797515358348637e+00 -2.121023789459542730e+00 -2.250633840266150099e+00 -6.195812307773207461e-01 3.696552090765930360e-02 -1.394414561040461464e+00 -2.517545891838417038e+00 -1.149019556797842956e+00 -1.418998874473415661e+00 -7.580894502630741716e-01 -1.371275616567290134e+00 -3.338119837738856011e-01 -1.239816206168062429e+00 2.742273663434169340e-01 -1.452708858826577520e+00 -1.293791560442608901e+00 -2.734102688160221284e+00 -4.308433002839248682e-02 -1.263711424506835490e+00 -1.038463043819119191e-01 -6.365628847688229452e-01 -5.815437298056836957e-01 -6.981422479766163924e-01 5.838023173350007644e-01 -1.726300492948907861e+00 -7.100667680247531033e-01 -2.252264408096670500e+00 -1.605091388204318958e+00 -1.547111041794145825e+00
0.000000000000000000e+00 0.000000000000000000e+00 0.000000000000000000e+00 0.000000000000000000e+00 0.000000000000000000e+00 0.000000000000000000e+00 0.000000000000000000e+00 1.000000000000000000e+00 -3.732636107607531617e+00 -1.790542365650519718e+00 -1.434215987648302937e+00 -1.127267400327215974e+01 8.776404207474920227e+00 1.019756509726098104e+00 -9.331519379562960292e-01 -9.380622408562697245e+00 -3.002848235675510846e+00 -4.743540353559638767e+00 -4.364508815466201952e+00 -1.175135517325475609e+00 -4.764437414925026815e+00 9.766788987348054563e-02 -1.382226137343941197e+01 1.036440758964610964e+00 2.568740195955477201e+00 -1.559836734271706549e+00 6.556434974280526795e+00 -2.440208257924123103e+00 -7.240339576284357648e+00 -2.003556819824593438e-01 1.722494195462261901e+00 -5.320689554147397970e+00 1.715018837901847726e-01 7.268817236398157355e+00 -6.104413654663537470e-01 -1.193833002606017679e+01 -3.505992222318876639e+00 4.792162672972324344e+00 3.947149226122111720e+00 -2.279429500294035904e+00 -5.821248848235509143e+00 -5.535757795785876567e+00 -1.229494008221814916e+01 -1.306153002269716534e+00 1.549736742556935054e+00 1.469544364015457072e+00 -1.487137163830755426e+01 5.235119523105780104e+00 -8.548582164210737133e+00 5.803561751158853532e+00 -5.682612667318396760e+00 -3.162794672852736050e-02 -1.277481452433485920e+01 -1.047033252371758261e+00 -1.020168104347021476e+01 -3.015358486876464017e+00 -8.323469172212101697e+00 1.992025393081884754e+00 -1.505815443688082489e+01 6.875589052357885755e+00 -1.038324665547921555e+01 -1.153056900205177193e+01 5.761871028865168942e-02 3.849384368433179660e+00 -7.263466960788464988e+00 5.877091065044199425e+00 -3.856372635499199841e+00 -4.505216113532941158e+00 -4.421928465985028645e+00 -2.844267493986725182e+00 3.791310578973400514e+00 1.010345273130564658e+00 -5.693322859709980754e+00 1.121353150708549906e+00 -3.331079064051320482e-01 -1.116952428420590726e+00 -9.179467933311195038e-01 -3.185517902624368958e+00 -5.702322576890299644e-01 2.314283953725239762e+00 -1.551580468668374513e+00 4.745797022870799964e+00 -9.276528366171941542e+00 2.138283231235975634e+00 -1.140788178458153546e+01 -1.336264243701225674e+01 1.397752770976653958e+00 -4.790362814591077267e+00 -5.662563152403076172e-01 -4.976044149726413401e+00 -4.804630109642881841e+00 -6.552770096932110988e+00 3.632858839994708156e+00 -5.500639514294012322e+00 -6.610169747659470296e+00 -1.494882955900650900e+00 -1.325651158408393204e+00 -3.725269090866756283e+00 -6.511166133991773464e+00 -8.832472352189785880e+00
0.000000000000000000e+00 0.000000000000000000e+00 0.000000000000000000e+00 0.000000000000000000e+00 0.000000000000000000e+00 0.000000000000000000e+00 0.000000000000000000e+00 0.000000000000000000e+00 1.000000000000000000e+00 2.349216287556586402e-01 -5.547810974453741828e-01 1.885883907828183714e+00 -2.122286781434127967e+00 -8.802124033195196651e-01 -1.817021380095480421e-01 1.013951203815354640e+00 6.510504660388202192e-01 4.681203220285268252e-01 -5.651827650905978384e-01 6.189668213296066757e-01 8.564257517219624471e-01 -3.068248203197951329e-01 3.109751580553170580e+00 -9.082786022726669906e-01 -1.254263810401119450e+00 2.701586895460055815e-01 -1.501441402250268675e+00 4.785982617786809779e-01 1.053122371337463559e+00 -7.749392045027485576e-01 -7.592673049947354924e-01 -1.109811980421517019e-01 2.267377924016878432e-01 -2.374318378173509103e+00 -1.224005040909298625e+00 2.094032459294858928e+00 -4.566986796684167071e-01 -1.223129262269390560e+00 -2.477772505948744541e+00 -7.836962104634055404e-01 1.819368444642861515e+00 1.107928920323811406e+00 1.918180342716368836e+00 -1.035682761403827312e+00 -9.057700426972947749e-01 -1.568893175049470123e+00 2.744111729615238637e+00 -1.340076937239240262e+00 4.445494298650776166e-02 -2.222398712036124824e+00 2.582142075787876023e-01 -3.085550037162911319e-01 2.630728480820669457e+00 3.358724453769743046e-02 1.802611745027797641e+00 -5.799061360762035600e-01 1.145683124782297613e+00 -1.089230253860117070e+00 3.650819951218514881e+00 -1.996734701476556628e+00 1.098149122553476076e+00 2.286784952225099588e+00 -1.440329998303781833e+00 -2.058822094585017304e+00 1.111958835053064476e+00 -1.754045640200458944e+00 7.445150640643920514e-01 1.133530701168467880e+00 4.144023871774610845e-01 1.396163519728318203e+00 -4.678509694125380092e-01 -1.716630676501896158e+00 3.557834257559387425e-01 -1.172994937147782579e+00 -8.794479619690522831e-01 1.319655400810599011e-01 -1.153275012326049342e+00 -1.118091261247889712e+00 -9.496419500889189402e-01 -1.573445094020688773e+00 9.263648656807846882e-01 -2.237001263805963092e+00 1.746551856394659819e+00 -1.070441994366189364e+00 2.939425197007553336e+00 3.213458955576300458e+00 -7.333231105967433772e-01 -7.232916873713526318e-01 1.966684143525420647e-01 3.318092878779536625e-01 -2.029973099280376822e-02 1.273541260569475142e+00 -7.781474042504353816e-01 1.534648032386837224e+00 1.406535881103228913e+00 -7.094080825147695002e-01 4.563122615659075398e-01 -1.546783100140368405e-01 9.209435204654576879e-01 1.556661974521048819e+00
0.000000000000000000e+00 0.000000000000000000e+00 0.000000000000000000e+00 0.000000000000000000e+00 0.000000000000000000e+00 0.000000000000000000e+00 0.000000000000000000e+00 0.000000000000000000e+00 0.000000000000000000e+00 1.000000000000000000e+00 -1.571510586900186635e+00 1.230887146452998682e+00 -5.440262384139430196e+00 -5.548302461759355708e+00 -2.800863839970247682e+00 2.470630049080367208e+00 2.629687896451161411e+00 1.377616575341701344e+00 -2.800648661887041868e+00 9.809670194289028533e-01 -6.745203987995815886e-01 -2.286698386605370725e+00 7.443608633477168723e+00 -2.439017934653970876e+00 -2.740912893289082497e+00 7.162399014850980850e-01 -4.175506871815977128e+00 2.418590665022363861e+00 2.720695801658166713e-01 -2.573697563348305906e+00 -2.615050383586108307e+00 -2.957863435939748431e+00 3.380629962710016034e+00 -6.373359753776896675e+00 -6.100464577860774895e+00 4.827071586338869125e+00 -4.107447656535933689e+00 -1.907766803146019319e+00 -6.007919874998156828e+00 -3.204866898549789234e+00 5.352316719628898767e+00 3.793691317562181836e-02 4.937751590530280232e+00 -3.224626985261520584e+00 -1.907014073011527477e+00 -5.283446087776863642e+00 4.444279933293949547e+00 -5.766166258817766455e+00 -1.110427682504966151e+00 -7.845473559346770820e+00 -6.268710615269298403e-01 1.100800978304429911e+00 7.406769235045612021e+00 -1.760438384031074444e+00 2.262136549455350032e+00 -5.644176104378153980e+00 -5.946805905929618552e-01 -2.841723252120899712e+00 6.444459146400720151e+00 -7.616906829830709214e+00 -6.444440987156431211e-01 3.669018054182648925e+00 -3.975079001441385262e+00 -7.594198177524043913e+00 5.964745227650353199e-01 -2.709107089267397850e+00 4.624214321497130409e-01 2.126853234052093367e+00 8.346831528567747460e-01 5.643055901948221376e+00 -4.808584365326684207e+00 -7.995437632231551461e+00 -6.506809413910229489e-01 -2.443660094676231243e+00 -5.762650643065938549e-01 -9.627951699005241615e-01 -3.598157869888911620e+00 -5.379563327772663328e+00 -4.053716393934475803e+00 -5.997962177672195416e+00 4.171816632360551558e-01 -7.932681990060847177e+00 2.658321426856956382e+00 -3.969045626612178079e+00 6.728308361744657518e+00 7.025218452751852638e+00 -2.406365611919047076e+00 -5.816409794250069432e+00 4.930023574133421405e-01 1.661363652814712211e+00 -4.500599674632219660e-01 4.796036078848020523e+00 -2.269221079244720496e+00 5.241618381252742154e+00 1.257862799770386175e+00 -1.243186297020790532e+00 1.191877563595104661e+00 -1.030156360708013530e+00 1.914365279443037915e+00 1.360405650629166630e+00
0.000000000000000000e+00 0.000000000000000000e+00 0.000000000000000000e+00 0.000000000000000000e+00 0.000000000000000000e+00 0.000000000000000000e+00 0.000000000000000000e+00 0.000000000000000000e+00 0.000000000000000000e+00 0.000000000000000000e+00 1.000000000000000000e+00 5.478968109461719305e-01 1.285229694626713437e+00 1.948632765200567940e+00 9.548843006137742728e-01 7.317354045848706301e-01 -3.503202546138003415e-01 3.891107539075592259e-01 2.021948657307092834e+00 -2.453555574089855140e-01 5.956601036743951472e-01 7.421177662559539367e-01 -1.290933887761476884e+00 1.138462102745356308e+00 1.029027059135259048e+00 -2.648309487599499468e-01 9.992625926730305252e-01 -4.435318900686740506e-01 5.682563511467992878e-01 1.458947520215223559e+00 7.117165118232733345e-01 1.910806441505239928e+00 -5.477831637096256534e-01 2.032217561165092334e+00 2.493802910381334392e+00 -3.877174325740586625e-01 2.080152161434719815e+00 6.192512240718932581e-01 2.365183190179039219e+00 1.825494994364160517e+00 -1.067767338621362638e+00 5.834202094997540389e-01 -3.534666432407944647e-01 1.543424557287063514e+00 1.182604864116850063e+00 1.702303654718035242e+00 6.130479949378101617e-02 1.397041204577205820e+00 1.571698855459203070e+00 2.287330143509825220e+00 1.004500779159946955e+00 6.824642596003306638e-02 -1.261833824096630696e+00 6.977771228522940961e-01 1.998298200770707855e-01 1.890492454641045761e+00 8.788079701790382225e-01 1.221279937509181623e+00 -9.785446331500837758e-01 2.034511935184663223e+00 1.379679397104592642e+00 -1.970201418295078333e-01 1.787429619177303364e+00 2.619328506140134571e+00 3.782588941755457013e-01 7.859280873424773217e-01 2.982784394469827904e-01 -6.476352073029005840e-01 5.732279383966566444e-01 -1.512127790179566444e+00 8.959583275432396743e-01 2.805423999638848365e+00 1.236794223569738671e+00 1.594080078638997922e+00 1.034627804987375610e+00 1.662304792564675837e-01 1.688721703282686892e+00 2.662111550804092897e+00 1.745030726885596684e+00 2.066039025333187062e+00 -1.918541233425563597e-01 2.598048148422495540e+00 -2.049770362092334097e-01 1.476706904153952449e+00 -1.466244514996808634e+00 -9.698850053565014617e-01 9.200376794397816527e-01 2.784603679944596344e+00 4.815173871599628952e-02 3.599100134574158005e-01 8.152990165991141902e-01 -6.129003280935590992e-01 6.285788625044659295e-01 -1.076662432751454235e+00 -5.237349564288217366e-03 1.444536482633085317e+00 -2.833683572883148316e-01 1.313692503953889812e+00 3.681192009884850513e-01 5.086233140238767270e-01
0.000000000000000000e+00 0.000000000000000000e+00 0.000000000000000000e+00 0.000000000000000000e+00 0.000000000000000000e+00 0.000000000000000000e+00 0.000000000000000000e+00 0.000000000000000000e+00 0.000000000000000000e+00 0.000000000000000000e+00 0.000000000000000000e+00 1.000000000000000000e+00 6.623549816992897910e+00 1.123793292311874836e+01 5.838848518080034466e+00 7.074177943702691929e-02 -1.758230821793895116e+00 -1.279040194998569246e+00 4.011914081627247164e+00 -1.553022354800595028e+00 1.093758265407919206e+00 1.691278998308576975e+00 -1.183484822361761069e+01 4.196319457998751723e+00 3.779566646806963082e+00 -5.449749949018772632e+00 8.940846943523704127e+00 -4.286076889503482867e+00 -8.559006160948419151e-01 4.887460539247733493e+00 2.703915850591804074e-02 8.722627626043762961e-01 1.711771327160458211e+00 8.778016498134284973e+00 5.887919685600984110e+00 -5.787283083416158824e+00 2.264215500311804963e+00 3.061663773050099291e+00 4.205147063473701152e+00 5.892569400670307544e+00 -1.889314489549982490e+00 5.256406128113392917e+00 -1.127471588208299380e+01 -3.162631207541893863e-01 6.562944767043081384e+00 -2.349336160123072226e-01 -2.869200217976175082e+00 9.880459506291602523e+00 -9.439374740449864021e-01 9.353500323846287046e+00 -1.985003513382488372e+00 -3.413447729693126931e+00 -1.217097515054512336e+01 2.294254174570034444e+00 -3.168071651599763783e+00 3.899565347506887214e+00 1.373309846915078403e-01 3.300269730853488070e+00 -5.453502913597130686e+00 1.459085215211419673e+01 3.264439957630836664e-02 -1.038902813230399014e+00 -2.353180496378804332e+00 9.703879960889670642e+00 -1.300655272321767086e-01 -4.184934877113160034e-01 4.200546522559196916e+00 -7.015845024868926361e-01 2.537611193002339949e+00 4.334880697653770709e-01 7.083151923625080393e+00 5.495986797192669471e+00 2.660899218382162701e+00 3.432766266792488974e+00 4.545751224837846216e+00 3.259015125096341725e-01 -2.250758865998996050e-01 6.189148181097452017e+00 4.968686631383528507e+00 5.075567751370061664e+00 1.182020558344853312e+00 6.333687601819660173e+00 -9.887112742317683001e-01 7.570079904180896158e+00 -7.058233463100794580e+00 -6.169352516945670217e+00 5.440430884589502192e+00 5.395799550188124627e+00 3.499554277499417609e-01 -2.144047755065713101e+00 -1.764752472059038624e+00 -4.066301150414315835e+00 9.096342272292258002e+00 -2.075295629018795829e+00 -2.840265688541851574e+00 3.977413970746189520e+00 2.777146814146476128e+00 9.360503309453327425e-01 -3.053041280878316499e+00 -5.858309069887491782e-01
0.000000000000000000e+00 0.000000000000000000e+00 0.000000000000000000e+00 0.000000000000000000e+00 0.000000000000000000e+00 0.000000000000000000e+00 0.000000000000000000e+00 0.000000000000000000e+00 0.000000000000000000e+00 0.000000000000000000e+00 0.000000000000000000e+00 0.000000000000000000e+00 1.000000000000000000e+00 1.529571179813622006e+00 8.140196589511138336e-01 -1.463701600561832794e-01 -2.670366059167889050e-01 -2.759827502134071242e-01 4.865577730496712938e-01 -2.946284421779080676e-01 5.012152943056685100e-02 3.417685864075802327e-01 -1.794607724644102786e+00 6.141817848158785953e-01 5.446271945247241897e-01 -6.564949753541227118e-01 1.361477926888084111e+00 -4.752348672825837950e-01 -1.056221804825428490e-01 6.417993350857440493e-01 1.915512292969552555e-02 3.757907574732087530e-02 7.468959859550385050e-02 1.333743226716767483e+00 7.397524594215166838e-01 -9.648938919389062896e-01 2.606581744760567143e-01 4.921090646172613381e-01 6.613484115990380108e-01 7.723525889619637930e-01 -4.468230752625543811e-01 5.528797416487030159e-01 -1.681157133395974945e+00 4.400277958902371750e-02 8.023378235945042292e-01 6.299526246877616698e-02 -6.230185339030622771e-01 1.415051086016134718e+00 -1.628428746691723272e-01 1.367796018306725925e+00 -3.192135567337513469e-01 -4.573922336044570214e-01 -1.772843867368343540e+00 3.329730299536853289e-01 -5.417823749947723311e-01 7.498955450143744983e-01 -3.313363652522457320e-02 5.656544163163429451e-01 -9.533567729346256181e-01 2.034754432645842215e+00 -7.237098700662866757e-02 -2.916650719859295027e-01 -2.404633571842899054e-01 1.371536118294303996e+00 -9.669762957421004779e-02 1.376748670656383899e-01 5.372714847493159640e-01 -1.157071942350187954e-01 2.185629190526289789e-01 1.433390338376421685e-02 9.837130029834716405e-01 8.150337405548557790e-01 2.187361166953784297e-01 3.481421781830881801e-01 5.882060288718893304e-01 5.445559345045538485e-02 2.747090596856764655e-02 7.974646842437309591e-01 7.336189149708959301e-01 7.917096635949162353e-01 5.737812786756416039e-02 9.516508170243475062e-01 -1.905413747357918575e-01 9.246514877714387959e-01 -1.090132416001991400e+00 -1.152115440187917672e+00 6.779282146935566855e-01 7.700465510470529962e-01 -5.636298584088862001e-02 -3.199626563388002776e-01 -1.363847989669848826e-01 -6.654525083887246062e-01 1.293439262852324134e+00 -4.742418643174735049e-01 -5.054867318780486007e-01 3.433238521397835585e-01 3.436944801311460629e-01 1.202746071282159018e-01 -5.876651526576820439e-01 -2.368664185751861717e-01
0.000000000000000000e+00 0.000000000000000000e+00 0.000000000000000000e+00 0.000000000000000000e+00 0.000000000000000000e+00 0.000000000000000000e+00 0.000000000000000000e+00 0.000000000000000000e+00 0.000000000000000000e+00 0.000000000000000000e+00 0.000000000000000000e+00 0.000000000000000000e+00 0.000000000000000000e+00 1.000000000000000000e+00 1.238532397843587418e+01 -1.507710222841220027e+00 2.550254321419701320e+00 4.891841244960593471e+00 1.435395717880308197e+01 -1.221697266690507000e+01 -9.488598685139251754e-02 3.673514252518391743e+01 1.063901728812634140e+01 2.235457511820070664e+01 6.017070878193531147e-01 7.376314417713993876e+00 3.818197295206273267e+00 3.246459087581486358e+01 2.552532748324516021e+01 1.724347102916034657e+01 8.390398354012397197e-01 1.419429818495630435e+01 -1.190663613998626502e+01 3.971194655710762689e+00 5.691838883911577440e+00 5.973097698758468077e+00 -5.272539641548161349e+00 1.609529829273373025e+01 1.068580120162212133e+01 6.316330519948553324e+00 -2.094142198810007471e+01 -8.492499936567371677e+00 1.151226825553952793e+01 1.570572779293645205e+01 -1.704661688890986682e+01 8.792998493239245761e+00 2.158689557266177061e+00 -9.200269370062974517e+00 1.390346226720697942e+01 8.012163651930853447e+00 -1.592431083440706718e+00 1.318704023341154397e+01 1.210911755840609771e+01 -1.848882280359509744e+00 3.880121728007007498e+00 3.121311411354038157e+01 7.987104090475055429e+00 2.827954289815066602e+01 -9.807723577876275023e-01 6.474892473880024646e+00 1.607203951528373054e+01 1.399051767123397561e+01 3.672341532006521359e+00 -3.425500828255994445e+00 1.011648693794458254e+01 1.017341359056636385e+01 9.428634997124737183e+00 -7.134820916919831113e+00 -1.047425628797234154e+01 -7.985822758193457993e+00 -3.509153989932300544e+00 3.509527903771205271e+00 -9.834662313054476357e+00 -2.419684183482829809e+01 3.198132339812324254e+00 2.798362396956661780e+00 -1.164847062079831685e+00 -1.173670308914423588e+00 2.732203802899065437e+01 1.095098021252873011e+01 -1.764747680495066007e+01 1.522459918037711724e+01 1.367516341506556721e+01 -2.321323931389511941e+01 8.460466666490964016e+00 -4.502971135976088668e+00 -2.013362482446209256e+01 2.597526998692111633e+01 2.956246580388736778e+00 1.543337233319460644e+01 2.672562936410913181e+01 -9.842996200398559381e+00 9.345654949758948504e+00 -1.939298656929097220e+01 1.570587375768130300e+01 -1.286365942163652321e+01 -1.923299458235593207e+01 8.151054880719931006e+00 4.906186573890504832e+00 1.211007074181953591e+01
0.000000000000000000e+00 0.000000000000000000e+00 0.000000000000000000e+00 0.000000000000000000e+00 0.000000000000000000e+00 0.000000000000000000e+00 0.000000000000000000e+00 0.000000000000000000e+00 0.000000000000000000e+00 0.000000000000000000e+00 0.000000000000000000e+00 0.000000000000000000e+00 0.000000000000000000e+00 0.000000000000000000e+00 1.000000000000000000e+00 -5.707183732528680470e-02 2.945802993334737940e-01 4.702951065644704887e-01 1.179840503619507652e+00 -1.008153069548744618e+00 -5.088453900334279946e-03 3.073819906260790269e+00 1.148468432899089731e+00 1.909821008060351932e+00 8.963803637099575228e-02 6.180543172980909050e-01 2.882026917406746436e-01 2.903657911943653414e+00 2.215714696976538889e+00 1.581211739850338693e+00 4.408644644616155350e-02 1.235968095128171296e+00 -9.561241713235836270e-01 3.483247213254919705e-01 4.489921311299042150e-01 5.173979864003793727e-01 -4.136331091923813874e-01 1.402360054841777837e+00 8.620459433447150710e-01 5.191434202478771853e-01 -1.657360614216645267e+00 -6.762063443457571044e-01 1.107790683255370778e+00 1.297563130224179240e+00 -1.350383733106124806e+00 6.178727157681492832e-01 2.848397459958059152e-01 -8.108998081541245462e-01 1.106343525826599894e+00 6.135267134641952946e-01 -6.689393400330501116e-02 1.240519702112593770e+00 1.138102496546162135e+00 -6.338104900462190883e-02 3.862078179009909573e-01 2.552904314069108782e+00 7.300471653627441659e-01 2.363730169215212396e+00 4.495218836635515858e-02 4.920473952479094693e-01 1.399840313963617966e+00 1.242807280511879942e+00 2.817046421189147720e-01 -3.688420594981943190e-01 7.872869199614070945e-01 9.181689420990041262e-01 7.689373823738628877e-01 -6.187928290473796444e-01 -8.221760391875108098e-01 -6.142071083751514671e-01 -2.796749845398326939e-01 2.460464227059640518e-01 -7.956109031243139285e-01 -1.901292000599995591e+00 2.633367617306349162e-01 1.766997071353165194e-01 -1.987516705688564811e-01 -2.414550624172328297e-01 2.309070565625840565e+00 9.367788682571717152e-01 -1.482774236400546952e+00 1.238933310752710959e+00 1.120424779900164980e+00 -2.029778303769251391e+00 7.795161722311725327e-01 -1.400114128072018072e-01 -1.671291328301152568e+00 2.182391412993045066e+00 2.501649591269574646e-01 1.406041753110971904e+00 2.191471505915674634e+00 -7.327933350995509132e-01 7.627220161278664978e-01 -1.650037406016375385e+00 1.358891423350843564e+00 -1.015316319442669979e+00 -1.690629734516407412e+00 8.283409431116393051e-01 5.416861243810271453e-01 1.145012090188558540e+00
0.000000000000000000e+00 0.000000000000000000e+00 0.000000000000000000e+00 0.000000000000000000e+00 0.000000000000000000e+00 0.000000000000000000e+00 0.000000000000000000e+00 0.000000000000000000e+00 0.000000000000000000e+00 0.000000000000000000e+00 0.000000000000000000e+00 0.000000000000000000e+00 0.000000000000000000e+00 0.000000000000000000e+00 0.000000000000000000e+00 1.000000000000000000e+00 -6.904302626277184496e-01 -1.218165349764716021e+00 1.755989744751454973e+00 3.112664542367929776e+00 2.886109774923260485e+00 -2.834847615329599613e+00 1.499567769261555827e-01 -2.135515339520398737e+00 -1.237406712450991320e+00 -1.794061916984831084e+00 -4.687125237059898808e+00 -6.407679161650764676e+00 4.285954579943565546e-01 -1.729724730497788965e+00 8.717373746542198543e-01 3.399262495525731342e+00 2.840267902150429347e+00 -2.488092097725973506e+00 4.382527678379431357e+00 2.522594665109943790e+00 2.032313815234464638e+00 -1.499844610849699000e+00 -1.099454284418629468e+00 -2.059160469102442548e+00 2.514780080328742340e+00 3.447707806267593433e+00 1.925610472812049334e+00 -6.232001613827319899e-05 -9.037894783150102196e-01 -5.174939403892814260e-02 2.341395728155854172e+00 1.841053317136110423e-01 6.682425053904141876e-01 -1.612433901071848696e+00 1.777811474144414428e+00 -3.430458737402090286e+00 2.204789188984315640e+00 -1.685780492272642705e-01 5.726753589010100676e-01 -3.084640605370938093e+00 3.836975526044393847e-01 -2.946827893131977127e+00 2.670979212813717751e+00 2.989635694322183290e-02 9.581504228853211513e-01 1.440511686744022912e-01 1.961422657629694033e+00 7.329361875121953585e-01 3.341178111996817801e+00 -1.896624608155361047e+00 7.138030182294811121e-01 -8.285714283131858648e-01 2.712112250456572671e+00 -1.891421906418765619e+00 1.366021098671280631e+00 2.749623094478439889e+00 4.554737052442963119e+00 3.032890236968953435e+00 1.045346779984226426e-01 1.070333465256569916e+00 1.095635589860446402e+00 4.209582153601271415e+00 -1.405021914288407392e-01 1.104552174805250475e+00 4.761434074136337458e+00 2.904636974427591278e-01 -1.244714262340274047e+00 2.254560507457561869e+00 1.949268780760687880e+00 4.429780281484060112e+00 1.950148740877229780e+00 -3.834847415470748477e-01 2.255940943069315807e+00 -4.111320583730965872e+00 -4.732401726505068851e-01 1.644644813282692741e+00 -4.777083599675910008e+00 2.157057715747156657e+00 1.719167665622684193e+00 4.103189735783749015e+00 6.268389512826986198e-01 9.725965431678653683e-01 7.931802552402018591e-01 2.408640568057131226e+00
0.000000000000000000e+00 0.000000000000000000e+00 0.000000000000000000e+00 0.000000000000000000e+00 0.000000000000000000e+00 0.000000000000000000e+00 0.000000000000000000e+00 0.000000000000000000e+00 0.000000000000000000e+00 0.000000000000000000e+00 0.000000000000000000e+00 0.000000000000000000e+00 0.000000000000000000e+00 0.000000000000000000e+00 0.000000000000000000e+00 0.000000000000000000e+00 1.000000000000000000e+00 -1.496082376512895551e-01 1.457176790457620719e+00 -1.956790077434607533e-01 5.380053952960909269e-01 5.329379567203679890e+00 2.613178460631010669e+00 2.493509017362921742e+00 -6.218504655576606588e-01 1.429289154339149270e+00 -1.687740778566363398e+00 1.148903355620651379e+00 3.751226924488517689e+00 2.360170730265603201e+00 1.915299527424564330e+00 4.739859108633488916e+00 -3.227954190704759974e+00 -5.922402553832964989e-01 3.477903542755170108e+00 2.509479242401267296e+00 1.901730451276420375e+00 7.308968160904925071e-01 3.276764128126087083e+00 -7.521544380958825604e-01 -3.403162504016560952e+00 -9.455195372800939690e-01 3.127328182069170737e+00 9.655984297913416947e-01 -1.280631081072281852e+00 2.360260396888706147e+00 1.316974294829321934e+00 -3.129693619059928711e+00 2.438570103440913073e+00 2.283655414090252911e-01 1.503921197195809967e+00 1.675851035520413701e+00 -2.982301973768531900e-01 -9.472928194332770335e-01 4.629116075455015911e-01 2.225763399439905310e+00 1.382499297631447188e+00 2.519992353025723553e+00 -1.615355610187778179e+00 -5.594582955096055743e-01 4.001006768928326629e+00 1.038526048271503743e+00 1.418194799416342633e+00 2.991851876779149100e-01 1.227840050803285843e+00 -1.794195197846848666e+00 -2.374616722981922612e-01 -3.391120440243929668e+00 -2.871829646558761162e+00 -6.476951224205952151e+00 4.975961801503133164e-01 2.405714487959734971e+00 -2.758128343563437834e+00 -1.974400921321516345e+00 -1.568186412128627971e+00 4.100035750766315990e-01 2.068218065828937746e+00 5.339814599015186430e-02 3.637760285160180906e+00 1.525482960691770806e+00 -2.944668079337501521e+00 4.509091313562016978e+00 -9.181663084506915817e-01 -9.929050239913225218e-01 9.251708889467121777e-01 5.214676009204018969e-01 -4.871767205015809843e+00 4.327507779425473267e+00 4.915332780336686969e-01 7.980222902531575180e-01 1.025958910036729677e+00 -1.283763477001112818e+00 -5.237802812590872659e-01 -2.098663115059063333e+00 3.874466342798493113e+00 -1.367267177652052190e+00 -4.101240095970696942e+00 2.614110031390010636e-01 1.732901518515489681e+00 3.224605529623003619e+00
0.000000000000000000e+00 0.000000000000000000e+00 0.000000000000000000e+00 0.000000000000000000e+00 0.000000000000000000e+00 0.000000000000000000e+00 0.000000000000000000e+00 0.000000000000000000e+00 0.000000000000000000e+00 0.000000000000000000e+00 0.000000000000000000e+00 0.000000000000000000e+00 0.000000000000000000e+00 0.000000000000000000e+00 0.000000000000000000e+00 0.000000000000000000e+00 0.000000000000000000e+00 1.000000000000000000e+00 -7.398277587359938678e+00 -2.882533914828504518e+00 -5.061227312291744163e+00 -9.371760890820507228e+00 -8.355102557506352667e+00 -3.320941992692953537e+00 1.405818469664144921e+00 -1.593681761395785434e+00 9.682439845385673038e+00 6.000335585692637252e+00 -1.033559329008722294e+01 -5.834182172605213879e+00 -6.198217707505341068e+00 -1.892377642040925423e+01 5.667353003280335422e+00 3.052245847951460256e+00 -1.689656918189645651e+01 -8.552852549331085186e+00 -9.824144002919174667e+00 -6.183140452453290692e-01 -7.805040305500947184e+00 4.679909824511404359e+00 5.803073579990023489e+00 -4.759393727413284481e+00 -1.098647468191873600e+01 -1.873141575969158090e+00 3.428587967722554364e+00 -5.194685761186533135e+00 -6.275162545761622468e+00 6.369148683348829998e+00 -5.822652372024723633e+00 -2.110135590087124591e+00 -5.376957648443239535e+00 3.631230236102522269e-01 -1.293748342714502675e+00 5.709137257178770186e-01 -1.439801725696826740e+00 -1.221575828322256863e+00 -4.854353354134135934e+00 -1.793755833998640137e+00 2.071997524596461027e+00 -1.908934822340140558e+00 -1.225623522195202320e+01 -3.717725353147034006e+00 -7.935403569916853250e+00 -2.532146860907166008e+00 -7.533254182174220936e+00 6.758890982481842613e+00 -4.284832475510461647e-01 1.049428004064644959e+01 2.998059427188342951e+00 2.066595887308223922e+01 -6.568632463758374840e+00 -1.079784060195071227e+01 1.565798541165691893e-01 -8.138875947941456301e-01 5.424335270704103706e+00 -3.778946575349790837e+00 -5.272896597972239086e+00 -5.059443953295123642e+00 -1.012875266181750789e+01 -7.782603844911685442e+00 -4.114312421471614245e-01 -1.471781613066753813e+01 6.657044682469934749e+00 -1.044540720607901596e+00 -4.526355599242332772e+00 -8.973886651624567889e+00 6.543599342400533203e+00 -9.814916041721762241e+00 -5.199087125483099925e+00 2.086267542064345726e+00 -2.027923074563332262e-01 1.879518788104730609e+00 6.792585435614938660e+00 3.700195275523079363e+00 -1.295771428773424994e+01 -4.361693205875457835e+00 9.754945228243595778e+00 -3.233231715533674500e+00 -6.382875723403005352e+00 -1.445801046256290689e+01
0.000000000000000000e+00 0.000000000000000000e+00 0.000000000000000000e+00 0.000000000000000000e+00 0.000000000000000000e+00 0.000000000000000000e+00 0.000000000000000000e+00 0.000000000000000000e+00 0.000000000000000000e+00 0.000000000000000000e+00 0.000000000000000000e+00 0.000000000000000000e+00 0.000000000000000000e+00 0.000000000000000000e+00 0.000000000000000000e+00 0.000000000000000000e+00 0.000000000000000000e+00 0.000000000000000000e+00 1.000000000000000000e+00 3.915969602107849945e-01 7.425411144291064192e-01 1.256129796223518946e+00 1.273791383847573178e+00 4.546686459059038343e-01 -1.671957071538902606e-01 9.882660909996568432e-02 -1.314032167604737067e+00 -7.207668713480098743e-01 1.389271435296066670e+00 1.015423313789248549e+00 7.987782046706017880e-01 2.669185597133845622e+00 -6.449463357768997485e-01 -3.598477116579723023e-01 2.352274557829002521e+00 1.198102306288202357e+00 1.255381376774834301e+00 1.848743161625542308e-01 9.647762465382192509e-01 -6.220393484629164194e-01 -7.292672583214243609e-01 7.953320400631606057e-01 1.536451364010199550e+00 9.897124130402168429e-02 -3.592213479592112346e-01 5.513911261796318186e-01 9.022417707974772494e-01 -9.152340114103018065e-01 6.718842697993242519e-01 2.975735797736527299e-01 7.204876056889375491e-01 6.534436858790343416e-02 1.609165626857149700e-01 -9.374801375276803350e-02 2.005243147638191281e-01 -1.957493289415987783e-02 6.696288094129713153e-01 2.171596509445620771e-01 -2.397632215066619887e-01 4.104796427824802252e-01 1.627877779503982048e+00 6.321012178755650579e-01 8.692888213758209748e-01 2.283811888681810676e-01 9.959036257037338080e-01 -1.005158590283255826e+00 4.926002985780730814e-02 -1.445242864318708742e+00 -3.078656134279789125e-01 -2.809965599107891343e+00 1.005216688978873618e+00 1.374169793984315824e+00 1.993674454317696451e-02 1.820618125711241930e-01 -7.159773818717930505e-01 5.166978547123657339e-01 4.661860704498838603e-01 5.183773892716634357e-01 1.418669224547950636e+00 1.015920217758880639e+00 3.784909102448856533e-02 1.957144391817155160e+00 -9.785877999880070455e-01 1.732199513126091162e-01 6.478418540799411041e-01 1.488601447169015435e+00 -8.138364551978439776e-01 1.258273466800339468e+00 8.132338220123755956e-01 -1.807657829598929844e-01 -1.426996140972089655e-01 -3.378239456371532334e-01 -8.785136616259517917e-01 -4.697460529301567544e-01 1.873936890335360816e+00 7.729924536487227105e-01 -1.422658276783161035e+00 4.940704881381727809e-01 1.021935872037517345e+00 2.153012057540755197e+00
0.000000000000000000e+00 0.000000000000000000e+00 0.000000000000000000e+00 0.000000000000000000e+00 0.000000000000000000e+00 0.000000000000000000e+00 0.000000000000000000e+00 0.000000000000000000e+00 0.000000000000000000e+00 0.000000000000000000e+00 0.000000000000000000e+00 0.000000000000000000e+00 0.000000000000000000e+00 0.000000000000000000e+00 0.000000000000000000e+00 0.000000000000000000e+00 0.000000000000000000e+00 0.000000000000000000e+00 0.000000000000000000e+00 1.000000000000000000e+00 2.075795730545087370e+00 -1.698279126839005726e-01 2.783444504689155941e-01 -1.028914796307392354e+00 -8.766558087161552271e-01 -1.623654442249367946e+00 -1.990614123169074601e+00 -1.125797968837734864e+00 3.059185030548208228e-01 1.901391632531850007e-01 -5.921748226331569054e-01 1.229398598940882659e+00 1.778692913153491872e+00 -8.588050241426193887e-01 1.728814331053519782e+00 9.651543202187928827e-01 -1.564155036705906054e+00 2.044213369333890973e-01 -1.556474242880079961e+00 -1.862842215660322820e+00 1.272495745071033690e+00 1.432921395839737988e+00 9.001900829164498630e-01 -7.542277918611796084e-01 -9.296694395223327190e-01 -1.541719144133322228e+00 9.725380898017226272e-01 -9.041259453313298111e-02 -7.437138372706019185e-01 -1.457722124755986171e+00 1.008689316802257457e-01 -9.009325932785743341e-01 1.683085937464230852e+00 -9.695804352959822570e-01 3.308046776630682029e-01 -1.771479028844695325e+00 -2.366811828987247790e-01 -8.574763563405307654e-01 1.871582094121940099e+00 1.234489876410728160e+00 -5.370977848472853200e-01 1.182316359788455618e+00 -1.450827679422361127e+00 -6.423851867716734443e-01 1.843992247899647330e+00 -9.158864662667013379e-01 3.738749754177743134e-01 -3.792123463051223498e-01 1.839801998187257315e+00 1.407801759874219572e-01 7.567660443084894828e-01 3.446523928118934155e-01 1.621198126850277976e+00 -8.683879014828924797e-03 2.406804215172370920e-01 2.625547157623236427e-01 -1.823455505994238335e+00 3.050653797062306549e-01 4.405481579937038927e-01 -5.902126838245512763e-01 8.823024640205167080e-01 -1.103633895902289774e+00 -3.745568510210333102e-01 1.515793540098611392e-01 1.014542764545797615e+00 2.345272460433022399e+00 2.201917024341314977e-01 -9.570329796244871901e-01 1.121621110331446625e+00 -1.750196301779255892e+00 4.202200440693212302e-01 -5.884640459213672514e-01 -1.763729641128655157e+00 5.182998396940282637e-01 1.457817518728187656e+00 1.238329341473933809e+00 -9.259341134387331085e-01 5.939256655856651745e-01 -1.960029907886946463e-02 1.300888691600117886e+00
0.000000000000000000e+00 0.000000000000000000e+00 0.000000000000000000e+00 0.000000000000000000e+00 0.000000000000000000e+00 0.000000000000000000e+00 0.000000000000000000e+00 0.000000000000000000e+00 0.000000000000000000e+00 0.000000000000000000e+00 0.000000000000000000e+00 0.000000000000000000e+00 0.000000000000000000e+00 0.000000000000000000e+00 0.000000000000000000e+00 0.000000000000000000e+00 0.000000000000000000e+00 0.000000000000000000e+00 0.000000000000000000e+00 0.000000000000000000e+00 1.000000000000000000e+00 -8.742801475393208177e-02 1.405124992496100900e+00 -1.451765061059979933e+00 1.327485014363313676e+00 -8.044461934928611724e-01 1.271010056930629073e+00 6.344104731093681560e-01 7.255330875786344946e-02 2.417749157766950319e+00 -1.812414319697760456e+00 1.001705441615359904e+00 5.524972489145431043e-01 3.058748468693667455e+00 1.661839287160273848e+00 -3.344039212699001506e+00 3.877896073422499312e-01 1.256219137055908153e+00 -9.784762626990635148e-01 -2.122815437610252154e+00 3.740383165724328496e+00 2.944594413004428368e+00 -2.802794199868659519e-01 -9.581716694663148237e-01 1.348595989697346509e+00 -5.293775642074169063e+00 1.728819783895287676e+00 3.809623770183312441e+00 -3.671618755703469628e+00 1.147929419091569203e+00 -1.455284598550784958e+00 -9.542765685554414068e-01 1.129358133446080936e+00 2.346424694475442330e+00 -3.743013283735041052e-01 -2.386034065313384911e+00 5.023732689117966776e-01 -5.781034475883221058e-01 1.685913953907697049e+00 4.342207417853155782e+00 -2.387308901766376223e-01 1.510942639555385991e+00 1.231973576205798726e-01 1.781408045274832430e+00 6.938513504532718423e-01 1.496366439021104888e+00 1.276829117175471984e+00 -2.723172400149238004e-01 4.241312088308883510e+00 3.794135645977289695e+00 3.036973133083587406e+00 -1.103563605779128293e-01 1.707090663867018909e+00 2.370471332166981693e+00 -9.346869251348494112e-01 -3.293512221227311576e-01 -4.167911434102271606e+00 -1.799371011597656000e+00 -3.968445198515862526e-01 1.339951082813762850e+00 2.510024401695183371e+00 -4.309480349190710768e-01 -2.007863804774853822e+00 6.502553817192711916e-02 -6.955513090978654445e-01 2.762710423109429936e+00 3.234988719444479521e+00 -3.285796771316671805e+00 6.188922029197742314e-02 -1.845301365632777413e-01 4.214843815138439309e-01 6.859393220721049511e-01 1.528242222569032638e+00 1.086951235813750360e-01 -6.473551696390394961e-01 1.919386709349099940e+00 1.199360154281406965e+00 4.071506711234710529e+00 -1.490753682968201321e+00 1.794271437470610797e+00
0.000000000000000000e+00 0.000000000000000000e+00 0.000000000000000000e+00 0.000000000000000000e+00 0.000000000000000000e+00 0.000000000000000000e+00 0.000000000000000000e+00 0.000000000000000000e+00 0.000000000000000000e+00 0.000000000000000000e+00 0.000000000000000000e+00 0.000000000000000000e+00 0.000000000000000000e+00 0.000000000000000000e+00 0.000000000000000000e+00 0.000000000000000000e+00 0.000000000000000000e+00 0.000000000000000000e+00 0.000000000000000000e+00 0.000000000000000000e+00 0.000000000000000000e+00 1.000000000000000000e+00 -2.731426488740310021e-01 1.661477122442160503e+00 -2.103198562611466649e+00 3.832016414177296659e-01 -3.230080653423853754e+00 1.279080786472665821e-01 1.032714334581719795e+00 -2.333695057646255844e+00 1.913587689465396258e+00 4.036923931087699202e-01 -4.424181119412804453e-01 -4.295505899291303997e+00 -8.685652114551999370e-01 5.024302821280081766e+00 -1.191369740211624340e+00 -1.248781072290116700e+00 8.860622377184018683e-01 2.288453493682925277e+00 -4.245983393073188950e+00 -3.329922384343218855e+00 1.976589346526403279e+00 1.901219380240192658e+00 -2.814642592218054684e+00 6.135859817605115119e+00 -7.351226207312010485e-01 -5.202166391903833897e+00 4.949763032639925342e+00 -2.703941137951840545e+00 2.177326987199112551e+00 1.747624924602521279e+00 9.202837643489375496e-02 -3.180292174140005201e+00 1.558357787088078039e+00 3.296159084396840022e+00 -2.742323877648131236e-01 7.106576545481994023e-01 1.786922650035315321e-02 -5.393953909742250197e+00 9.982729562495212816e-01 -4.506576478412696596e-01 -2.653604692831078582e-01 -2.647580983938693677e+00 5.283326710405010784e-01 -1.483266574284786143e+00 -1.737841992244294476e+00 -6.480499875123513220e-02 -4.824066029901516117e+00 -5.015103247603019732e+00 -3.753193055770905673e+00 5.483707476110697421e-01 -1.090942501951772670e+00 -3.261826865495031758e+00 9.328890999044847643e-01 1.104245086943419080e-01 4.555319899845094334e+00 2.544155224410729055e+00 1.708665453281789981e+00 -1.916335256292031941e+00 -3.318896685801091095e+00 3.858250648222636414e-01 2.686238803000052577e+00 -1.034328039266815269e+00 1.545741785248211597e+00 -1.984066720087954039e+00 -5.025866000541223677e+00 5.039327721301068763e+00 -1.751594418938417774e-01 1.316498577346606746e-01 4.793140684871262658e-01 -7.586638041570757940e-01 -2.882004198583050236e+00 -1.106876339953317689e+00 2.468207114005834590e+00 -2.258131870882737147e+00 -2.645633843552677611e+00 -3.971978710009001823e+00 2.159410073045350487e+00 -1.607432428043555239e+00
0.000000000000000000e+00 0.000000000000000000e+00 0.000000000000000000e+00 0.000000000000000000e+00 0.000000000000000000e+00 0.000000000000000000e+00 0.000000000000000000e+00 0.000000000000000000e+00 0.000000000000000000e+00 0.000000000000000000e+00 0.000000000000000000e+00 0.000000000000000000e+00 0.000000000000000000e+00 0.000000000000000000e+00 0.000000000000000000e+00 0.000000000000000000e+00 0.000000000000000000e+00 0.000000000000000000e+00 0.000000000000000000e+00 0.000000000000000000e+00 0.000000000000000000e+00 0.000000000000000000e+00 1.000000000000000000e+00 -1.216348246588852655e+00 1.906273084305631915e+00 2.378254804369152042e-01 2.632381154144586954e+00 4.725857030229449474e-01 -3.674493112213184087e-01 2.768680572908653215e+00 -1.468033967832694353e+00 7.674250560854128933e-01 -8.015576415999259297e-01 4.138867246329059668e+00 1.124651231668624130e+00 -4.577208441184851928e+00 2.162307349834628578e+00 1.210527864911463469e+00 3.427189063101331729e-02 -1.921710100964201473e+00 3.339855434847794236e+00 2.558660790722885103e+00 -9.936535982030143543e-01 -1.505026428140870509e+00 2.540568018742483503e+00 -5.239776748685946117e+00 1.095851867353841103e+00 4.354525342279487177e+00 -3.996961909346633757e+00 2.180833934602965041e+00 -1.310809693762619466e+00 -9.354083910399015878e-01 -1.819466559932978178e-01 2.996631138492121593e+00 -1.035017625208845216e+00 -2.607718420219637068e+00 7.128418610976280378e-01 -1.652903352002888515e-01 -3.302327158227713055e-01 4.532370104885820261e+00 9.265114857612198607e-02 3.297514958789292128e-01 9.569298058770010496e-01 2.379005765056107613e+00 -8.412479024518358939e-01 1.293527658300869021e+00 1.168380443428872040e+00 -5.988564396266212730e-01 3.527152366944732886e+00 3.371552357524676857e+00 3.333886901211915443e+00 -4.396488658822324952e-02 5.882760017366998051e-01 3.129213854239379256e+00 -1.277082957440623945e+00 -1.048514676577627508e-01 -3.607546660838678587e+00 -2.588254737310004661e+00 -9.044841958116157654e-01 2.045503131830741061e+00 2.370677538968377629e+00 5.415508331889473670e-01 -2.997600482073545791e+00 6.003658283442134813e-01 -1.561815511831532666e+00 1.846272366688136879e+00 3.510848377440412449e+00 -3.776367020010878761e+00 -3.752725413164775814e-01 3.616109446138475181e-01 -5.584190445028214267e-01 7.518171009870119326e-01 2.547709584678667039e+00 5.000433743811563136e-01 -1.688206073255569262e+00 1.747695489965081617e+00 1.716421642780274981e+00 4.133999113564727601e+00 -1.419367344921437679e+00 2.005330153177339536e+00
0.000000000000000000e+00 0.000000000000000000e+00 0.000000000000000000e+00 0.000000000000000000e+00 0.000000000000000000e+00 0.000000000000000000e+00 0.000000000000000000e+00 0.000000000000000000e+00 0.000000000000000000e+00 0.000000000000000000e+00 0.000000000000000000e+00 0.000000000000000000e+00 0.000000000000000000e+00 0.000000000000000000e+00 0.000000000000000000e+00 0.000000000000000000e+00 0.000000000000000000e+00 0.000000000000000000e+00 0.000000000000000000e+00 0.000000000000000000e+00 0.000000000000000000e+00 0.000000000000000000e+00 0.000000000000000000e+00 1.000000000000000000e+00 -8.104864995580056686e-01 -9.282136824741385461e-02 -1.172132583324253297e+00 8.582065435568458911e-01 2.266013885583067211e-01 -1.444119290589940929e+00 9.549781423298553396e-01 -8.189592626705504141e-01 3.279904085798651669e-01 -2.071044986696677359e+00 -1.116516672311419711e+00 2.432845742790306076e+00 -1.590103877619034156e+00 -5.041778155455016730e-01 -3.765369259696345616e-01 1.497405098204596552e+00 -1.846933841452718328e+00 -1.736209307747701880e+00 6.612357993305267856e-01 1.196257323999456723e+00 -1.439439437349514295e+00 3.322004277674998285e+00 -4.550398012504976997e-01 -2.315222828092950991e+00 1.883309088061412284e+00 -1.384437112581359486e+00 6.926054999446014104e-01 1.172794003095765980e+00 2.688348005196636303e-01 -1.661014848643235231e+00 6.647931100623004630e-01 1.916862766244830762e+00 1.022750014752915326e-01 1.941585343011836134e-02 8.494774950790984214e-01 -2.918831138272149239e+00 -2.676294100917773200e-01 -3.513633959072577362e-01 -9.345786036653759288e-01 -1.305214062697292343e+00 4.421026586545949155e-01 -4.108143233958478358e-01 -9.090738839166249141e-01 1.005191767541272263e+00 -1.814919906119048409e+00 -1.479139551411362108e+00 -1.895044953549386291e+00 -5.154447580940386686e-01 -3.461278179727345639e-01 -1.950020755590961441e+00 7.065110602787595395e-01 -2.560446718278431288e-01 1.731666012760598949e+00 1.016351285512389735e+00 2.108028148796027915e-02 -1.188553328503577422e+00 -1.282228408276833376e+00 -6.289151012975695565e-01 2.661829383097938706e+00 -4.121677011870396590e-01 9.123101866538605442e-01 -9.211168839515696538e-01 -2.007039489019084577e+00 2.412253054736350322e+00 2.489681829379019051e-01 5.266752691032862144e-01 3.481975210282350353e-01 -5.008526714164127647e-01 -1.440183460097159918e+00 -6.010772794456692436e-01 1.148339718130122922e+00 -1.089342933602758912e+00 -9.963366743405001058e-01 -2.441127061608516780e+00 1.047496728328876303e+00 -1.812776811288139722e+00
0.000000000000000000e+00 0.000000000000000000e+00 0.000000000000000000e+00 0.000000000000000000e+00 0.000000000000000000e+00 0.000000000000000000e+00 0.000000000000000000e+00 0.000000000000000000e+00 0.000000000000000000e+00 0.000000000000000000e+00 0.000000000000000000e+00 0.000000000000000000e+00 0.000000000000000000e+00 0.000000000000000000e+00 0.000000000000000000e+00 0.000000000000000000e+00 0.000000000000000000e+00 0.000000000000000000e+00 0.000000000000000000e+00 0.000000000000000000e+00 0.000000000000000000e+00 0.000000000000000000e+00 0.000000000000000000e+00 0.000000000000000000e+00 1.000000000000000000e+00 1.159258122162738491e-01 1.150754418614484242e+00 -1.800346058798288351e-01 -2.327080560584485758e-01 1.479410882686415407e+00 -6.833099003535035854e-01 4.623276475275115427e-01 -7.793928329426341728e-02 1.340615553372796809e+00 2.232364804989332985e-01 -1.812364060513995900e+00 1.201849442471062845e+00 4.439903087111126689e-01 -1.886261602967147788e-01 -1.002046249737945649e+00 7.583793176925002211e-01 1.255656515318511746e+00 6.356896931854877017e-03 -1.184913398879523516e+00 1.410456255516677526e+00 -2.709534563318028333e+00 -4.275395688630116431e-01 1.261325056854590176e+00 -1.512458244968197363e+00 8.417748995984235538e-01 -6.518951843134916657e-02 -7.754780010323523987e-02 -9.612614772979073685e-02 1.117020932363000485e+00 -9.525564274303947032e-01 -1.009302117826583300e+00 1.450898030318905629e-01 3.568033133052513767e-02 -1.193783454904864927e+00 2.402151660666669741e+00 1.842064876181954969e-01 2.115038247198877952e-01 -1.230727447715620898e-01 -3.229773379997804561e-01 -1.263071336539493217e+00 1.654651939569130176e-02 6.774418150395878913e-01 -9.433811409866396103e-01 7.278868267316105367e-01 1.064543087937857679e+00 1.668722173102423989e+00 -4.678653534595286073e-02 4.207809704485113156e-01 1.266889073370724983e+00 -4.341203355285837007e-01 1.698033973216520331e-01 -1.808853189044432819e+00 -1.735573176278225604e+00 6.631853771082550919e-01 8.650592806478976105e-01 1.084964980184987549e-01 4.006535859327425286e-01 -2.224151880595443220e+00 -6.217944011033214036e-01 -1.868280070109771818e-01 1.217664221711574069e+00 1.575168263193984952e+00 -1.498063600680100027e+00 -2.541789596850032029e-01 6.324165023341338232e-02 -8.940366425347973101e-01 -1.318186137077818620e-01 1.044500261345094883e+00 2.103339142550438856e-01 -6.257619265919452944e-01 1.018940621855806583e+00 1.012688129177591670e-02 1.434537395692726758e+00 7.994576612037511409e-02 1.949891242565119143e+00
0.000000000000000000e+00 0.000000000000000000e+00 0.000000000000000000e+00 0.000000000000000000e+00 0.000000000000000000e+00 0.000000000000000000e+00 0.000000000000000000e+00 0.000000000000000000e+00 0.000000000000000000e+00 0.000000000000000000e+00 0.000000000000000000e+00 0.000000000000000000e+00 0.000000000000000000e+00 0.000000000000000000e+00 0.000000000000000000e+00 0.000000000000000000e+00 0.000000000000000000e+00 0.000000000000000000e+00 0.000000000000000000e+00 0.000000000000000000e+00 0.000000000000000000e+00 0.000000000000000000e+00 0.000000000000000000e+00 0.000000000000000000e+00 0.000000000000000000e+00 1.000000000000000000e+00 6.558610939512987237e+00 5.497812538839307983e+00 -3.733397524386536048e+00 -6.015839120358385195e+00 1.637762667390095128e+00 -1.031248253438101337e+01 -9.368670561445806289e-02 2.826942118084426081e+00 -6.157108888230069965e+00 -5.084209476803017935e+00 -6.168997049125811927e+00 -8.120175549775217050e-01 1.085947190786279659e+00 1.131250502958846438e+00 3.058231724459826051e+00 -3.758058345447956583e+00 -7.779647211980991628e+00 3.912543620033530178e+00 1.821177842439439587e+00 3.818128843259489091e+00 1.798951819527233320e-01 6.966016206036661274e+00 -5.657316624643714320e+00 3.201689144531323361e+00 -6.490003043554075646e+00 -2.145726343676076731e+00 -1.142412894275374402e+00 1.118671526109241837e-01 -1.844082275288318473e-01 -1.935249880531915989e-01 1.145352626888591629e+00 2.098534771831820578e+00 6.267971679300243792e+00 -1.050922904288998261e+00 -6.014678880808321360e+00 -3.921773274990621339e+00 -3.324730904983703716e+00 9.550060330832446098e+00 3.033480661859988992e+00 4.303554180893989667e+00 8.753077368442822026e-01 4.945283075713540200e+00 4.997962078218846749e+00 9.570462134343623362e+00 -9.314475502309208510e-01 -4.750628511074213911e+00 -5.396038147361836401e+00 -2.156690639061592751e+00 -2.353706389331863547e-01 -1.144637038746840529e+00 -2.401092800482908629e+00 6.398265876059907598e-01 -1.245279007571486929e+01 -5.076615334515711453e+00 7.016060669324368781e+00 -4.729524410740629570e+00 1.247504279805032290e+01 5.796214970127817168e+00 -5.110962979616478385e+00 -8.053685525655239985e+00 1.260983462230681917e+00 -4.028625619069070574e+00 3.823007576180522893e+00 2.107463798860194526e+00 4.968406572939174204e+00 1.306139717578938875e+00 2.861100713800750928e+00 3.723382843133237419e+00 -2.707476131316621348e+00 -7.018093285886502386e+00 5.597364266729992544e+00 -2.869833460049889595e+00 -7.183886762273474780e+00 -1.457996861051075932e+01
0.000000000000000000e+00 0.000000000000000000e+00 0.000000000000000000e+00 0.000000000000000000e+00 0.000000000000000000e+00 0.000000000000000000e+00 0.000000000000000000e+00 0.000000000000000000e+00 0.000000000000000000e+00 0.000000000000000000e+00 0.000000000000000000e+00 0.000000000000000000e+00 0.000000000000000000e+00 0.000000000000000000e+00 0.000000000000000000e+00 0.000000000000000000e+00 0.000000000000000000e+00 0.000000000000000000e+00 0.000000000000000000e+00 0.000000000000000000e+00 0.000000000000000000e+00 0.000000000000000000e+00 0.000000000000000000e+00 0.000000000000000000e+00 0.000000000000000000e+00 0.000000000000000000e+00 1.000000000000000000e+00 1.088559171145428328e+00 -5.335971666091889887e-01 -1.231858079735652867e+00 5.058340330688930742e-01 -2.133624040078746731e+00 1.702846105684287792e-01 3.649636667838121462e-01 -8.458158278772168748e-01 -6.461591818529468512e-01 -1.694710525029250237e+00 -1.685330788570119642e-01 -1.280178095652244330e-01 1.835858523904756734e-01 5.987695496179036292e-01 -8.253793460791520875e-01 -1.189377122340132376e+00 8.855548975894685926e-01 -1.901457482723552528e-01 1.211282974170729165e+00 6.464741434525304864e-02 1.249274130827589424e+00 -9.643924126158458510e-01 6.552262286529959567e-01 -1.501815400574388892e+00 -4.631188502353004166e-01 9.350940733035408015e-02 -2.697003540315177084e-01 -5.062963776068973160e-02 3.299449945977629417e-01 1.308233271013593546e-01 2.655967456984507091e-01 1.410010845359468856e+00 -5.035304460599262510e-01 -1.236103997747826755e+00 -5.985304148669636781e-01 -7.440214380475398404e-01 1.869173674340228297e+00 1.006172682526234485e+00 7.441299416763121899e-01 -7.010952242541010349e-02 1.318207701063027315e+00 1.118444441619796503e+00 1.769935622483288951e+00 -3.736382147656880370e-01 -9.480252651741979397e-01 -1.091885784930316960e+00 -8.384193856485524510e-01 -9.442979069471582609e-02 -4.458490788730771759e-01 -2.002287992079668233e-01 3.818360014604573749e-01 -2.381462478854086573e+00 -9.240514205840498763e-01 1.236936780045005957e+00 -8.776790074966213107e-01 2.773130496185099769e+00 1.103325370909132408e+00 -6.459380890340635784e-01 -1.706976630122013727e+00 2.455803118395459284e-01 -6.489830663012794432e-01 9.033781368797960676e-01 4.952800707029233473e-01 1.316056350802109920e+00 8.643578993806672051e-02 5.008041218164069885e-01 3.876264045419467452e-01 -2.387627203963650635e-01 -1.396882529287654773e+00 9.589157796287637314e-01 -8.768849356068237899e-01 -1.506758076467491048e+00 -2.983190186845128711e+00
0.000000000000000000e+00 0.000000000000000000e+00 0.000000000000000000e+00 0.000000000000000000e+00 0.000000000000000000e+00 0.000000000000000000e+00 0.000000000000000000e+00 0.000000000000000000e+00 0.000000000000000000e+00 0.000000000000000000e+00 0.000000000000000000e+00 0.000000000000000000e+00 0.000000000000000000e+00 0.000000000000000000e+00 0.000000000000000000e+00 0.000000000000000000e+00 0.000000000000000000e+00 0.000000000000000000e+00 0.000000000000000000e+00 0.000000000000000000e+00 0.000000000000000000e+00 0.000000000000000000e+00 0.000000000000000000e+00 0.000000000000000000e+00 0.000000000000000000e+00 0.000000000000000000e+00 0.000000000000000000e+00 1.000000000000000000e+00 -8.558009930638739160e-01 2.071070919176349001e+00 -3.960347573926328302e-01 3.810285380316929871e+00 -4.004211344373325154e+00 3.243928421775736037e+00 1.787410124578549420e+00 8.159930648529434283e-01 8.351844492601678827e-01 1.180213937383897349e+00 2.370996588322192289e-01 -8.571308199596406885e-01 -2.408672422387785339e+00 -2.068774946527153880e+00 1.640736556475470120e+00 -3.276201422304618194e-01 1.822253696807557277e-01 3.831443978656056792e+00 6.935923972662126902e-01 -2.487439388777858529e+00 5.128627495295156047e-01 -1.598802012358349067e-01 2.215821307936010065e+00 1.986880030619566639e+00 -2.062226529110090301e+00 -1.531263490662163829e+00 -1.702872469325174221e+00 6.011371245255896500e-01 1.121621011109212196e+00 -1.568419127078844788e+00 -3.117855736264303346e+00 -6.537986558121163805e-01 8.191998245235994069e-01 -1.545327092106941302e+00 -1.160551103496103575e+00 -6.274799797637437004e-01 -5.854535522649333412e-01 -2.261589117619034806e+00 -9.993219525236189948e-01 1.189621112057686503e+00 -5.879323410584033072e-01 -5.662656950361932395e+00 1.742168760604112521e+00 1.074906161301697888e-01 1.133554631888069875e-01 -1.985742097917605253e+00 -4.941433612350174531e-01 8.230403925330741499e-01 -7.689847871295516502e-01 -1.322745648224239456e+00 -1.053955724891936230e+00 2.626793828406649212e+00 -2.866171914451725922e+00 1.790344782366570353e+00 -1.028057866623053984e+00 2.464928503538399873e+00 -1.906859218627229735e+00 8.584723245419422222e-01 1.474788756055386840e-01 2.028576979689771687e+00 1.076150570050851130e-01 1.434190206004961166e+00 -1.780858015545855988e+00 -2.978006349277209974e+00 -1.355933872605535440e+00 -1.811651126583429805e-01 4.713894979201836977e-01 3.470922064189441603e+00 -1.937246958888579895e+00 -9.864259108632439377e-01 1.345586371958788163e+00 4.674893703805244605e-01
0.000000000000000000e+00 0.000000000000000000e+00 0.000000000000000000e+00 0.000000000000000000e+00 0.000000000000000000e+00 0.000000000000000000e+00 0.000000000000000000e+00 0.000000000000000000e+00 0.000000000000000000e+00 0.000000000000000000e+00 0.000000000000000000e+00 0.000000000000000000e+00 0.000000000000000000e+00 0.000000000000000000e+00 0.000000000000000000e+00 0.000000000000000000e+00 0.000000000000000000e+00 0.000000000000000000e+00 0.000000000000000000e+00 0.000000000000000000e+00 0.000000000000000000e+00 0.000000000000000000e+00 0.000000000000000000e+00 0.000000000000000000e+00 0.000000000000000000e+00 0.000000000000000000e+00 0.000000000000000000e+00 0.000000000000000000e+00 1.000000000000000000e+00 1.806047463323590119e+00 -5.620133424188848981e-01 1.588984901184007370e+00 -2.952353460412643127e+00 4.130515059067224826e+00 3.872221786335338756e+00 -2.152272029978092860e-01 1.929385941511251590e-01 1.135150562018303555e+00 -1.482062167427532939e+00 -2.616268638221000309e+00 -2.394602336647885521e-01 -8.406993488269550729e-01 2.264432991855274580e+00 9.500261249563427546e-01 -2.401140125113724544e+00 2.732817928901686955e+00 1.256136769946329945e+00 -7.078561498018289821e-01 -4.111552706187712736e-01 1.956979854007294239e+00 -3.152128069008132694e-01 -1.651867264181599571e-01 1.747442513085635918e+00 9.928298164204416021e-02 -1.228779182529595948e+00 2.125811661490891069e+00 2.387908581892743687e-01 -1.373113800707311594e+00 -1.376153172706950034e+00 -8.241342581820974844e-02 9.662870222959010214e-01 -1.647805404985603073e-01 1.028669311138811437e+00 7.828560812778351252e-01 1.135064968291602305e+00 -6.410265322957405809e-01 -3.060416991957427557e-01 2.817633258368315463e+00 1.814389998629582612e+00 -2.999689544083753212e+00 1.164953819066866680e+00 1.283243941955124257e+00 1.721648494922399242e-01 -2.672810658774628756e+00 -1.297162010786977460e+00 -9.837711616612152543e-01 9.555675947351643940e-02 -9.545051387909654628e-02 2.457708957577968770e-02 4.749895294634516318e+00 -1.783354609763133647e+00 1.867157118310612818e+00 -4.154413711531221853e-01 1.414712579780889046e+00 7.429121587111011671e-01 -1.789158006429238112e-01 2.786776693221193479e+00 7.883370391410401412e-01 -5.216524847639839590e-01 1.387762222180202620e+00 1.666009893282073051e+00 -1.897684473286448403e+00 -4.656570714426164215e-01 -1.614062681547826950e+00 -3.353490156584180704e-01 2.215047249548671715e+00 -1.054402004223831124e+00 3.524860050300477887e-01 -1.015621305113906248e+00 2.196096621338665233e+00
0.000000000000000000e+00 0.000000000000000000e+00 0.000000000000000000e+00 0.000000000000000000e+00 0.000000000000000000e+00 0.000000000000000000e+00 0.000000000000000000e+00 0.000000000000000000e+00 0.000000000000000000e+00 0.000000000000000000e+00 0.000000000000000000e+00 0.000000000000000000e+00 0.000000000000000000e+00 0.000000000000000000e+00 0.000000000000000000e+00 0.000000000000000000e+00 0.000000000000000000e+00 0.000000000000000000e+00 0.000000000000000000e+00 0.000000000000000000e+00 0.000000000000000000e+00 0.000000000000000000e+00 0.000000000000000000e+00 0.000000000000000000e+00 0.000000000000000000e+00 0.000000000000000000e+00 0.000000000000000000e+00 0.000000000000000000e+00 0.000000000000000000e+00 1.000000000000000000e+00 -2.379941803256323540e-01 1.546050433663728851e+00 -1.915626050893928456e+00 1.985808096150202706e+00 1.726290934895679419e+00 1.137165342903493914e-01 4.693462261678639780e-01 5.546110274822790842e-01 -2.148328304540453315e-01 -1.018792252923985675e+00 -6.268503428612833828e-01 -7.055753391542191055e-01 1.023020702743001387e+00 1.456712718298402154e-01 -5.752443704107164102e-01 1.762569751410462349e+00 5.783382704712999312e-01 -8.526387772654847597e-01 6.452778369968652228e-02 6.589899818052724623e-01 3.754251159182822595e-01 2.920080800000495747e-01 -1.506288848366642286e-01 -2.577507622308020663e-01 -7.181463551743929585e-01 6.903331954653180169e-01 2.832235228024013729e-01 -7.863532809280340263e-01 -1.341261751949246683e+00 -6.205020910167598214e-02 6.553524133466833712e-01 -3.538862327956358578e-01 1.518308062159141880e-01 2.244688166812464081e-01 1.728529304287392820e-01 -8.623894433905870960e-01 -2.978109555308519063e-01 1.030929441103788147e+00 3.197352068621470145e-01 -2.387412104061791940e+00 8.431806436591283704e-01 4.790463273324547799e-01 1.968797714155358022e-02 -1.156741033385623840e+00 -6.081976308116667784e-01 -2.186070068563185018e-02 -6.951876612482543738e-02 -2.387277181073500787e-01 -1.955069960584247257e-01 2.013464838633877818e+00 -1.209464536383379141e+00 1.159834366183228438e+00 -6.015448050256947399e-01 1.188472018156101706e+00 -3.685865287400487134e-01 6.259968715846078724e-02 9.355570452108261659e-01 7.420850497464313023e-01 -1.161349558356123413e-01 7.540369362247195673e-01 -6.825085272499210876e-02 -1.210972531859423773e+00 -3.489003598716230448e-01 -4.153943163918774606e-01 -3.951394471297951100e-02 1.545012666414155467e+00 -7.578975897688878804e-01 -1.619823967531863196e-01 -1.428773747728538830e-02 8.938504035643015655e-01
0.000000000000000000e+00 0.000000000000000000e+00 0.000000000000000000e+00 0.000000000000000000e+00 0.000000000000000000e+00 0.000000000000000000e+00 0.000000000000000000e+00 0.000000000000000000e+00 0.000000000000000000e+00 0.000000000000000000e+00 0.000000000000000000e+00 0.000000000000000000e+00 0.000000000000000000e+00 0.000000000000000000e+00 0.000000000000000000e+00 0.000000000000000000e+00 0.000000000000000000e+00 0.000000000000000000e+00 0.000000000000000000e+00 0.000000000000000000e+00 0.000000000000000000e+00 0.000000000000000000e+00 0.000000000000000000e+00 0.000000000000000000e+00 0.000000000000000000e+00 0.000000000000000000e+00 0.000000000000000000e+00 0.000000000000000000e+00 0.000000000000000000e+00 0.000000000000000000e+00 1.000000000000000000e+00 -1.361182588768473645e+00 2.142328545895990644e-01 -1.299210690653718636e+00 -1.706554593958263810e+00 2.751910814321856247e-01 -6.085546613771274371e-01 -1.992888306537661525e-01 4.402133615055407456e-01 3.500507986808146788e-01 -1.246186112405697433e+00 5.047829790712691223e-01 -7.419772828421059563e-01 -1.367902526037805933e+00 9.402689499132415030e-01 -3.007818854498755523e-01 -6.130119470992744235e-01 5.516730379608797419e-01 -1.173264052297520621e+00 3.716477922702940417e-01 5.991016049618489436e-01 4.419039144083056203e-01 -1.102627839078285987e+00 -1.069808061330373539e+00 -1.401794860338811066e+00 -1.702221010837285053e+00 4.813263642820843624e-01 1.095140662088800454e-01 -1.825009550209474585e-01 -5.095501080062898591e-01 -2.071553828170879186e+00 -1.275839561669902089e+00 -2.301893400681296331e+00 -6.453800064505325063e-01 -4.058728609433808199e-01 -8.312762151587228532e-01 -3.349047896297877580e-01 -1.203122486237094169e+00 -5.385728908616356225e-01 -8.259343899050904936e-01 8.589996540808171599e-02 -5.979665063192821789e-02 -1.208674546508141212e+00 -1.014112802242397304e+00 1.719477670854104023e-02 5.580656480668271247e-01 -1.169303667732297658e+00 -1.742882313041767217e+00 -1.260614074153469710e+00 -1.355469114697813504e+00 1.784217799802142734e-01 -5.560549062008046661e-01 9.812702276610284491e-01 1.791705501473416645e-02 -2.593740980088733439e-01 6.169104228231940823e-01 -1.133023360185118067e+00 -1.065372969756932298e+00 1.036626527464610037e+00 -1.016372215890264386e+00 -1.127477236748492651e+00 -1.381227940993751124e+00 -4.832224775270643757e-01 5.625135195823818268e-01 1.088202614832811888e+00 -9.204690565293569549e-01 -4.085225147516481359e-01 -1.177611323477443683e+00 6.139751196724371196e-01 -1.233635768386275311e+00
0.000000000000000000e+00 0.000000000000000000e+00 0.000000000000000000e+00 0.000000000000000000e+00 0.000000000000000000e+00 0.000000000000000000e+00 0.000000000000000000e+00 0.000000000000000000e+00 0.000000000000000000e+00 0.000000000000000000e+00 0.000000000000000000e+00 0.000000000000000000e+00 0.000000000000000000e+00 0.000000000000000000e+00 0.000000000000000000e+00 0.000000000000000000e+00 0.000000000000000000e+00 0.000000000000000000e+00 0.000000000000000000e+00 0.000000000000000000e+00 0.000000000000000000e+00 0.000000000000000000e+00 0.000000000000000000e+00 0.000000000000000000e+00 0.000000000000000000e+00 0.000000000000000000e+00 0.000000000000000000e+00 0.000000000000000000e+00 0.000000000000000000e+00 0.000000000000000000e+00 0.000000000000000000e+00 1.000000000000000000e+00 -1.488748435081013843e+00 1.702350231255931101e+00 1.780512675991692939e+00 2.136108175435075529e-01 -7.160967766210830920e-02 5.279973273429645619e-01 -1.711575669961911406e-01 -5.625912210530298330e-01 1.254451373351299186e-02 -1.004077415508673576e+00 9.430125332901072577e-01 1.231029585543871319e+00 -1.445644032422461089e+00 2.289028407174176660e+00 8.127031999337016588e-01 -4.715365163611864863e-01 1.895808645003616288e-01 6.698880804687331603e-01 -4.099603055341317637e-01 -1.675313284762244004e-01 4.794820122573185128e-01 -8.573847633516010203e-02 5.026285857393674589e-02 1.125692126667830140e+00 -8.915661403288940856e-02 -6.305347304687437537e-01 -2.150434620851013057e-01 -5.604658950900329728e-01 4.584089026013054013e-01 1.234166874773099699e-02 8.082357312098730207e-01 1.005848712626255859e+00 1.090398835789071486e+00 -1.750363327318996132e-01 -1.091332246962753855e-01 1.758564415559748184e+00 6.395630242262340115e-01 -1.255886768241008644e+00 3.657433541411385641e-03 1.817521604270303792e-01 3.593072091749360819e-02 -1.399227834441311158e+00 -5.078068245925331237e-01 -4.158787095297014624e-01 6.724939791260192701e-01 6.082931967868355772e-01 -4.150591513494287788e-01 1.550159457578313749e+00 -6.260269283226866932e-01 7.609206173535905116e-01 4.206672056323810249e-01 1.188802596208124118e+00 -1.437822133355337595e-01 -8.854558996631731738e-01 8.853611345729447413e-01 7.038192084953310834e-01 -1.057169609685672945e-01 9.338439340647318732e-01 1.165417734471745570e+00 -5.562815080977541182e-01 -1.998154392272775276e-02 -4.942232169596950664e-01 -2.728177947568355410e-01 8.015478223235154021e-01 2.012587637965821130e-01 -1.026714237457665851e-01 -8.675462008768120015e-01 -2.361167233006487010e-01
0.000000000000000000e+00 0.000000000000000000e+00 0.000000000000000000e+00 0.000000000000000000e+00 0.000000000000000000e+00 0.000000000000000000e+00 0.000000000000000000e+00 0.000000000000000000e+00 0.000000000000000000e+00 0.000000000000000000e+00 0.000000000000000000e+00 0.000000000000000000e+00 0.000000000000000000e+00 0.000000000000000000e+00 0.000000000000000000e+00 0.000000000000000000e+00 0.000000000000000000e+00 0.000000000000000000e+00 0.000000000000000000e+00 0.000000000000000000e+00 0.000000000000000000e+00 0.000000000000000000e+00 0.000000000000000000e+00 0.000000000000000000e+00 0.000000000000000000e+00 0.000000000000000000e+00 0.000000000000000000e+00 0.000000000000000000e+00 0.000000000000000000e+00 0.000000000000000000e+00 0.000000000000000000e+00 0.000000000000000000e+00 1.000000000000000000e+00 -1.787085229049696800e+00 -2.899168881546017928e+00 2.834136565146410103e-01 6.025210122303336080e-01 3.920396727938818549e-01 9.534666169510586098e-01 1.986189434776535645e+00 -5.887094538050676729e-01 1.251299771111526127e+00 -1.096664200024673130e+00 -8.207922863140338920e-01 1.459145246809091523e+00 -2.408706218135209909e+00 -3.080147713300871448e-01 -2.837519586479312905e-01 -8.283975384968311761e-01 -1.275764039658544569e+00 1.841611407084482455e+00 1.532197452348080580e+00 -1.420772487119799754e+00 -1.351826226536169961e-01 2.927904078219315323e-02 -2.665522925843792468e+00 4.409389058032022191e-01 2.859372165775259655e-01 9.033593853905129700e-01 -4.638552184010580892e-01 -2.023716607745659868e+00 -5.204433581182096313e-01 -1.475839185069588666e+00 -2.066505514239054264e+00 -7.642237908087660125e-01 2.736021515383999653e-02 6.127527471828856376e-01 -1.965768083270206246e+00 -1.361246615064539700e+00 3.192480913948687604e-01 -8.103723517144318933e-01 -7.754924628133352815e-01 3.621158548336885774e-01 3.933469388573543335e-01 1.073911493078060220e+00 5.945149745085557269e-01 -1.168843533214960928e+00 -2.211783110482903325e+00 4.472967317237826479e-01 -2.049877200159435198e+00 2.718626429274859091e-01 -1.406133298156340361e+00 -1.877360856943334211e-01 -1.504702309657206971e+00 -6.153644580740309095e-02 1.962777990180947674e+00 -2.152536265040975838e+00 -9.847790045089211963e-01 -5.000700311007264531e-01 -1.208248134031158161e+00 -1.775469661251606102e+00 7.031691900820409569e-02 -3.068225530140928359e-01 1.149474146308511635e+00 6.556154634608269971e-01 -3.000247880962324531e-01 7.151575146296432761e-01 6.560491243583479459e-01 1.513679575010753009e+00 -3.935934583814297283e-01
0.000000000000000000e+00 0.000000000000000000e+00 0.000000000000000000e+00 0.000000000000000000e+00 0.000000000000000000e+00 0.000000000000000000e+00 0.000000000000000000e+00 0.000000000000000000e+00 0.000000000000000000e+00 0.000000000000000000e+00 0.000000000000000000e+00 0.000000000000000000e+00 0.000000000000000000e+00 0.000000000000000000e+00 0.000000000000000000e+00 0.000000000000000000e+00 0.000000000000000000e+00 0.000000000000000000e+00 0.000000000000000000e+00 0.000000000000000000e+00 0.000000000000000000e+00 0.000000000000000000e+00 0.000000000000000000e+00 0.000000000000000000e+00 0.000000000000000000e+00 0.000000000000000000e+00 0.000000000000000000e+00 0.000000000000000000e+00 0.000000000000000000e+00 0.000000000000000000e+00 0.000000000000000000e+00 0.000000000000000000e+00 0.000000000000000000e+00 1.000000000000000000e+00 1.777416526588438961e+00 -3.702273052563955780e-01 -1.650577265938722726e-01 -4.345489511939757965e-01 -3.605324001444598636e-01 -7.817306498559620787e-01 1.185137736908321804e+00 -6.970572960297237719e-01 3.966660552454229910e-02 8.247181801329691586e-01 -4.129145176475155221e-01 1.005048452749335519e+00 1.881723692640523138e-01 1.721770794916610559e-01 8.988771961926894649e-01 4.888530033978434330e-01 -1.106477664909046199e+00 -8.278646763832930855e-01 4.417173354937886098e-01 4.729779589904640758e-01 9.234819710683905836e-01 1.732701170882057662e+00 -1.425403235308525529e-01 1.890910172400453726e-01 -1.400343964566077570e-01 4.163886513430024583e-01 1.865632337030550758e+00 5.380326158208084131e-01 1.567433189039369790e+00 1.708727597856344982e+00 4.072712298112745044e-01 3.307781087143759069e-01 -3.710465776541997940e-01 9.889382460584912327e-01 6.755837938362660999e-01 4.671944845495805687e-01 1.168889495838886378e-01 3.100311128083995671e-01 -3.730270836599796636e-01 1.233862422519074409e+00 -5.901961733642938635e-01 -4.196318853967198614e-01 1.420525303024792851e+00 2.009062130879826658e+00 -6.023525575926113283e-03 8.227413164728215600e-01 4.267223974622530447e-01 7.687907637763978785e-01 -2.707416117575241477e-01 9.951507268343933177e-01 -4.705636597339775407e-02 -1.338876256848115842e+00 9.331289600189978106e-01 6.230936162426053970e-01 -1.607178276735696798e-01 1.006540192693603508e+00 8.043186204296880470e-01 1.098090213805431814e+00 6.998110366934486848e-01 -4.487805262118870764e-01 -6.179346003694700107e-01 -1.428230077518383156e-01 -1.774755086995743192e-01 7.417871391337903242e-02 -1.003155336890991345e+00 2.602413828929153738e-01
0.000000000000000000e+00 0.000000000000000000e+00 0.000000000000000000e+00 0.000000000000000000e+00 0.000000000000000000e+00 0.000000000000000000e+00 0.000000000000000000e+00 0.000000000000000000e+00 0.000000000000000000e+00 0.000000000000000000e+00 0.000000000000000000e+00 0.000000000000000000e+00 0.000000000000000000e+00 0.000000000000000000e+00 0.000000000000000000e+00 0.000000000000000000e+00 0.000000000000000000e+00 0.000000000000000000e+00 0.000000000000000000e+00 0.000000000000000000e+00 0.000000000000000000e+00 0.000000000000000000e+00 0.000000000000000000e+00 0.000000000000000000e+00 0.000000000000000000e+00 0.000000000000000000e+00 0.000000000000000000e+00 0.000000000000000000e+00 0.000000000000000000e+00 0.000000000000000000e+00 0.000000000000000000e+00 0.000000000000000000e+00 0.000000000000000000e+00 0.000000000000000000e+00 1.000000000000000000e+00 -1.378779455906752105e+00 1.516990366023436287e+00 -3.898480125121655870e+00 -5.011553219175818308e-01 5.194168346688255999e-01 3.628695229999080230e+00 -7.510659605940332717e-02 -3.114203525389275917e+00 -1.557320869708710420e-01 2.746359391758771640e+00 1.431026369444985846e+00 9.130653373158815755e-01 -1.464903468723987690e+00 1.293424133552610655e+00 -5.130564898936796903e-01 -1.657431254140382171e+00 5.483311140971462994e-01 -3.024238800358304946e+00 1.749534301966509720e+00 4.322720850702691742e+00 1.835009851931172387e+00 1.880825338881833675e+00 1.349546175751338284e+00 4.647934023441266382e-01 -4.199170528692133808e-01 4.273880284194884638e+00 4.848058811202593521e-01 2.514743543131345405e+00 3.465376033120352250e+00 -3.795721482579411110e-01 -5.174249542414411929e-01 -2.892923187069939228e+00 4.793805634452176778e-01 -5.087809342143098101e-01 1.585761402118880836e+00 -3.023825408325606090e-01 -1.107296072430982603e+00 -3.691203514754891835e+00 4.680326997302566738e+00 -2.209441748048088350e+00 -1.789269438636911236e+00 4.716926340411798257e+00 4.217603130987748195e+00 -2.121489605591218852e-01 -1.631990851531583075e+00 1.936514262826344535e+00 2.748688733210898238e+00 -3.356592313043978759e+00 2.840723879865469925e+00 -1.954653025883546613e+00 -3.911479865626573016e+00 -1.738625650048089555e-01 8.291879906732089189e-01 -2.039757382647072514e+00 4.129428647498683880e+00 -3.033554497873717448e+00 4.126827675691966846e+00 3.591664769546509817e+00 1.026060779409882384e+00 9.990721296546137831e-01 -1.262581773558456577e+00 -1.306909107071245968e+00 -1.837072811447705956e+00 -5.737172335881911556e-01 1.076913118649811318e+00
0.000000000000000000e+00 0.000000000000000000e+00 0.000000000000000000e+00 0.000000000000000000e+00 0.000000000000000000e+00 0.000000000000000000e+00 0.000000000000000000e+00 0.000000000000000000e+00 0.000000000000000000e+00 0.000000000000000000e+00 0.000000000000000000e+00 0.000000000000000000e+00 0.000000000000000000e+00 0.000000000000000000e+00 0.000000000000000000e+00 0.000000000000000000e+00 0.000000000000000000e+00 0.000000000000000000e+00 0.000000000000000000e+00 0.000000000000000000e+00 0.000000000000000000e+00 0.000000000000000000e+00 0.000000000000000000e+00 0.000000000000000000e+00 0.000000000000000000e+00 0.000000000000000000e+00 0.000000000000000000e+00 0.000000000000000000e+00 0.000000000000000000e+00 0.000000000000000000e+00 0.000000000000000000e+00 0.000000000000000000e+00 0.000000000000000000e+00 0.000000000000000000e+00 0.000000000000000000e+00 1.000000000000000000e+00 -2.765799801689222459e+00 -6.612210426753033499e-01 -3.190138061312274065e+00 -4.843267660794675855e+00 -6.532626214456512592e+00 -9.050613142848111803e-01 6.007714359693053119e+00 -1.019981686470198046e+00 1.241458629429389893e+00 9.011682555554640928e-01 -4.979086026810787047e+00 -5.669543789044062532e-01 8.017134637923246654e-01 8.743057466855341797e-01 -3.626151939196318730e-01 -4.307353635995913699e+00 3.953366713362973073e+00 -1.721632368831072402e+00 -8.584673100831464509e+00 4.230452401050875721e+00 -1.867454544744478584e+00 -2.770132350539942223e+00 -3.111791938662160639e+00 3.561468792766771418e+00 -6.703481723700326356e-01 8.499066580893778200e-01 -4.683783231263482172e+00 -5.058022458380433406e+00 -7.900309826017639647e-01 -9.178791438870556041e-01 1.655497194488237511e+00 -6.314999531678451294e-01 1.296396265430300510e+00 -2.975468952285092339e+00 7.301496191779260236e+00 2.627100468999783001e+00 4.742205084309545349e+00 -3.353942014576657638e+00 -4.777001971354170595e-01 1.008425058520167505e+00 -4.961627108261072117e+00 -2.002891316482910078e+00 1.695939948003476472e+00 5.140790166216906876e+00 -2.803295814267262598e-01 2.047316490930173594e-01 1.227701015692777675e+00 -2.451456434415558938e+00 2.348010271103717628e+00 1.363554868011644938e+00 6.405638454297886142e+00 4.873485628063673469e-01 5.617436281997696845e+00 -3.454901297763406820e+00 1.950349928391402976e+00 -3.222077745280483185e+00 -5.305592212460107149e+00 -6.237901888410131157e-01 2.165134780623167110e+00 3.539375740977030116e+00 -5.571322085501194010e+00 -2.403654668639098269e+00 1.262158673228541694e+00 1.623891624998029970e+00
0.000000000000000000e+00 0.000000000000000000e+00 0.000000000000000000e+00 0.000000000000000000e+00 0.000000000000000000e+00 0.000000000000000000e+00 0.000000000000000000e+00 0.000000000000000000e+00 0.000000000000000000e+00 0.000000000000000000e+00 0.000000000000000000e+00 0.000000000000000000e+00 0.000000000000000000e+00 0.000000000000000000e+00 0.000000000000000000e+00 0.000000000000000000e+00 0.000000000000000000e+00 0.000000000000000000e+00 0.000000000000000000e+00 0.000000000000000000e+00 0.000000000000000000e+00 0.000000000000000000e+00 0.000000000000000000e+00 0.000000000000000000e+00 0.000000000000000000e+00 0.000000000000000000e+00 0.000000000000000000e+00 0.000000000000000000e+00 0.000000000000000000e+00 0.000000000000000000e+00 0.000000000000000000e+00 0.000000000000000000e+00 0.000000000000000000e+00 0.000000000000000000e+00 0.000000000000000000e+00 0.000000000000000000e+00 1.000000000000000000e+00 1.829848987208060995e+00 2.174656822644200904e+00 1.902949809385999114e+00 1.928658685150702379e+00 5.575326484345061173e-01 -1.857518065585388012e+00 1.994367278900352758e-01 -1.827072515603175296e+00 -1.339897685878244982e+00 2.197064143914689183e+00 1.373993631350422184e+00 -5.763074350401469204e-01 -1.256669834973637156e-01 5.752345928319801960e-01 1.612092746562927781e+00 -6.846514060768269516e-01 1.864356303308755125e-01 2.861455867444357537e+00 -2.823124246042457930e+00 6.204005938071828485e-02 1.250616882719999934e+00 8.368417787877339142e-01 -1.235558479153080258e+00 -7.211163838374473611e-01 -5.252964142186761221e-01 1.820510154231022026e+00 1.685458823763436476e+00 2.611414122517897729e-01 7.348185935689790504e-01 2.901701964111816356e-01 -2.605375435116377147e-01 -4.873025358984605093e-01 9.954825237521731651e-01 -3.548007288170676787e+00 -6.336165627015288848e-01 -1.150651713264581710e+00 4.008978771537393682e-01 1.133110488444981190e+00 5.693990773474851830e-01 6.991387649251356029e-01 -2.304700665637013923e-01 -7.687849356831333303e-01 -2.093009708627139087e+00 -8.410674850978699935e-01 -9.628201826998207258e-01 4.754914713944414228e-01 2.182653710158595495e-01 -5.328860604283166547e-01 7.331925856564539545e-01 -3.293408447192934130e+00 -4.425260208597225353e-01 -1.908749804820483176e+00 -1.183425727246478418e-02 3.015971961934679757e-01 -1.032438163695814509e-01 1.438918608188847648e+00 -4.476921922837482359e-01 -1.979948679692894675e+00 -1.698416556704775093e+00 3.428286594577761193e+00 2.152727070362838724e+00 -6.475330727146544341e-01 -1.077304553608444238e+00
0.000000000000000000e+00 0.000000000000000000e+00 0.000000000000000000e+00 0.000000000000000000e+00 0.000000000000000000e+00 0.000000000000000000e+00 0.000000000000000000e+00 0.000000000000000000e+00 0.000000000000000000e+00 0.000000000000000000e+00 0.000000000000000000e+00 0.000000000000000000e+00 0.000000000000000000e+00 0.000000000000000000e+00 0.000000000000000000e+00 0.000000000000000000e+00 0.000000000000000000e+00 0.000000000000000000e+00 0.000000000000000000e+00 0.000000000000000000e+00 0.000000000000000000e+00 0.000000000000000000e+00 0.000000000000000000e+00 0.000000000000000000e+00 0.000000000000000000e+00 0.000000000000000000e+00 0.000000000000000000e+00 0.000000000000000000e+00 0.000000000000000000e+00 0.000000000000000000e+00 0.000000000000000000e+00 0.000000000000000000e+00 0.000000000000000000e+00 0.000000000000000000e+00 0.000000000000000000e+00 0.000000000000000000e+00 0.000000000000000000e+00 1.000000000000000000e+00 -9.630316516470380783e-01 2.893173234209509115e+00 1.457400304811387048e+00 -1.118649931644404738e+00 6.369010334407219087e-01 2.466285183171418982e+00 -1.351702756819559426e+00 1.632263636177463173e+00 2.823830957820274157e-01 -3.034326272241745670e+00 5.346240134879448602e-02 -1.088206498843363290e+00 1.558309159128834942e+00 2.976076791224796292e+00 2.341897401694270076e-01 1.119925388353631979e+00 1.634061820756526062e+00 2.426657825831362858e-01 3.798696409586939104e-01 -1.130940425785215586e+00 3.155786595334697520e+00 -2.824230172811238226e+00 -7.243999728738975685e-01 5.645592607335971902e-01 1.434513249446667249e+00 -2.172391050157530312e+00 1.371172014665613670e+00 3.490883770009132747e-01 -1.607987743923477708e-01 2.303910021748630577e+00 2.579177049877526273e-01 -1.266264938720211841e-01 -1.983633149907879867e+00 -8.962579090078396371e-01 9.928560673033655082e-01 -9.962082262335884009e-01 5.280728993764636225e-01 -2.118907232099349613e+00 2.361789443834013458e+00 -9.340549265203249574e-01 1.137919863608330528e+00 1.502880567655036359e-01 1.353164021637759951e-01 -1.040580715267217959e+00 8.884192733040157108e-01 -1.038052682270423688e+00 1.176952455094397942e+00 1.466351977409862339e+00 -8.682648027899669829e-01 7.870206458985281595e-01 -2.343412468775705193e+00 8.792135374543219584e-01 -2.987269061425725236e-01 1.801970340720375985e+00 1.266422357148915268e-01 1.008643405812390093e+00 9.868469896315710255e-01 2.386972158210464823e+00 5.283291964315780520e-01 -1.778100068684053958e-01 1.571462862599238175e+00 1.178750327651173935e+00
0.000000000000000000e+00 0.000000000000000000e+00 0.000000000000000000e+00 0.000000000000000000e+00 0.000000000000000000e+00 0.000000000000000000e+00 0.000000000000000000e+00 0.000000000000000000e+00 0.000000000000000000e+00 0.000000000000000000e+00 0.000000000000000000e+00 0.000000000000000000e+00 0.000000000000000000e+00 0.000000000000000000e+00 0.000000000000000000e+00 0.000000000000000000e+00 0.000000000000000000e+00 0.000000000000000000e+00 0.000000000000000000e+00 0.000000000000000000e+00 0.000000000000000000e+00 0.000000000000000000e+00 0.000000000000000000e+00 0.000000000000000000e+00 0.000000000000000000e+00 0.000000000000000000e+00 0.000000000000000000e+00 0.000000000000000000e+00 0.000000000000000000e+00 0.000000000000000000e+00 0.000000000000000000e+00 0.000000000000000000e+00 0.000000000000000000e+00 0.000000000000000000e+00 0.000000000000000000e+00 0.000000000000000000e+00 0.000000000000000000e+00 0.000000000000000000e+00 1.000000000000000000e+00 -2.025366168318462279e+00 -1.290681021734951361e+00 7.597613589128257017e-01 9.909163101106932200e-03 -1.753218903428453546e+00 4.146274319018814491e-01 -1.466646823991205828e+00 -3.002680407106548266e-01 2.515129146646371883e+00 -9.275589478863140169e-02 9.170216069286710736e-01 -8.733004587319028733e-01 -2.082069324686416589e+00 2.531753006654887117e-01 -9.156941142449751547e-01 -1.482450968726040985e+00 -4.335614823174637200e-01 -6.119834259547202171e-01 7.337770556851671566e-01 -2.378868981854500575e+00 2.102381495880090601e+00 1.541913761462044008e-01 -3.334512106497372064e-01 -1.013562294695755650e+00 1.236197437842238234e+00 -1.063338625881852018e+00 -2.778860473223150260e-02 4.531486737366734463e-01 -1.867809626450287253e+00 -1.522317345869103888e-01 -6.879691381987360077e-02 1.187033806869268959e+00 8.427574061946208062e-01 -1.493667039930552110e-01 4.089299667706844388e-01 -3.679195461453461935e-02 1.778512040909954628e+00 -2.121846779739700040e+00 1.214420013559320000e-01 -6.025815182586313767e-01 -1.069757805847078441e-01 -5.717711052943594829e-01 4.714552869373432320e-01 -2.780751721624037942e-01 2.623241004677563937e-01 -5.231708674669847126e-01 -4.165834572912428535e-01 4.139922668652714077e-01 -4.990282351030265739e-01 1.676547203736991065e+00 -1.247817419392455385e+00 6.161692637163441733e-01 -1.797187290414551164e+00 -4.308252602189855951e-01 -1.035535916451442828e+00 -1.057443114484035052e+00 -1.640526610940493901e+00 -6.008643227326009029e-02 5.763805945341059500e-01 -1.037327947930681837e+00 -8.383056686763942222e-01
0.000000000000000000e+00 0.000000000000000000e+00 0.000000000000000000e+00 0.000000000000000000e+00 0.000000000000000000e+00 0.000000000000000000e+00 0.000000000000000000e+00 0.000000000000000000e+00 0.000000000000000000e+00 0.000000000000000000e+00 0.000000000000000000e+00 0.000000000000000000e+00 0.000000000000000000e+00 0.000000000000000000e+00 0.000000000000000000e+00 0.000000000000000000e+00 0.000000000000000000e+00 0.000000000000000000e+00 0.000000000000000000e+00 0.000000000000000000e+00 0.000000000000000000e+00 0.000000000000000000e+00 0.000000000000000000e+00 0.000000000000000000e+00 0.000000000000000000e+00 0.000000000000000000e+00 0.000000000000000000e+00 0.000000000000000000e+00 0.000000000000000000e+00 0.000000000000000000e+00 0.000000000000000000e+00 0.000000000000000000e+00 0.000000000000000000e+00 0.000000000000000000e+00 0.000000000000000000e+00 0.000000000000000000e+00 0.000000000000000000e+00 0.000000000000000000e+00 0.000000000000000000e+00 1.000000000000000000e+00 1.645758747776962183e+00 -3.813165997848930733e-01 -1.154522982873676495e+00 7.809752366685930314e-01 1.143194988193996647e-01 8.907284783819661156e-01 8.520872594372664866e-01 -5.656455343477174713e-01 -4.451087742311897744e-01 -3.190108529190620046e-01 2.200471403114011293e-01 1.438175456232724914e+00 -1.242419196204423315e+00 3.811612743967457417e-01 1.689965626593552761e+00 -4.392802013485852530e-01 6.578133703013152589e-01 1.923947499193110200e-01 1.282780059621191127e+00 -1.212672172539166704e+00 -4.412652117317505951e-02 -2.624827884132614475e-01 6.371566923664853110e-01 6.899481074159624638e-01 7.745891725165469088e-01 8.509067861790149678e-02 -4.762284658484202127e-01 4.647609478492940593e-01 -1.787422921089863725e-01 -2.865592465123184898e-02 -1.340318471190293348e+00 -7.370563029357574125e-01 -8.626695571115760020e-01 1.399262760547169970e-01 -2.744555896692721930e-01 -6.046286689079742871e-01 1.352782299007601940e+00 2.435836607131616760e-01 -6.953112374910432880e-01 -7.851985885392007702e-01 8.255305268819282949e-01 -1.157548935316026067e-01 -2.716287409034449651e-01 9.923328938667240751e-01 -1.323807501956633104e-01 -2.598417739470271215e-01 -9.367397708271781864e-01 -1.666216794685614067e-01 -1.176812996586413362e+00 9.294113572043217752e-01 -6.966473208557547592e-01 9.348916250446487330e-01 8.580484159234520458e-01 5.447972092284956158e-01 4.050655555880020575e-01 -4.793094786638912863e-02 8.105772013027038314e-01 -4.602261017297181594e-02 -1.911174430947872316e-01 -6.395921223604713601e-01
0.000000000000000000e+00 0.000000000000000000e+00 0.000000000000000000e+00 0.000000000000000000e+00 0.000000000000000000e+00 0.000000000000000000e+00 0.000000000000000000e+00 0.000000000000000000e+00 0.000000000000000000e+00 0.000000000000000000e+00 0.000000000000000000e+00 0.000000000000000000e+00 0.000000000000000000e+00 0.000000000000000000e+00 0.000000000000000000e+00 0.000000000000000000e+00 0.000000000000000000e+00 0.000000000000000000e+00 0.000000000000000000e+00 0.000000000000000000e+00 0.000000000000000000e+00 0.000000000000000000e+00 0.000000000000000000e+00 0.000000000000000000e+00 0.000000000000000000e+00 0.000000000000000000e+00 0.000000000000000000e+00 0.000000000000000000e+00 0.000000000000000000e+00 0.000000000000000000e+00 0.000000000000000000e+00 0.000000000000000000e+00 0.000000000000000000e+00 0.000000000000000000e+00 0.000000000000000000e+00 0.000000000000000000e+00 0.000000000000000000e+00 0.000000000000000000e+00 0.000000000000000000e+00 0.000000000000000000e+00 1.000000000000000000e+00 6.503561793917373990e-01 -7.672818834160527457e-01 -2.442258043080943741e-01 -1.188297959924860675e-01 4.515685556108356979e-01 1.635079574990366380e+00 1.379129861130357737e+00 -1.084788929509493016e+00 4.144156706457534090e-01 -6.634950371481234122e-01 4.949779077855565035e-01 -8.691843095475836056e-02 -6.192306756784111688e-01 -1.528662181232421924e-01 -1.441515700775711561e+00 -1.458500920131397816e-01 3.248511869612796255e-01 1.943783852135542722e-01 -2.784466820089630534e-01 -9.066439353715731730e-01 -5.740787771153013086e-01 -1.186243235428891207e+00 1.066238536733570497e+00 -1.271312777438162733e-01 -5.517255269911613969e-01 -3.470313435601442564e-01 1.624673883112371930e-01 3.691798830128994457e-01 1.103198898008616924e+00 -7.002482402632016489e-01 -1.186647770181000761e+00 -1.124710908573207435e+00 -2.003309384907064228e+00 -3.326160271793598272e-02 -2.329873117637102364e-01 -1.142383161504174405e+00 4.822690031488446882e-01 -1.641425234205123207e+00 -8.761945555865182644e-01 -5.655123731585741664e-01 -7.527093112143712350e-02 6.354158058689703958e-01 9.863908260226506020e-01 -1.141607978487039488e-01 -7.831933145954194098e-01 -5.930674025059787802e-01 -8.149873273778022176e-01 -5.623763652889825042e-03 2.628116898570225790e-01 8.739921971038268067e-01 -1.076580447580812283e+00 5.577394773124084715e-01 -3.956092260274066130e-02 5.442714079852544601e-02 -1.065778718795169500e+00 1.854379299940086323e+00 1.811937782434312749e-01 -1.457583121690971817e+00 -2.086181810895338273e+00
0.000000000000000000e+00 0.000000000000000000e+00 0.000000000000000000e+00 0.000000000000000000e+00 0.000000000000000000e+00 0.000000000000000000e+00 0.000000000000000000e+00 0.000000000000000000e+00 0.000000000000000000e+00 0.000000000000000000e+00 0.000000000000000000e+00 0.000000000000000000e+00 0.000000000000000000e+00 0.000000000000000000e+00 0.000000000000000000e+00 0.000000000000000000e+00 0.000000000000000000e+00 0.000000000000000000e+00 0.000000000000000000e+00 0.000000000000000000e+00 0.000000000000000000e+00 0.000000000000000000e+00 0.000000000000000000e+00 0.000000000000000000e+00 0.000000000000000000e+00 0.000000000000000000e+00 0.000000000000000000e+00 0.000000000000000000e+00 0.000000000000000000e+00 0.000000000000000000e+00 0.000000000000000000e+00 0.000000000000000000e+00 0.000000000000000000e+00 0.000000000000000000e+00 0.000000000000000000e+00 0.000000000000000000e+00 0.000000000000000000e+00 0.000000000000000000e+00 0.000000000000000000e+00 0.000000000000000000e+00 0.000000000000000000e+00 1.000000000000000000e+00 -2.724607501705834101e-01 -1.218029891255982378e+00 -1.233477387692632821e+00 -2.174310521578456612e+00 -6.566474943533027187e-01 1.716403580387326766e-01 -5.528151917823537209e-01 -4.420416583839655855e-01 -7.530420657670242601e-01 2.639601639203238426e-01 -5.037078864780900611e-01 8.555414253495423615e-01 1.821563864033135305e+00 -9.264053202165112300e-01 -3.095563806560988063e-01 1.327794394089420349e+00 -2.133102026107374927e-01 -1.624914469036464748e-01 2.564456621663704916e-01 8.542147073051864492e-01 1.247000786699539843e+00 -5.141710790297328026e-01 -3.263245315305332572e-01 -1.034088730020032570e-01 4.822785657715922270e-01 -1.217358634499660530e+00 -1.230126510050084221e+00 -3.919295953108510588e-02 -7.343109310288602476e-01 1.035449773170082355e-01 -1.368755052381428028e+00 6.670777896922888139e-01 -1.261000702748794167e+00 6.008934845887796694e-01 4.777872439603098598e-01 -1.829146577085346115e+00 8.567249467299049570e-01 -1.123772167039088554e+00 -1.080650461816699826e-01 5.315875393255605763e-01 -1.041616146388323561e+00 -1.361160382862836471e+00 5.431762002889335417e-01 1.494808900602870194e+00 -1.793153360297526255e+00 -6.393848396137035150e-01 -5.881855482737443630e-01 2.756015893291901553e-01 -1.886688853659242771e+00 -9.433719157292430602e-01 1.424278112315766398e+00 -1.154767572423682331e+00 1.599127164564954073e-01 -1.805431710097506803e+00 6.119706693314597157e-01 -2.330666823587194958e-01 4.247057527910104713e-01 1.235951474390518001e+00
0.000000000000000000e+00 0.000000000000000000e+00 0.000000000000000000e+00 0.000000000000000000e+00 0.000000000000000000e+00 0.000000000000000000e+00 0.000000000000000000e+00 0.000000000000000000e+00 0.000000000000000000e+00 0.000000000000000000e+00 0.000000000000000000e+00 0.000000000000000000e+00 0.000000000000000000e+00 0.000000000000000000e+00 0.000000000000000000e+00 0.000000000000000000e+00 0.000000000000000000e+00 0.000000000000000000e+00 0.000000000000000000e+00 0.000000000000000000e+00 0.000000000000000000e+00 0.000000000000000000e+00 0.000000000000000000e+00 0.000000000000000000e+00 0.000000000000000000e+00 0.000000000000000000e+00 0.000000000000000000e+00 0.000000000000000000e+00 0.000000000000000000e+00 0.000000000000000000e+00 0.000000000000000000e+00 0.000000000000000000e+00 0.000000000000000000e+00 0.000000000000000000e+00 0.000000000000000000e+00 0.000000000000000000e+00 0.000000000000000000e+00 0.000000000000000000e+00 0.000000000000000000e+00 0.000000000000000000e+00 0.000000000000000000e+00 0.000000000000000000e+00 1.000000000000000000e+00 -6.695691144972336417e+01 -6.880153240666838599e+01 -2.332935183705621114e+02 -1.914139214287789059e+02 -8.119093114638026520e+01 -1.753621378816384535e+01 -1.107793650759792996e+02 -8.635900822042051672e+00 5.664642199995707728e+01 -1.018605021684733742e+02 1.673257637491149694e+02 2.497045310579652266e+02 -5.364646651746255657e+00 1.352465080600440039e+01 1.390813136877511909e+02 1.379346787622096748e+01 -1.822188410118847557e+01 1.051053977447076591e+02 9.193976929342332483e+01 2.556414633006517647e+02 -1.310533074048249489e+02 3.052863898971714285e+00 3.581382628673244284e+01 7.800494719355253892e+01 -1.793931238849115175e+02 -1.710178726288336861e+02 -1.573140389381411808e+02 -5.257031915842048164e+01 1.167287095948565110e+02 -5.711959997479789308e+01 2.356429389413079321e+02 -1.732814584392504287e+02 5.962075169329332880e+01 1.788409003444945711e+02 -2.460578637677022300e+02 1.780999101704030636e+02 -3.560515742160814057e+01 1.253302092116160651e+02 3.741419454755543939e+01 -2.074120833343476136e+02 -1.282729448657057105e+02 9.673110519855478628e+01 2.253554461089924814e+02 -1.605088616321341988e+02 -3.081826340206858816e+01 -9.999148354284420748e+01 -1.015735542265226066e+01 -3.197857195729056912e+02 6.877545945077598866e+00 8.275567257064997762e+01 -9.285725376283251364e+01 5.024330947784206103e+01 -8.244548909519369317e+01 -5.573329536501837111e+01 -1.949097315670552444e+00 1.285938672543048256e+02 2.656948619742548772e+02
0.000000000000000000e+00 0.000000000000000000e+00 0.000000000000000000e+00 0.000000000000000000e+00 0.000000000000000000e+00 0.000000000000000000e+00 0.000000000000000000e+00 0.000000000000000000e+00 0.000000000000000000e+00 0.000000000000000000e+00 0.000000000000000000e+00 0.000000000000000000e+00 0.000000000000000000e+00 0.000000000000000000e+00 0.000000000000000000e+00 0.000000000000000000e+00 0.000000000000000000e+00 0.000000000000000000e+00 0.000000000000000000e+00 0.000000000000000000e+00 0.000000000000000000e+00 0.000000000000000000e+00 0.000000000000000000e+00 0.000000000000000000e+00 0.000000000000000000e+00 0.000000000000000000e+00 0.000000000000000000e+00 0.000000000000000000e+00 0.000000000000000000e+00 0.000000000000000000e+00 0.000000000000000000e+00 0.000000000000000000e+00 0.000000000000000000e+00 0.000000000000000000e+00 0.000000000000000000e+00 0.000000000000000000e+00 0.000000000000000000e+00 0.000000000000000000e+00 0.000000000000000000e+00 0.000000000000000000e+00 0.000000000000000000e+00 0.000000000000000000e+00 0.000000000000000000e+00 1.000000000000000000e+00 1.137502886593982909e+00 3.555061213538675435e+00 2.824466220630581503e+00 9.337271791083415762e-01 -5.099749722412529745e-02 1.500113347893663684e+00 3.102722592220583109e-01 -6.544960475701950831e-01 1.532989573846902154e+00 -2.493090106481396173e+00 -3.705910523859586192e+00 -1.639598697628292523e-01 -6.482826740779419616e-02 -2.303186986175913109e+00 8.646293741103341923e-02 7.339814737373002995e-02 -1.704432374739259570e+00 -1.580183491363657211e+00 -3.893619165167125917e+00 1.881361754804413255e+00 1.002302505274147298e-01 -5.185179186476156499e-01 -1.099037906566668887e+00 2.649169126495554139e+00 2.535727884387701803e+00 2.111299789200776544e+00 7.521158013052070546e-01 -1.729777903040823572e+00 9.572374261953973118e-01 -3.414825616237008532e+00 2.680063597655572671e+00 -9.483305140405335898e-01 -2.702486539096195628e+00 3.513568133570726282e+00 -2.921261430297334982e+00 6.864122818635037815e-01 -1.756585104150920840e+00 -7.333273737562604477e-01 3.032508405975855581e+00 1.904499168283559918e+00 -1.421966926893138305e+00 -2.953471620353772753e+00 2.620780852924159632e+00 4.248164236173031516e-01 1.471724574260881990e+00 2.025519046576901017e-01 4.559040161101219013e+00 -1.645146195823784796e-01 -1.532968352419056046e+00 1.567143695045471796e+00 -6.634345342516172472e-01 1.688986937391178556e+00 7.039502797247246813e-01 1.153246098779693446e-01 -1.716516648235287379e+00 -3.880861420603386680e+00
0.000000000000000000e+00 0.000000000000000000e+00 0.000000000000000000e+00 0.000000000000000000e+00 0.000000000000000000e+00 0.000000000000000000e+00 0.000000000000000000e+00 0.000000000000000000e+00 0.000000000000000000e+00 0.000000000000000000e+00 0.000000000000000000e+00 0.000000000000000000e+00 0.000000000000000000e+00 0.000000000000000000e+00 0.000000000000000000e+00 0.000000000000000000e+00 0.000000000000000000e+00 0.000000000000000000e+00 0.000000000000000000e+00 0.000000000000000000e+00 0.000000000000000000e+00 0.000000000000000000e+00 0.000000000000000000e+00 0.000000000000000000e+00 0.000000000000000000e+00 0.000000000000000000e+00 0.000000000000000000e+00 0.000000000000000000e+00 0.000000000000000000e+00 0.000000000000000000e+00 0.000000000000000000e+00 0.000000000000000000e+00 0.000000000000000000e+00 0.000000000000000000e+00 0.000000000000000000e+00 0.000000000000000000e+00 0.000000000000000000e+00 0.000000000000000000e+00 0.000000000000000000e+00 0.000000000000000000e+00 0.000000000000000000e+00 0.000000000000000000e+00 0.000000000000000000e+00 0.000000000000000000e+00 1.000000000000000000e+00 2.935700320016548570e+00 3.872585078199897168e+00 5.681778445618696161e+00 6.692566301040407950e+00 4.472440516136114042e+00 -2.892982529064724861e+00 -4.815500635393012097e+00 -7.723840092235328969e-01 -3.403131155134208718e+00 -5.569046603777665361e+00 4.644546349974684851e+00 -2.220283564785877850e+00 4.031449429298739062e-01 -5.613264848776066351e+00 4.326742990445607617e+00 1.887779606111332775e+00 2.947247161957494477e+00 -3.433493614146007289e+00 3.957769803721675750e+00 -2.129049869354706637e+00 -2.766251962885086790e+00 -2.663621607998012841e+00 4.413840166144412436e+00 4.232446912158456698e+00 5.728362008034493691e+00 2.865611634599352975e+00 -2.365578837950879532e+00 1.555985033624762426e-01 -4.018952446734878947e+00 1.557914678382354756e+00 8.096095418147269962e-01 -2.824113884267899444e+00 7.135419683269836000e+00 9.224515726567206197e-01 -2.705000888302200313e+00 -3.815287626891277650e+00 3.461927989932807037e+00 5.668650015922972685e+00 4.441892052380230993e+00 -2.143216932666640151e+00 -1.039122287168191683e+01 -1.374537113040820824e+00 2.185708812379207000e+00 2.896484917088152589e+00 -7.128930419262869966e-01 8.030575707911280503e+00 2.823907557523639422e+00 4.116986375793467268e+00 -8.408000410343516307e-02 -1.688783592861388572e+00 -5.751819350244541162e+00 2.699842800495293016e+00 -3.332146458323590466e+00 -4.138381091807243450e+00 -6.382269762592312823e+00
0.000000000000000000e+00 0.000000000000000000e+00 0.000000000000000000e+00 0.000000000000000000e+00 0.000000000000000000e+00 0.000000000000000000e+00 0.000000000000000000e+00 0.000000000000000000e+00 0.000000000000000000e+00 0.000000000000000000e+00 0.000000000000000000e+00 0.000000000000000000e+00 0.000000000000000000e+00 0.000000000000000000e+00 0.000000000000000000e+00 0.000000000000000000e+00 0.000000000000000000e+00 0.000000000000000000e+00 0.000000000000000000e+00 0.000000000000000000e+00 0.000000000000000000e+00 0.000000000000000000e+00 0.000000000000000000e+00 0.000000000000000000e+00 0.000000000000000000e+00 0.000000000000000000e+00 0.000000000000000000e+00 0.000000000000000000e+00 0.000000000000000000e+00 0.000000000000000000e+00 0.000000000000000000e+00 0.000000000000000000e+00 0.000000000000000000e+00 0.000000000000000000e+00 0.000000000000000000e+00 0.000000000000000000e+00 0.000000000000000000e+00 0.000000000000000000e+00 0.000000000000000000e+00 0.000000000000000000e+00 0.000000000000000000e+00 0.000000000000000000e+00 0.000000000000000000e+00 0.000000000000000000e+00 0.000000000000000000e+00 1.000000000000000000e+00 1.931786474759793260e+00 4.039771840674489134e+00 4.804879553498989431e+00 2.895568945434745967e+00 -2.198360839385960830e+00 -3.199785020260948798e+00 -5.013393517918796061e-01 -1.643746635767527442e+00 -2.763747603787480411e+00 3.510921394285247299e+00 -1.693551945668118730e+00 1.254755347705302615e+00 -4.117409693757052125e+00 3.035712873918335664e+00 1.666914062210276049e+00 2.462817478568223528e+00 -1.266432010477231751e+00 2.225711304121886780e+00 -1.708220182044676516e+00 -1.392951424141635197e+00 -1.538427350227935309e+00 2.214062579067210379e+00 2.113561596393418895e+00 3.809643534733623049e+00 1.555037695018218535e+00 -1.223348494956077337e+00 -4.128846663696142394e-01 -2.266300300960530922e+00 2.738573131138482553e-01 7.892518599964524206e-01 -1.198280331751078176e+00 4.130059374141794137e+00 1.705584000719522875e+00 -2.095968629270952288e+00 -2.353284282661272542e+00 2.528346422915611846e+00 3.068597628622000251e+00 2.142045059380349947e+00 -1.072215883070863685e+00 -6.807100321501584617e+00 -1.793673346570486604e+00 1.267231382295982867e+00 1.484660668558012375e+00 -6.055884690208109822e-01 4.765941346065993400e+00 1.709128012447716172e+00 3.429294790047640262e+00 -8.753690813510196511e-01 -1.221055712099782475e+00 -4.976069548868134795e+00 1.899603808782656778e+00 -2.057724494611535615e+00 -2.908957494739312644e+00 -3.456500777955295867e+00
0.000000000000000000e+00 0.000000000000000000e+00 0.000000000000000000e+00 0.000000000000000000e+00 0.000000000000000000e+00 0.000000000000000000e+00 0.000000000000000000e+00 0.000000000000000000e+00 0.000000000000000000e+00 0.000000000000000000e+00 0.000000000000000000e+00 0.000000000000000000e+00 0.000000000000000000e+00 0.000000000000000000e+00 0.000000000000000000e+00 0.000000000000000000e+00 0.000000000000000000e+00 0.000000000000000000e+00 0.000000000000000000e+00 0.000000000000000000e+00 0.000000000000000000e+00 0.000000000000000000e+00 0.000000000000000000e+00 0.000000000000000000e+00 0.000000000000000000e+00 0.000000000000000000e+00 0.000000000000000000e+00 0.000000000000000000e+00 0.000000000000000000e+00 0.000000000000000000e+00 0.000000000000000000e+00 0.000000000000000000e+00 0.000000000000000000e+00 0.000000000000000000e+00 0.000000000000000000e+00 0.000000000000000000e+00 0.000000000000000000e+00 0.000000000000000000e+00 0.000000000000000000e+00 0.000000000000000000e+00 0.000000000000000000e+00 0.000000000000000000e+00 0.000000000000000000e+00 0.000000000000000000e+00 0.000000000000000000e+00 0.000000000000000000e+00 1.000000000000000000e+00 1.194796925366303775e+00 9.802131304729421180e-01 -8.559873332912960875e-02 -7.161575887741919999e-01 -6.816385092712986538e-01 6.588966875052894023e-01 -4.067303974999607052e-01 -9.169095093212570324e-01 -8.746110709483703727e-02 -4.615259648917512392e-01 8.417129431443503007e-01 -6.230599055320668045e-01 6.799408874560831650e-01 1.935286083497491649e-01 3.209000601832580624e-01 -1.059426235076966344e-01 -5.982895802914897643e-02 -6.750599995200777803e-01 -6.226092717114256603e-01 -4.301371233631360314e-01 4.980598197463820265e-01 3.417211029264226596e-01 1.753558516333023620e+00 3.166378130318875384e-01 -1.379584685970682290e-01 -1.629155907468532449e-01 -1.199264669038493158e+00 3.158517419433348183e-01 -5.870217129389025956e-01 -3.634147885411988521e-01 1.351361145881594616e+00 7.067852442215569742e-01 -2.450040096721755878e-01 -7.165527140786416282e-01 1.799757661411558740e-01 6.046525244215332773e-01 3.370322361725207050e-01 -3.237961692498874111e-01 -2.162078653648634941e+00 -7.269069026218794027e-01 -3.338269279754781382e-01 2.369244773820892991e-01 -3.882095377279710657e-01 2.118522179295848407e+00 7.199470292401148885e-01 4.985825781337069884e-01 -1.915171425728451060e-01 -1.085564555644085924e-02 -1.380728551155898431e+00 6.576863656044289463e-01 1.634565274655479794e-01 -8.191011909932297552e-01 -9.565598797751164728e-01
0.000000000000000000e+00 0.000000000000000000e+00 0.000000000000000000e+00 0.000000000000000000e+00 0.000000000000000000e+00 0.000000000000000000e+00 0.000000000000000000e+00 0.000000000000000000e+00 0.000000000000000000e+00 0.000000000000000000e+00 0.000000000000000000e+00 0.000000000000000000e+00 0.000000000000000000e+00 0.000000000000000000e+00 0.000000000000000000e+00 0.000000000000000000e+00 0.000000000000000000e+00 0.000000000000000000e+00 0.000000000000000000e+00 0.000000000000000000e+00 0.000000000000000000e+00 0.000000000000000000e+00 0.000000000000000000e+00 0.000000000000000000e+00 0.000000000000000000e+00 0.000000000000000000e+00 0.000000000000000000e+00 0.000000000000000000e+00 0.000000000000000000e+00 0.000000000000000000e+00 0.000000000000000000e+00 0.000000000000000000e+00 0.000000000000000000e+00 0.000000000000000000e+00 0.000000000000000000e+00 0.000000000000000000e+00 0.000000000000000000e+00 0.000000000000000000e+00 0.000000000000000000e+00 0.000000000000000000e+00 0.000000000000000000e+00 0.000000000000000000e+00 0.000000000000000000e+00 0.000000000000000000e+00 0.000000000000000000e+00 0.000000000000000000e+00 0.000000000000000000e+00 1.000000000000000000e+00 1.503048412166394288e+00 1.045101460392586112e+00 -4.719697292394105514e-01 -8.552893529367274761e-01 -7.408352504747039990e-01 -2.254432481134139299e-01 -3.715005315299179101e-01 1.557088960090662999e+00 -3.505262045944224636e-01 2.301714935776482951e-01 -1.354280839903822642e+00 9.939010116741502365e-01 8.376845749316003120e-01 9.679325942125546201e-01 -4.538097593765523519e-02 7.622507835385752273e-01 -3.719971041773298959e-01 -1.587653583027865689e-01 -2.866142218264790542e-01 3.593349851583620413e-01 4.918284406422865351e-01 4.848369797424484373e-01 4.760172503096615770e-01 -2.245719587377192072e-01 -4.751057814546554015e-02 2.076697431453543852e-01 -2.239521282190017060e-01 7.191766305376559032e-01 -7.791438462723382363e-02 7.627759008919070549e-01 6.405328329048193270e-01 -7.490044039006006349e-01 -3.923216548310588525e-01 9.529023611111807623e-01 6.574805187277539265e-01 5.126523226326856753e-01 -1.557940225229654252e-01 -1.326995512512140873e+00 -6.231504261612884621e-01 7.193471901442638483e-01 3.430720751704373073e-01 -1.278613426504071060e-01 4.502309361375228525e-01 4.691717990461409804e-01 1.211862263494571046e+00 -3.835419376925621182e-01 -4.555820523150009294e-01 -1.434679834303813850e+00 3.590689333950140005e-01 -8.109679635298329137e-01 -5.557303611957262746e-01 -5.787698738690056910e-01
0.000000000000000000e+00 0.000000000000000000e+00 0.000000000000000000e+00 0.000000000000000000e+00 0.000000000000000000e+00 0.000000000000000000e+00 0.000000000000000000e+00 0.000000000000000000e+00 0.000000000000000000e+00 0.000000000000000000e+00 0.000000000000000000e+00 0.000000000000000000e+00 0.000000000000000000e+00 0.000000000000000000e+00 0.000000000000000000e+00 0.000000000000000000e+00 0.000000000000000000e+00 0.000000000000000000e+00 0.000000000000000000e+00 0.000000000000000000e+00 0.000000000000000000e+00 0.000000000000000000e+00 0.000000000000000000e+00 0.000000000000000000e+00 0.000000000000000000e+00 0.000000000000000000e+00 0.000000000000000000e+00 0.000000000000000000e+00 0.000000000000000000e+00 0.000000000000000000e+00 0.000000000000000000e+00 0.000000000000000000e+00 0.000000000000000000e+00 0.000000000000000000e+00 0.000000000000000000e+00 0.000000000000000000e+00 0.000000000000000000e+00 0.000000000000000000e+00 0.000000000000000000e+00 0.000000000000000000e+00 0.000000000000000000e+00 0.000000000000000000e+00 0.000000000000000000e+00 0.000000000000000000e+00 0.000000000000000000e+00 0.000000000000000000e+00 0.000000000000000000e+00 0.000000000000000000e+00 1.000000000000000000e+00 6.962094767967259568e-01 8.146124723207868179e-01 3.161123155705566345e-01 -3.519734395066565491e-01 -7.337561184731781205e-01 3.028360687354421099e-01 9.317548929556154214e-01 4.731739575345921822e-01 1.718045494591947109e-01 -1.022918837779165369e+00 -4.918554296126850800e-01 5.216645058634009624e-01 -1.235506536652595105e-01 -8.090228235870973172e-01 1.532684725476768650e-01 -5.190711466128719587e-02 1.152364409102175219e-01 1.274064517666426491e-02 -1.967991154007058263e-01 -5.722779863986721116e-01 -2.506589318733274951e-01 -7.224557908947671914e-01 -1.042987728259050506e+00 -1.139412368666802955e+00 6.476390320661375988e-01 -2.315527430477699045e-01 1.348518085037203162e+00 -1.713861425608972644e-01 6.018750565154348808e-02 -5.207248165257368777e-01 -7.984701772639766215e-01 -2.818842850036849534e-01 -1.157035403453633982e-01 5.581728981460934991e-01 -5.498348412105802385e-01 5.110721847978219046e-01 -1.337413207886588296e-01 -5.945794564354883738e-01 -7.202532294376015054e-01 -3.298513478990266479e-01 4.433499055391484922e-02 -3.803239884335863352e-01 -4.390121208229970096e-01 5.128883613453100176e-01 -1.466346956825472780e-01 -5.074961384669606224e-01 -1.232808046068299523e+00 9.114558956565738113e-02 8.425725425308301653e-02 -5.919812055449281685e-01 -3.881985772578493421e-01
0.000000000000000000e+00 0.000000000000000000e+00 0.000000000000000000e+00 0.000000000000000000e+00 0.000000000000000000e+00 0.000000000000000000e+00 0.000000000000000000e+00 0.000000000000000000e+00 0.000000000000000000e+00 0.000000000000000000e+00 0.000000000000000000e+00 0.000000000000000000e+00 0.000000000000000000e+00 0.000000000000000000e+00 0.000000000000000000e+00 0.000000000000000000e+00 0.000000000000000000e+00 0.000000000000000000e+00 0.000000000000000000e+00 0.000000000000000000e+00 0.000000000000000000e+00 0.000000000000000000e+00 0.000000000000000000e+00 0.000000000000000000e+00 0.000000000000000000e+00 0.000000000000000000e+00 0.000000000000000000e+00 0.000000000000000000e+00 0.000000000000000000e+00 0.000000000000000000e+00 0.000000000000000000e+00 0.000000000000000000e+00 0.000000000000000000e+00 0.000000000000000000e+00 0.000000000000000000e+00 0.000000000000000000e+00 0.000000000000000000e+00 0.000000000000000000e+00 0.000000000000000000e+00 0.000000000000000000e+00 0.000000000000000000e+00 0.000000000000000000e+00 0.000000000000000000e+00 0.000000000000000000e+00 0.000000000000000000e+00 0.000000000000000000e+00 0.000000000000000000e+00 0.000000000000000000e+00 0.000000000000000000e+00 1.000000000000000000e+00 8.346045796146051021e-01 1.070939564825295731e+00 -1.266970036269008171e+00 -4.742460273754574018e-01 1.021395834671144087e-01 7.476721543100009471e-02 2.483220934006199476e-01 3.882189277304161079e-01 -9.862073685039153270e-01 -9.496321440308207462e-01 -3.284597613053870657e-01 -3.757537168694091712e-01 -1.303948645550341290e+00 -1.171047142930075197e-01 2.663455418919499773e-02 -1.379658182151431434e-01 -1.592744031762798398e-02 -1.201059903937271356e+00 -1.018019806084298873e+00 -6.906001966419705873e-01 -8.562581267566370391e-01 -1.065789959907591511e+00 -1.453285889076876058e+00 -4.507745835885543229e-01 -1.161744061847274079e+00 8.815115227588545821e-01 -8.343279982341189616e-01 -7.387280434494181147e-01 -7.469463857239779792e-01 -1.121960759712711919e+00 -2.341075893382119077e-01 9.512268873603338393e-02 1.016658937311459565e-01 -4.292795679204893800e-01 8.568796173627357682e-01 2.953127503230263406e-01 -9.657627779546112956e-01 -1.248589437558270454e+00 -4.419043332116970868e-01 -6.219856340583910237e-01 -1.028054436899703994e+00 -2.054341246639936891e+00 6.958334886409327513e-01 -4.388212306084969816e-01 -1.684793542236393826e-01 -1.315136907031922542e+00 3.392047569499229143e-01 8.300334519242862086e-02 -1.035807733365021521e+00 -8.136469306426383774e-01
0.000000000000000000e+00 0.000000000000000000e+00 0.000000000000000000e+00 0.000000000000000000e+00 0.000000000000000000e+00 0.000000000000000000e+00 0.000000000000000000e+00 0.000000000000000000e+00 0.000000000000000000e+00 0.000000000000000000e+00 0.000000000000000000e+00 0.000000000000000000e+00 0.000000000000000000e+00 0.000000000000000000e+00 0.000000000000000000e+00 0.000000000000000000e+00 0.000000000000000000e+00 0.000000000000000000e+00 0.000000000000000000e+00 0.000000000000000000e+00 0.000000000000000000e+00 0.000000000000000000e+00 0.000000000000000000e+00 0.000000000000000000e+00 0.000000000000000000e+00 0.000000000000000000e+00 0.000000000000000000e+00 0.000000000000000000e+00 0.000000000000000000e+00 0.000000000000000000e+00 0.000000000000000000e+00 0.000000000000000000e+00 0.000000000000000000e+00 0.000000000000000000e+00 0.000000000000000000e+00 0.000000000000000000e+00 0.000000000000000000e+00 0.000000000000000000e+00 0.000000000000000000e+00 0.000000000000000000e+00 0.000000000000000000e+00 0.000000000000000000e+00 0.000000000000000000e+00 0.000000000000000000e+00 0.000000000000000000e+00 0.000000000000000000e+00 0.000000000000000000e+00 0.000000000000000000e+00 0.000000000000000000e+00 0.000000000000000000e+00 1.000000000000000000e+00 3.305106627854341728e+00 -7.195869303805413342e-01 6.077686685755570029e-01 3.408052264271218545e-01 -1.599288886805074972e+00 -2.631774667615446317e-01 2.536758671461099901e+00 -1.173926378791634084e+00 -1.678116020158709087e+00 -6.556303800663527692e-01 -4.481785362930523764e-01 -1.348372843055971382e+00 -2.627708995732974007e+00 -2.106284203719023473e+00 -1.024722797917327455e+00 -2.602584275626724786e-01 -3.034609015347427441e+00 -3.321640181966848182e+00 2.526160551463809134e-01 -1.471850169148498866e+00 -1.381582528788957376e+00 -4.045618452408759502e+00 -2.133909845969344410e+00 -2.003595464809404536e+00 -4.076181939946611488e-01 -5.318464116511463224e-01 -8.145844741883618845e-01 8.118335798353115695e-01 -1.910626626157440278e+00 -1.092352288749220968e+00 2.682751660692186957e-01 -1.363216368506686482e+00 -2.346839399866065268e+00 1.824494206492242476e+00 6.387035623236922421e-02 -3.522561260323336718e+00 -2.963185953483666424e+00 -2.138886135299264524e+00 -1.686949172121870122e+00 -6.799504902592373723e-01 -3.264471324259441420e+00 8.503470354800003461e-01 -1.421242262459206929e+00 1.296268660198569567e+00 -3.892927160372718465e+00 1.663997645019960947e+00 1.514287343237019412e+00 -2.171018263459553399e+00 -1.029945094117416193e+00
0.000000000000000000e+00 0.000000000000000000e+00 0.000000000000000000e+00 0.000000000000000000e+00 0.000000000000000000e+00 0.000000000000000000e+00 0.000000000000000000e+00 0.000000000000000000e+00 0.000000000000000000e+00 0.000000000000000000e+00 0.000000000000000000e+00 0.000000000000000000e+00 0.000000000000000000e+00 0.000000000000000000e+00 0.000000000000000000e+00 0.000000000000000000e+00 0.000000000000000000e+00 0.000000000000000000e+00 0.000000000000000000e+00 0.000000000000000000e+00 0.000000000000000000e+00 0.000000000000000000e+00 0.000000000000000000e+00 0.000000000000000000e+00 0.000000000000000000e+00 0.000000000000000000e+00 0.000000000000000000e+00 0.000000000000000000e+00 0.000000000000000000e+00 0.000000000000000000e+00 0.000000000000000000e+00 0.000000000000000000e+00 0.000000000000000000e+00 0.000000000000000000e+00 0.000000000000000000e+00 0.000000000000000000e+00 0.000000000000000000e+00 0.000000000000000000e+00 0.000000000000000000e+00 0.000000000000000000e+00 0.000000000000000000e+00 0.000000000000000000e+00 0.000000000000000000e+00 0.000000000000000000e+00 0.000000000000000000e+00 0.000000000000000000e+00 0.000000000000000000e+00 0.000000000000000000e+00 0.000000000000000000e+00 0.000000000000000000e+00 0.000000000000000000e+00 1.000000000000000000e+00 -2.133924795239842409e-01 4.274493541830015619e-01 3.576985914104990338e-01 -4.133240660898401253e-01 -1.258119215502120358e-01 1.159946408487657399e+00 3.468086920482502805e-02 -1.238715865223080081e+00 -2.309518734214073832e-01 -1.028645136295296553e-01 -4.228877146972476186e-01 -6.543439535331223578e-01 -3.113855873026939447e-01 5.686602725559573857e-02 -9.375012450453953927e-02 -1.108858606897964227e+00 -1.763337730961316074e+00 4.488903451582998416e-01 -6.414329484819579763e-01 -4.485458361619980017e-01 -1.484699456640749871e+00 -8.125752894944141547e-01 -1.118482877374090911e+00 -4.539465970294028763e-01 1.381030468225852292e-01 -4.223509754586877163e-01 1.082562262455143975e-01 -1.069414718250278451e+00 -2.297943137223264556e-02 3.966264348883620228e-01 -6.396546681276585877e-01 -1.285447352122164322e+00 2.926570133150677155e-01 -1.697275502078954001e-01 -1.197774941500399093e+00 -9.654128689895730142e-01 -6.544279486679426272e-01 -1.657078186041185119e-01 -1.719981357214452056e-01 -7.711188814364282607e-01 6.854062965671041674e-01 -4.209111369765615174e-01 8.231218714060665187e-01 -1.698094135186406062e+00 9.570843080341939757e-02 2.252006037470684896e-01 -6.053666790859597580e-01 -1.204253252538449059e+00
0.000000000000000000e+00 0.000000000000000000e+00 0.000000000000000000e+00 0.000000000000000000e+00 0.000000000000000000e+00 0.000000000000000000e+00 0.000000000000000000e+00 0.000000000000000000e+00 0.000000000000000000e+00 0.000000000000000000e+00 0.000000000000000000e+00 0.000000000000000000e+00 0.000000000000000000e+00 0.000000000000000000e+00 0.000000000000000000e+00 0.000000000000000000e+00 0.000000000000000000e+00 0.000000000000000000e+00 0.000000000000000000e+00 0.000000000000000000e+00 0.000000000000000000e+00 0.000000000000000000e+00 0.000000000000000000e+00 0.000000000000000000e+00 0.000000000000000000e+00 0.000000000000000000e+00 0.000000000000000000e+00 0.000000000000000000e+00 0.000000000000000000e+00 0.000000000000000000e+00 0.000000000000000000e+00 0.000000000000000000e+00 0.000000000000000000e+00 0.000000000000000000e+00 0.000000000000000000e+00 0.000000000000000000e+00 0.000000000000000000e+00 0.000000000000000000e+00 0.000000000000000000e+00 0.000000000000000000e+00 0.000000000000000000e+00 0.000000000000000000e+00 0.000000000000000000e+00 0.000000000000000000e+00 0.000000000000000000e+00 0.000000000000000000e+00 0.000000000000000000e+00 0.000000000000000000e+00 0.000000000000000000e+00 0.000000000000000000e+00 0.000000000000000000e+00 0.000000000000000000e+00 1.000000000000000000e+00 -8.419617135729019763e-02 7.547700124290653012e-02 -2.647211197678168704e-01 -1.162173446852094311e-01 5.147104684002412438e-03 1.628672095938784106e-02 5.392259372811891716e-02 -2.521074526204578614e-01 -4.926946040045040442e-01 -1.282253653405101834e-01 9.139847416907705135e-02 1.540040357438223970e-02 3.933026435496008721e-01 5.523552522113382990e-01 1.043357778718670970e-01 3.543351448786438151e-01 -4.972415683868080527e-01 -2.213679797934587912e-01 -2.462269304247496557e-02 -2.577005933475500776e-01 -5.071776018451029655e-01 4.407141971200689290e-01 4.498028732988729184e-01 -9.426954978413697173e-02 -3.656388284023870394e-01 -4.146101100176689536e-01 2.809576739065173245e-01 2.330838453865035631e-01 -5.345926352930870928e-01 1.689657049659200050e-01 3.033842546834609188e-01 2.256845676780334098e-01 2.960023534386730937e-01 6.140401648958491165e-01 -3.068265721676510793e-01 1.624273179211773166e-01 -1.671901376500421477e-01 1.138906001049936612e-01 -2.018568923938482695e-01 -3.232507739818208381e-01 4.591310736008414328e-01 -2.863288964858298202e-01 4.050314067169490939e-01 2.036169473257504470e-01 2.302455755311192120e-01 -1.339258223606062947e-01 5.749872937014594010e-01
0.000000000000000000e+00 0.000000000000000000e+00 0.000000000000000000e+00 0.000000000000000000e+00 0.000000000000000000e+00 0.000000000000000000e+00 0.000000000000000000e+00 0.000000000000000000e+00 0.000000000000000000e+00 0.000000000000000000e+00 0.000000000000000000e+00 0.000000000000000000e+00 0.000000000000000000e+00 0.000000000000000000e+00 0.000000000000000000e+00 0.000000000000000000e+00 0.000000000000000000e+00 0.000000000000000000e+00 0.000000000000000000e+00 0.000000000000000000e+00 0.000000000000000000e+00 0.000000000000000000e+00 0.000000000000000000e+00 0.000000000000000000e+00 0.000000000000000000e+00 0.000000000000000000e+00 0.000000000000000000e+00 0.000000000000000000e+00 0.000000000000000000e+00 0.000000000000000000e+00 0.000000000000000000e+00 0.000000000000000000e+00 0.000000000000000000e+00 0.000000000000000000e+00 0.000000000000000000e+00 0.000000000000000000e+00 0.000000000000000000e+00 0.000000000000000000e+00 0.000000000000000000e+00 0.000000000000000000e+00 0.000000000000000000e+00 0.000000000000000000e+00 0.000000000000000000e+00 0.000000000000000000e+00 0.000000000000000000e+00 0.000000000000000000e+00 0.000000000000000000e+00 0.000000000000000000e+00 0.000000000000000000e+00 0.000000000000000000e+00 0.000000000000000000e+00 0.000000000000000000e+00 0.000000000000000000e+00 1.000000000000000000e+00 1.579637612458184392e+01 1.327236932211016907e+01 -1.691338303661083620e+00 -3.881106470596268565e+00 1.172572255587845058e+00 -3.582373244513092914e-01 4.987816001786310460e-01 -2.752144963251666798e+00 1.368784829156387239e+01 -5.543898398942980421e+00 -4.413968844614360343e+00 -3.610385061084788294e+00 3.746778291082816792e-01 1.975011758176112053e+01 2.954251090589261164e+00 -1.903856397736374362e+01 -3.412812927940542806e+00 2.714582347672096940e+00 -4.709304539385023247e+00 9.098712591278426132e+00 -7.281937230849926834e+00 1.841885402228180979e+01 1.071634223147301590e+01 -5.559150130505675413e+00 2.574225712841883063e+00 1.165484683246294040e+01 -4.900186660279130635e+00 -2.869713381116985040e+00 -6.812511803928977816e-02 8.546948454118199479e+00 6.589392248039998456e+00 8.755943684800158999e-02 -3.133711833692025106e+00 3.437518986693401946e+00 -1.585931502758595180e+01 8.484036736648732813e+00 -1.002595528535637648e+01 1.357142025911151961e+00 -1.079633379849021324e+01 -5.859005046076772416e+00 -1.117998317334133596e+01 -9.807977799799404650e+00 7.592671488151736092e+00 -6.145937521544455606e-01 -4.092336132237466284e-01 1.537970662575108349e+01
0.000000000000000000e+00 0.000000000000000000e+00 0.000000000000000000e+00 0.000000000000000000e+00 0.000000000000000000e+00 0.000000000000000000e+00 0.000000000000000000e+00 0.000000000000000000e+00 0.000000000000000000e+00 0.000000000000000000e+00 0.000000000000000000e+00 0.000000000000000000e+00 0.000000000000000000e+00 0.000000000000000000e+00 0.000000000000000000e+00 0.000000000000000000e+00 0.000000000000000000e+00 0.000000000000000000e+00 0.000000000000000000e+00 0.000000000000000000e+00 0.000000000000000000e+00 0.000000000000000000e+00 0.000000000000000000e+00 0.000000000000000000e+00 0.000000000000000000e+00 0.000000000000000000e+00 0.000000000000000000e+00 0.000000000000000000e+00 0.000000000000000000e+00 0.000000000000000000e+00 0.000000000000000000e+00 0.000000000000000000e+00 0.000000000000000000e+00 0.000000000000000000e+00 0.000000000000000000e+00 0.000000000000000000e+00 0.000000000000000000e+00 0.000000000000000000e+00 0.000000000000000000e+00 0.000000000000000000e+00 0.000000000000000000e+00 0.000000000000000000e+00 0.000000000000000000e+00 0.000000000000000000e+00 0.000000000000000000e+00 0.000000000000000000e+00 0.000000000000000000e+00 0.000000000000000000e+00 0.000000000000000000e+00 0.000000000000000000e+00 0.000000000000000000e+00 0.000000000000000000e+00 0.000000000000000000e+00 0.000000000000000000e+00 1.000000000000000000e+00 9.604273887918325370e-01 -2.695209513389712833e-02 -4.189189833899995552e-01 2.154537293417708999e-01 -6.484473880272811908e-02 1.312731311704506409e-01 -1.648599065235226979e-01 8.040331293816666003e-01 -2.609073633854350205e-01 -1.687400709239229302e-01 -2.056425227403325118e-01 4.445471289111610491e-02 1.384300439197908350e+00 2.806052654354478371e-01 -1.286537652417392152e+00 -1.761548925719720604e-01 1.091976985458742583e-01 -1.807258070121212645e-01 6.743551592446875853e-01 -3.603236378705012011e-01 1.264007674789809688e+00 6.334948706329782686e-01 -3.088924940873512548e-01 -6.408812937402878253e-03 7.010431212924415068e-01 -3.426296444225654381e-01 -2.338955784323491494e-01 1.958416065399651296e-01 5.993018236217296790e-01 4.037010199796094989e-01 1.859584881442335191e-01 -1.087927650615727049e-01 4.246124916232429936e-01 -8.836921872610652429e-01 6.704519620608473396e-01 -7.041548288845471681e-01 2.176264304596545185e-01 -7.432502084814528454e-01 -2.706423118727478427e-01 -7.589612695765709516e-01 -5.005490455869484601e-01 4.194935012293160015e-01 -1.741829563965378858e-01 1.396738548247781209e-01 8.946732107431449865e-01
0.000000000000000000e+00 0.000000000000000000e+00 0.000000000000000000e+00 0.000000000000000000e+00 0.000000000000000000e+00 0.000000000000000000e+00 0.000000000000000000e+00 0.000000000000000000e+00 0.000000000000000000e+00 0.000000000000000000e+00 0.000000000000000000e+00 0.000000000000000000e+00 0.000000000000000000e+00 0.000000000000000000e+00 0.000000000000000000e+00 0.000000000000000000e+00 0.000000000000000000e+00 0.000000000000000000e+00 0.000000000000000000e+00 0.000000000000000000e+00 0.000000000000000000e+00 0.000000000000000000e+00 0.000000000000000000e+00 0.000000000000000000e+00 0.000000000000000000e+00 0.000000000000000000e+00 0.000000000000000000e+00 0.000000000000000000e+00 0.000000000000000000e+00 0.000000000000000000e+00 0.000000000000000000e+00 0.000000000000000000e+00 0.000000000000000000e+00 0.000000000000000000e+00 0.000000000000000000e+00 0.000000000000000000e+00 0.000000000000000000e+00 0.000000000000000000e+00 0.000000000000000000e+00 0.000000000000000000e+00 0.000000000000000000e+00 0.000000000000000000e+00 0.000000000000000000e+00 0.000000000000000000e+00 0.000000000000000000e+00 0.000000000000000000e+00 0.000000000000000000e+00 0.000000000000000000e+00 0.000000000000000000e+00 0.000000000000000000e+00 0.000000000000000000e+00 0.000000000000000000e+00 0.000000000000000000e+00 0.000000000000000000e+00 0.000000000000000000e+00 1.000000000000000000e+00 9.183811117870894769e-01 -1.144475357114520087e+00 -4.213763220602245729e-02 1.985153238724477465e+00 2.514498572904625195e+00 -9.361039692204349283e-01 -2.003683615445059907e+00 1.612403153771944098e+00 9.787826996510124999e-01 -4.118753160594121887e-01 8.570150551204047673e-01 2.806637354194158052e-02 2.282344365345967130e-01 -3.362154424306174505e+00 -2.186673909421409448e-02 -3.388961236911612329e-01 2.303967444154986222e+00 9.731326193386011791e-01 -2.838805959597339723e-01 2.274448680523224908e+00 -3.009211680040944081e+00 -5.380304943177570687e-01 -3.354533345565334113e+00 -7.567922140851467139e-02 7.973271181338340563e-01 -1.334316632414948245e+00 2.734308805383197427e+00 4.567859718055287566e+00 3.526689653033987959e+00 8.887730958793707003e-01 1.992294171395927238e+00 1.004776069326885013e+00 -7.008138894700589594e-01 3.998677663134489468e-01 -1.581973859645014580e+00 -1.220031928723208425e+00 -1.794035635014433749e+00 -6.907016417197642255e-01 -2.841845648018734849e+00 4.167172759925253378e-01 4.976868678349888331e-01 3.207108540020257581e-01 1.224914106736161079e+00 3.432280683306456748e-01
0.000000000000000000e+00 0.000000000000000000e+00 0.000000000000000000e+00 0.000000000000000000e+00 0.000000000000000000e+00 0.000000000000000000e+00 0.000000000000000000e+00 0.000000000000000000e+00 0.000000000000000000e+00 0.000000000000000000e+00 0.000000000000000000e+00 0.000000000000000000e+00 0.000000000000000000e+00 0.000000000000000000e+00 0.000000000000000000e+00 0.000000000000000000e+00 0.000000000000000000e+00 0.000000000000000000e+00 0.000000000000000000e+00 0.000000000000000000e+00 0.000000000000000000e+00 0.000000000000000000e+00 0.000000000000000000e+00 0.000000000000000000e+00 0.000000000000000000e+00 0.000000000000000000e+00 0.000000000000000000e+00 0.000000000000000000e+00 0.000000000000000000e+00 0.000000000000000000e+00 0.000000000000000000e+00 0.000000000000000000e+00 0.000000000000000000e+00 0.000000000000000000e+00 0.000000000000000000e+00 0.000000000000000000e+00 0.000000000000000000e+00 0.000000000000000000e+00 0.000000000000000000e+00 0.000000000000000000e+00 0.000000000000000000e+00 0.000000000000000000e+00 0.000000000000000000e+00 0.000000000000000000e+00 0.000000000000000000e+00 0.000000000000000000e+00 0.000000000000000000e+00 0.000000000000000000e+00 0.000000000000000000e+00 0.000000000000000000e+00 0.000000000000000000e+00 0.000000000000000000e+00 0.000000000000000000e+00 0.000000000000000000e+00 0.000000000000000000e+00 0.000000000000000000e+00 1.000000000000000000e+00 1.440554836078645096e+00 2.371911649130934219e+00 -5.830292384010033580e+00 2.537242490199694833e-01 -7.040357801133549920e-01 -2.109501323626003177e+00 3.079801038270850722e+00 2.782377673472633539e+00 4.414167602921322597e+00 -5.928076931719797882e-01 -3.158780341943363990e+00 -5.140701850790264871e+00 3.791656560850673152e+00 -1.715712481421470370e+00 -2.417427022634382472e-01 -1.087127554950553243e+00 1.326396972732100554e+00 -1.019885334255259624e+00 -2.589171882219221565e+00 1.531186702241656983e+00 7.163810848890084237e-01 -3.209478331756379976e+00 -4.141179665129652854e+00 2.462790397354131411e+00 1.348351340059172010e+00 -1.887362177456747725e+00 -5.883445383652212257e+00 -3.547495792750952504e+00 1.702957693861365529e-01 2.358038947455641521e-01 -3.950678290375327362e-01 2.075835358198178771e+00 2.178737661484809518e+00 6.206099273441499919e-01 1.282598472594181471e+00 2.310516579791304981e+00 5.584775189276482976e-01 1.754202774693052858e+00 -2.404981898920917516e+00 -4.622570418368224132e+00 4.672524122243223443e-01 8.264941068427801296e-01 -7.985591691196456843e+00
0.000000000000000000e+00 0.000000000000000000e+00 0.000000000000000000e+00 0.000000000000000000e+00 0.000000000000000000e+00 0.000000000000000000e+00 0.000000000000000000e+00 0.000000000000000000e+00 0.000000000000000000e+00 0.000000000000000000e+00 0.000000000000000000e+00 0.000000000000000000e+00 0.000000000000000000e+00 0.000000000000000000e+00 0.000000000000000000e+00 0.000000000000000000e+00 0.000000000000000000e+00 0.000000000000000000e+00 0.000000000000000000e+00 0.000000000000000000e+00 0.000000000000000000e+00 0.000000000000000000e+00 0.000000000000000000e+00 0.000000000000000000e+00 0.000000000000000000e+00 0.000000000000000000e+00 0.000000000000000000e+00 0.000000000000000000e+00 0.000000000000000000e+00 0.000000000000000000e+00 0.000000000000000000e+00 0.000000000000000000e+00 0.000000000000000000e+00 0.000000000000000000e+00 0.000000000000000000e+00 0.000000000000000000e+00 0.000000000000000000e+00 0.000000000000000000e+00 0.000000000000000000e+00 0.000000000000000000e+00 0.000000000000000000e+00 0.000000000000000000e+00 0.000000000000000000e+00 0.000000000000000000e+00 0.000000000000000000e+00 0.000000000000000000e+00 0.000000000000000000e+00 0.000000000000000000e+00 0.000000000000000000e+00 0.000000000000000000e+00 0.000000000000000000e+00 0.000000000000000000e+00 0.000000000000000000e+00 0.000000000000000000e+00 0.000000000000000000e+00 0.000000000000000000e+00 0.000000000000000000e+00 1.000000000000000000e+00 -1.238866276005167677e+01 1.879046112342276587e+01 7.855485062864800305e+00 -4.673597798531986314e+00 -8.474690315370544624e+00 3.861336917119151391e+00 -1.833625670476915159e+00 -6.164146384656674194e+00 1.631105772879044569e+00 -6.363450601193003209e+00 -7.457941441593819443e-01 -1.841849611034972511e+01 -2.700556680854630631e+00 4.522533280803648359e-01 8.396870381449371479e+00 1.147499446300934256e+00 -5.362230225396375616e+00 9.410858023593062782e+00 -1.453661496935095521e+01 -6.447348520185984810e+00 -4.725941370776999939e+00 2.461458748059257573e+00 3.633270095028537927e+00 -5.111259208360211304e+00 5.040065315247859168e+00 2.500394948510442106e+01 2.293051194639319590e+01 -6.199886615544357937e+00 7.374249339085559463e+00 -6.351826622613217843e+00 -9.592931138240400557e+00 -6.137613905715243234e+00 -6.162926898558199085e+00 -1.508814631681067908e+01 -9.444758483063832699e+00 -8.740896327848652447e+00 -1.267768475542619377e+01 -1.457176576151886005e+00 3.964648470190073049e+00 8.285173319781113932e+00 -6.539770596756121213e-02 1.266212612052950348e+01
0.000000000000000000e+00 0.000000000000000000e+00 0.000000000000000000e+00 0.000000000000000000e+00 0.000000000000000000e+00 0.000000000000000000e+00 0.000000000000000000e+00 0.000000000000000000e+00 0.000000000000000000e+00 0.000000000000000000e+00 0.000000000000000000e+00 0.000000000000000000e+00 0.000000000000000000e+00 0.000000000000000000e+00 0.000000000000000000e+00 0.000000000000000000e+00 0.000000000000000000e+00 0.000000000000000000e+00 0.000000000000000000e+00 0.000000000000000000e+00 0.000000000000000000e+00 0.000000000000000000e+00 0.000000000000000000e+00 0.000000000000000000e+00 0.000000000000000000e+00 0.000000000000000000e+00 0.000000000000000000e+00 0.000000000000000000e+00 0.000000000000000000e+00 0.000000000000000000e+00 0.000000000000000000e+00 0.000000000000000000e+00 0.000000000000000000e+00 0.000000000000000000e+00 0.000000000000000000e+00 0.000000000000000000e+00 0.000000000000000000e+00 0.000000000000000000e+00 0.000000000000000000e+00 0.000000000000000000e+00 0.000000000000000000e+00 0.000000000000000000e+00 0.000000000000000000e+00 0.000000000000000000e+00 0.000000000000000000e+00 0.000000000000000000e+00 0.000000000000000000e+00 0.000000000000000000e+00 0.000000000000000000e+00 0.000000000000000000e+00 0.000000000000000000e+00 0.000000000000000000e+00 0.000000000000000000e+00 0.000000000000000000e+00 0.000000000000000000e+00 0.000000000000000000e+00 0.000000000000000000e+00 0.000000000000000000e+00 1.000000000000000000e+00 -1.598078393033650402e+00 -7.101486178394131876e-01 3.315592959440979981e-01 6.434278179465188208e-01 -4.420671194981007912e-01 2.140554679848896413e-01 4.500983831641218735e-01 -1.556756952104275116e-01 4.810402785006958060e-01 2.721911354215089673e-02 1.551886096470964649e+00 2.196760437255242115e-01 -1.072232090293990525e-01 -6.913689866947487772e-01 -3.053592147059193129e-01 2.151281110918139006e-01 -8.425768325300287964e-01 1.107711101183566749e+00 4.070513337103177087e-01 4.561349506252518893e-01 -2.219572308553405815e-01 -2.620944804233955039e-01 3.895471522431228628e-01 -3.478310340029108771e-01 -2.013090581698073311e+00 -1.759596642210638828e+00 2.896189732657572513e-01 -6.182904444032978342e-01 3.966708666478432899e-01 7.462154316429356893e-01 4.645369815719421758e-01 5.086253591428416820e-01 1.083860647902520569e+00 7.973431117122414813e-01 7.018432101823564029e-01 1.123280683304429539e+00 1.362195239627655152e-01 -4.126621389576940468e-01 -7.590073825378340633e-01 -8.814021874485561403e-02 -1.037709237774662396e+00
0.000000000000000000e+00 0.000000000000000000e+00 0.000000000000000000e+00 0.000000000000000000e+00 0.000000000000000000e+00 0.000000000000000000e+00 0.000000000000000000e+00 0.000000000000000000e+00 0.000000000000000000e+00 0.000000000000000000e+00 0.000000000000000000e+00 0.000000000000000000e+00 0.000000000000000000e+00 0.000000000000000000e+00 0.000000000000000000e+00 0.000000000000000000e+00 0.000000000000000000e+00 0.000000000000000000e+00 0.000000000000000000e+00 0.000000000000000000e+00 0.000000000000000000e+00 0.000000000000000000e+00 0.000000000000000000e+00 0.000000000000000000e+00 0.000000000000000000e+00 0.000000000000000000e+00 0.000000000000000000e+00 0.000000000000000000e+00 0.000000000000000000e+00 0.000000000000000000e+00 0.000000000000000000e+00 0.000000000000000000e+00 0.000000000000000000e+00 0.000000000000000000e+00 0.000000000000000000e+00 0.000000000000000000e+00 0.000000000000000000e+00 0.000000000000000000e+00 0.000000000000000000e+00 0.000000000000000000e+00 0.000000000000000000e+00 0.000000000000000000e+00 0.000000000000000000e+00 0.000000000000000000e+00 0.000000000000000000e+00 0.000000000000000000e+00 0.000000000000000000e+00 0.000000000000000000e+00 0.000000000000000000e+00 0.000000000000000000e+00 0.000000000000000000e+00 0.000000000000000000e+00 0.000000000000000000e+00 0.000000000000000000e+00 0.000000000000000000e+00 0.000000000000000000e+00 0.000000000000000000e+00 0.000000000000000000e+00 0.000000000000000000e+00 1.000000000000000000e+00 1.192266630644740921e+00 3.918827113143273255e+00 2.918244426663729740e-01 3.273157198920197075e+00 -4.042264671079861316e+00 -6.230537618177297565e-01 -1.113488700700016043e+00 -1.290033899299829923e+00 -2.553879185939281538e+00 -2.654295237030206978e-01 -5.118086620517742213e-01 3.221664267132846593e+00 -3.827047747120060350e+00 8.615283201662473189e+00 5.567662878657366754e+00 -2.767388733347093122e-01 5.077907736070250699e+00 6.011617870393955343e+00 6.756898940186863989e-01 1.389141533260155548e+00 1.255282183705096699e+00 3.243831020998924952e+00 -6.923855675301669343e+00 -4.361448312756525780e+00 -4.946785865785148673e+00 1.734128629982014891e+00 -1.158096357292019984e+00 -8.225363162221795976e-01 9.068865371223480132e-01 1.816228728120539149e+00 5.384368054538370973e-01 7.909204770927483530e+00 -2.052228594291596764e+00 -7.626531596262728918e-01 2.370962015326883776e+00 -7.895612823909129219e+00 1.111938984255983254e+00 7.061794373511216527e+00 1.731717071281585252e+00 6.671392687115740294e-02
0.000000000000000000e+00 0.000000000000000000e+00 0.000000000000000000e+00 0.000000000000000000e+00 0.000000000000000000e+00 0.000000000000000000e+00 0.000000000000000000e+00 0.000000000000000000e+00 0.000000000000000000e+00 0.000000000000000000e+00 0.000000000000000000e+00 0.000000000000000000e+00 0.000000000000000000e+00 0.000000000000000000e+00 0.000000000000000000e+00 0.000000000000000000e+00 0.000000000000000000e+00 0.000000000000000000e+00 0.000000000000000000e+00 0.000000000000000000e+00 0.000000000000000000e+00 0.000000000000000000e+00 0.000000000000000000e+00 0.000000000000000000e+00 0.000000000000000000e+00 0.000000000000000000e+00 0.000000000000000000e+00 0.000000000000000000e+00 0.000000000000000000e+00 0.000000000000000000e+00 0.000000000000000000e+00 0.000000000000000000e+00 0.000000000000000000e+00 0.000000000000000000e+00 0.000000000000000000e+00 0.000000000000000000e+00 0.000000000000000000e+00 0.000000000000000000e+00 0.000000000000000000e+00 0.000000000000000000e+00 0.000000000000000000e+00 0.000000000000000000e+00 0.000000000000000000e+00 0.000000000000000000e+00 0.000000000000000000e+00 0.000000000000000000e+00 0.000000000000000000e+00 0.000000000000000000e+00 0.000000000000000000e+00 0.000000000000000000e+00 0.000000000000000000e+00 0.000000000000000000e+00 0.000000000000000000e+00 0.000000000000000000e+00 0.000000000000000000e+00 0.000000000000000000e+00 0.000000000000000000e+00 0.000000000000000000e+00 0.000000000000000000e+00 0.000000000000000000e+00 1.000000000000000000e+00 9.810514880138604399e-01 -5.523850305178631404e-01 2.308721457642444186e+00 -1.414246763692470266e+00 4.718524019279944914e-01 -7.650749596994235180e-01 -1.114850859703236718e+00 -2.180627089876800984e+00 -1.887835961345241675e-01 -6.835325493079978942e-01 1.334010275943532609e+00 -1.222233710570082010e+00 4.289205971817920293e+00 1.913968816765011072e+00 -2.132591613316870971e-01 1.870310515181874633e+00 2.643740573450100495e+00 -6.355454094940795606e-01 1.621533826949941859e-01 8.444558199299988521e-01 1.400496375709149088e+00 -3.105129323293103205e+00 -1.751040449983619407e+00 -1.804849681419565366e+00 4.770131277786692769e-01 -1.379900270568428476e-02 -2.069594454449588949e-01 2.055049398780260939e-01 1.061810607315696986e+00 -7.277987787287056032e-02 2.656061150599684950e+00 -1.158315916816347491e+00 -9.513046915765048794e-01 2.844247440821671691e-01 -3.730373754670264219e+00 -3.391522931613275005e-01 3.473962494560323577e+00 9.500711595048482172e-01 -1.006049101561554471e+00
0.000000000000000000e+00 0.000000000000000000e+00 0.000000000000000000e+00 0.000000000000000000e+00 0.000000000000000000e+00 0.000000000000000000e+00 0.000000000000000000e+00 0.000000000000000000e+00 0.000000000000000000e+00 0.000000000000000000e+00 0.000000000000000000e+00 0.000000000000000000e+00 0.000000000000000000e+00 0.000000000000000000e+00 0.000000000000000000e+00 0.000000000000000000e+00 0.000000000000000000e+00 0.000000000000000000e+00 0.000000000000000000e+00 0.000000000000000000e+00 0.000000000000000000e+00 0.000000000000000000e+00 0.000000000000000000e+00 0.000000000000000000e+00 0.000000000000000000e+00 0.000000000000000000e+00 0.000000000000000000e+00 0.000000000000000000e+00 0.000000000000000000e+00 0.000000000000000000e+00 0.000000000000000000e+00 0.000000000000000000e+00 0.000000000000000000e+00 0.000000000000000000e+00 0.000000000000000000e+00 0.000000000000000000e+00 0.000000000000000000e+00 0.000000000000000000e+00 0.000000000000000000e+00 0.000000000000000000e+00 0.000000000000000000e+00 0.000000000000000000e+00 0.000000000000000000e+00 0.000000000000000000e+00 0.000000000000000000e+00 0.000000000000000000e+00 0.000000000000000000e+00 0.000000000000000000e+00 0.000000000000000000e+00 0.000000000000000000e+00 0.000000000000000000e+00 0.000000000000000000e+00 0.000000000000000000e+00 0.000000000000000000e+00 0.000000000000000000e+00 0.000000000000000000e+00 0.000000000000000000e+00 0.000000000000000000e+00 0.000000000000000000e+00 0.000000000000000000e+00 0.000000000000000000e+00 1.000000000000000000e+00 4.593138153544609192e-01 7.689073054289454756e-01 2.847666876699168625e-01 1.400176628536858203e+00 3.016672108253601325e-01 -4.479628890061301272e-01 6.915070810579303229e-02 2.936450532489018883e-01 6.873466339167938477e-02 7.645301266594428657e-01 -4.010721431031436524e-01 9.644022845947480826e-01 1.739074498388778922e+00 4.261194840497210118e-02 1.223463178464242684e+00 2.822690454921409908e-01 -1.214205097111451942e-01 -8.263038256793890923e-01 2.105412200253657107e-01 5.511399379058173897e-01 -1.179803130443391801e+00 -1.934148403619813550e+00 -2.026018765878676131e+00 1.747418953706652678e+00 3.267158375708792417e-02 4.747828102924444571e-01 1.338509717187954751e+00 2.078659989537664787e-01 3.232074613206754043e-01 1.609872323254045279e+00 1.032460529827074591e+00 9.291125386597215430e-01 4.065835132259720819e-01 1.082976825414515426e-01 -3.835631139710348747e-01 5.484100217011860651e-02 5.625463284142095954e-01 -8.297868450210093005e-01
0.000000000000000000e+00 0.000000000000000000e+00 0.000000000000000000e+00 0.000000000000000000e+00 0.000000000000000000e+00 0.000000000000000000e+00 0.000000000000000000e+00 0.000000000000000000e+00 0.000000000000000000e+00 0.000000000000000000e+00 0.000000000000000000e+00 0.000000000000000000e+00 0.000000000000000000e+00 0.000000000000000000e+00 0.000000000000000000e+00 0.000000000000000000e+00 0.000000000000000000e+00 0.000000000000000000e+00 0.000000000000000000e+00 0.000000000000000000e+00 0.000000000000000000e+00 0.000000000000000000e+00 0.000000000000000000e+00 0.000000000000000000e+00 0.000000000000000000e+00 0.000000000000000000e+00 0.000000000000000000e+00 0.000000000000000000e+00 0.000000000000000000e+00 0.000000000000000000e+00 0.000000000000000000e+00 0.000000000000000000e+00 0.000000000000000000e+00 0.000000000000000000e+00 0.000000000000000000e+00 0.000000000000000000e+00 0.000000000000000000e+00 0.000000000000000000e+00 0.000000000000000000e+00 0.000000000000000000e+00 0.000000000000000000e+00 0.000000000000000000e+00 0.000000000000000000e+00 0.000000000000000000e+00 0.000000000000000000e+00 0.000000000000000000e+00 0.000000000000000000e+00 0.000000000000000000e+00 0.000000000000000000e+00 0.000000000000000000e+00 0.000000000000000000e+00 0.000000000000000000e+00 0.000000000000000000e+00 0.000000000000000000e+00 0.000000000000000000e+00 0.000000000000000000e+00 0.000000000000000000e+00 0.000000000000000000e+00 0.000000000000000000e+00 0.000000000000000000e+00 0.000000000000000000e+00 0.000000000000000000e+00 1.000000000000000000e+00 -3.594223745375663359e+00 -8.793043058107754106e+00 -6.665377423999852446e+00 -4.275599326685315837e+00 1.171579661639604586e+00 -4.628968608716172439e-01 8.782361435330492405e-01 1.802770463756940902e-02 -1.750450392475117606e-02 -1.311408839673977589e+00 2.513567897866852086e+00 -6.742368759141347256e-01 -1.514488879563280266e+00 2.558965185961092903e+00 6.970643375244796935e+00 8.481556970045415866e+00 6.724080602409109098e+00 -3.892065795565219588e+00 5.531643225360221953e-03 -2.576102551377052574e+00 2.743947849602295985e+00 3.448667602422520240e+00 -5.223519241622599729e+00 -1.807558984239536093e+00 1.576722969052559153e-01 -5.231288121155388993e+00 6.635881719995556649e-01 -1.652404993597278660e+00 -7.183104867350218470e-01 -7.393276437495195808e+00 -4.218957565909395413e+00 1.658796617957618569e+00 -3.928713971944453931e+00 2.099209462623601752e+00 3.547974155570363664e+00 -2.847377114185039582e-01 7.344377412081935397e+00
0.000000000000000000e+00 0.000000000000000000e+00 0.000000000000000000e+00 0.000000000000000000e+00 0.000000000000000000e+00 0.000000000000000000e+00 0.000000000000000000e+00 0.000000000000000000e+00 0.000000000000000000e+00 0.000000000000000000e+00 0.000000000000000000e+00 0.000000000000000000e+00 0.000000000000000000e+00 0.000000000000000000e+00 0.000000000000000000e+00 0.000000000000000000e+00 0.000000000000000000e+00 0.000000000000000000e+00 0.000000000000000000e+00 0.000000000000000000e+00 0.000000000000000000e+00 0.000000000000000000e+00 0.000000000000000000e+00 0.000000000000000000e+00 0.000000000000000000e+00 0.000000000000000000e+00 0.000000000000000000e+00 0.000000000000000000e+00 0.000000000000000000e+00 0.000000000000000000e+00 0.000000000000000000e+00 0.000000000000000000e+00 0.000000000000000000e+00 0.000000000000000000e+00 0.000000000000000000e+00 0.000000000000000000e+00 0.000000000000000000e+00 0.000000000000000000e+00 0.000000000000000000e+00 0.000000000000000000e+00 0.000000000000000000e+00 0.000000000000000000e+00 0.000000000000000000e+00 0.000000000000000000e+00 0.000000000000000000e+00 0.000000000000000000e+00 0.000000000000000000e+00 0.000000000000000000e+00 0.000000000000000000e+00 0.000000000000000000e+00 0.000000000000000000e+00 0.000000000000000000e+00 0.000000000000000000e+00 0.000000000000000000e+00 0.000000000000000000e+00 0.000000000000000000e+00 0.000000000000000000e+00 0.000000000000000000e+00 0.000000000000000000e+00 0.000000000000000000e+00 0.000000000000000000e+00 0.000000000000000000e+00 0.000000000000000000e+00 1.000000000000000000e+00 -9.187491937770079220e-01 -3.872836820793613966e-02 -2.894000854478344098e-01 -2.959448770052840461e-01 -6.263343787144977082e-01 1.899615712650242205e-01 -4.957897216488472703e-01 4.973676341916437038e-01 -5.271729856768681000e-01 1.585793265847262656e+00 7.956470074553022576e-01 -2.340815434579998633e-01 7.853060162413673106e-01 1.064638551394219368e+00 1.179277060214537071e-01 3.908770374990599983e-01 1.231976326619135392e-01 3.175143596334150109e-01 -1.238482991585793780e+00 -3.267762445313162067e-01 -4.562245520029835633e-01 -2.211824503913873141e-01 -1.868943227677527241e-01 -3.459424167069947154e-01 -7.938159118333880659e-01 3.051434158027830357e-01 3.597724404412031562e-01 8.979164334336197095e-01 -5.740273971463806246e-01 -5.482030693026832546e-01 -1.700992590157815731e-01 -1.663931963005855108e+00 5.369971573999204884e-01 1.941135498039576746e+00 1.220849301078770210e-01 -8.814984005370919739e-04
0.000000000000000000e+00 0.000000000000000000e+00 0.000000000000000000e+00 0.000000000000000000e+00 0.000000000000000000e+00 0.000000000000000000e+00 0.000000000000000000e+00 0.000000000000000000e+00 0.000000000000000000e+00 0.000000000000000000e+00 0.000000000000000000e+00 0.000000000000000000e+00 0.000000000000000000e+00 0.000000000000000000e+00 0.000000000000000000e+00 0.000000000000000000e+00 0.000000000000000000e+00 0.000000000000000000e+00 0.000000000000000000e+00 0.000000000000000000e+00 0.000000000000000000e+00 0.000000000000000000e+00 0.000000000000000000e+00 0.000000000000000000e+00 0.000000000000000000e+00 0.000000000000000000e+00 0.000000000000000000e+00 0.000000000000000000e+00 0.000000000000000000e+00 0.000000000000000000e+00 0.000000000000000000e+00 0.000000000000000000e+00 0.000000000000000000e+00 0.000000000000000000e+00 0.000000000000000000e+00 0.000000000000000000e+00 0.000000000000000000e+00 0.000000000000000000e+00 0.000000000000000000e+00 0.000000000000000000e+00 0.000000000000000000e+00 0.000000000000000000e+00 0.000000000000000000e+00 0.000000000000000000e+00 0.000000000000000000e+00 0.000000000000000000e+00 0.000000000000000000e+00 0.000000000000000000e+00 0.000000000000000000e+00 0.000000000000000000e+00 0.000000000000000000e+00 0.000000000000000000e+00 0.000000000000000000e+00 0.000000000000000000e+00 0.000000000000000000e+00 0.000000000000000000e+00 0.000000000000000000e+00 0.000000000000000000e+00 0.000000000000000000e+00 0.000000000000000000e+00 0.000000000000000000e+00 0.000000000000000000e+00 0.000000000000000000e+00 0.000000000000000000e+00 1.000000000000000000e+00 4.901103276755665594e-01 4.298434025172217510e-01 4.397185472248719973e-02 1.803303165463562840e-01 -3.893195101409446107e-02 1.015607721135056707e-01 -2.018514031426852651e-01 2.677143046078285238e-01 -6.148964022776964855e-01 -2.548525525115656887e-01 1.130575270489729001e-01 -4.396726123831826705e-01 -8.688344819807181096e-01 -7.541146357440172698e-01 -6.326830428941643270e-01 3.097671698563194131e-01 -4.181926815506485651e-02 6.029181809762724775e-01 -1.823208485619479957e-01 -1.269669949717521784e-01 3.888185126676008130e-01 1.237000480831393912e-01 -1.358180401773356229e-02 5.926644432310894661e-01 -1.537705351947351307e-01 1.038931367445978249e-01 -1.712418023729868066e-01 8.172841746006969110e-01 4.062673344463656466e-01 -4.982003547943335275e-02 7.177348108754683098e-01 -2.388424401780500361e-01 -8.132837516562811953e-01 -4.815878049468960004e-02 -6.045767281424143658e-01
0.000000000000000000e+00 0.000000000000000000e+00 0.000000000000000000e+00 0.000000000000000000e+00 0.000000000000000000e+00 0.000000000000000000e+00 0.000000000000000000e+00 0.000000000000000000e+00 0.000000000000000000e+00 0.000000000000000000e+00 0.000000000000000000e+00 0.000000000000000000e+00 0.000000000000000000e+00 0.000000000000000000e+00 0.000000000000000000e+00 0.000000000000000000e+00 0.000000000000000000e+00 0.000000000000000000e+00 0.000000000000000000e+00 0.000000000000000000e+00 0.000000000000000000e+00 0.000000000000000000e+00 0.000000000000000000e+00 0.000000000000000000e+00 0.000000000000000000e+00 0.000000000000000000e+00 0.000000000000000000e+00 0.000000000000000000e+00 0.000000000000000000e+00 0.000000000000000000e+00 0.000000000000000000e+00 0.000000000000000000e+00 0.000000000000000000e+00 0.000000000000000000e+00 0.000000000000000000e+00 0.000000000000000000e+00 0.000000000000000000e+00 0.000000000000000000e+00 0.000000000000000000e+00 0.000000000000000000e+00 0.000000000000000000e+00 0.000000000000000000e+00 0.000000000000000000e+00 0.000000000000000000e+00 0.000000000000000000e+00 0.000000000000000000e+00 0.000000000000000000e+00 0.000000000000000000e+00 0.000000000000000000e+00 0.000000000000000000e+00 0.000000000000000000e+00 0.000000000000000000e+00 0.000000000000000000e+00 0.000000000000000000e+00 0.000000000000000000e+00 0.000000000000000000e+00 0.000000000000000000e+00 0.000000000000000000e+00 0.000000000000000000e+00 0.000000000000000000e+00 0.000000000000000000e+00 0.000000000000000000e+00 0.000000000000000000e+00 0.000000000000000000e+00 0.000000000000000000e+00 1.000000000000000000e+00 -1.300120593977672323e+00 -1.094621863469615430e+00 6.799278926456391037e-02 9.949059300177814924e-01 3.575644586934500491e-01 -1.587359250231286656e-01 1.318950322879349768e+00 1.943652622626761417e-01 6.626765376985639389e-01 -1.813502837279640900e+00 9.506194104095569419e-02 8.312375463947597742e-01 2.214506097965571740e+00 -7.537288968166679926e-01 -6.697674735337095786e-01 -3.911259523539908356e-01 -8.208134641519052588e-01 -1.268875281798586552e-01 -4.475554598849253683e-03 -1.082893253641851850e+00 1.380083018441465637e+00 1.186065564081187906e+00 2.386337064771808514e-01 4.466000405031494980e-01 -1.775619128673801839e-01 4.511005546588241488e-01 -8.171446000162051540e-03 3.042629177692326992e-01 3.951504752677346133e-01 1.937197944368542979e+00 -2.053324890710717554e+00 -4.213563850268062794e-01 1.241461854304620527e+00 6.153958796799592346e-01
0.000000000000000000e+00 0.000000000000000000e+00 0.000000000000000000e+00 0.000000000000000000e+00 0.000000000000000000e+00 0.000000000000000000e+00 0.000000000000000000e+00 0.000000000000000000e+00 0.000000000000000000e+00 0.000000000000000000e+00 0.000000000000000000e+00 0.000000000000000000e+00 0.000000000000000000e+00 0.000000000000000000e+00 0.000000000000000000e+00 0.000000000000000000e+00 0.000000000000000000e+00 0.000000000000000000e+00 0.000000000000000000e+00 0.000000000000000000e+00 0.000000000000000000e+00 0.000000000000000000e+00 0.000000000000000000e+00 0.000000000000000000e+00 0.000000000000000000e+00 0.000000000000000000e+00 0.000000000000000000e+00 0.000000000000000000e+00 0.000000000000000000e+00 0.000000000000000000e+00 0.000000000000000000e+00 0.000000000000000000e+00 0.000000000000000000e+00 0.000000000000000000e+00 0.000000000000000000e+00 0.000000000000000000e+00 0.000000000000000000e+00 0.000000000000000000e+00 0.000000000000000000e+00 0.000000000000000000e+00 0.000000000000000000e+00 0.000000000000000000e+00 0.000000000000000000e+00 0.000000000000000000e+00 0.000000000000000000e+00 0.000000000000000000e+00 0.000000000000000000e+00 0.000000000000000000e+00 0.000000000000000000e+00 0.000000000000000000e+00 0.000000000000000000e+00 0.000000000000000000e+00 0.000000000000000000e+00 0.000000000000000000e+00 0.000000000000000000e+00 0.000000000000000000e+00 0.000000000000000000e+00 0.000000000000000000e+00 0.000000000000000000e+00 0.000000000000000000e+00 0.000000000000000000e+00 0.000000000000000000e+00 0.000000000000000000e+00 0.000000000000000000e+00 0.000000000000000000e+00 0.000000000000000000e+00 1.000000000000000000e+00 4.760820557647008622e-01 7.972519106399202082e-02 -9.272152568423509544e-01 -1.589973746992217885e-01 4.442716119976686251e-01 -7.378343206918436259e-01 -3.435525506650246030e-01 -6.807477605920438969e-03 1.579891730646169501e+00 2.324497429873343193e-02 -6.088807313972460777e-01 -1.340401897000822906e+00 3.925989415658062698e-01 3.276228986735637005e-01 8.772106751506091038e-02 3.448865513473352018e-01 -1.117856292679067845e-02 -1.441802919403615824e-01 1.381271215604528813e+00 -5.997260560125218243e-01 -3.260914632209081510e-01 2.232178990443473288e-01 -3.344150120864909370e-01 -1.638319216816131185e-01 -4.956145044657450649e-01 3.916009823453436151e-02 1.966594428623796575e-01 -4.734609196377880247e-01 -8.082324969128248382e-01 1.155659655026209931e+00 1.985766763519671574e-01 -7.997529346405357620e-01 -4.076795341323954380e-01
0.000000000000000000e+00 0.000000000000000000e+00 0.000000000000000000e+00 0.000000000000000000e+00 0.000000000000000000e+00 0.000000000000000000e+00 0.000000000000000000e+00 0.000000000000000000e+00 0.000000000000000000e+00 0.000000000000000000e+00 0.000000000000000000e+00 0.000000000000000000e+00 0.000000000000000000e+00 0.000000000000000000e+00 0.000000000000000000e+00 0.000000000000000000e+00 0.000000000000000000e+00 0.000000000000000000e+00 0.000000000000000000e+00 0.000000000000000000e+00 0.000000000000000000e+00 0.000000000000000000e+00 0.000000000000000000e+00 0.000000000000000000e+00 0.000000000000000000e+00 0.000000000000000000e+00 0.000000000000000000e+00 0.000000000000000000e+00 0.000000000000000000e+00 0.000000000000000000e+00 0.000000000000000000e+00 0.000000000000000000e+00 0.000000000000000000e+00 0.000000000000000000e+00 0.000000000000000000e+00 0.000000000000000000e+00 0.000000000000000000e+00 0.000000000000000000e+00 0.000000000000000000e+00 0.000000000000000000e+00 0.000000000000000000e+00 0.000000000000000000e+00 0.000000000000000000e+00 0.000000000000000000e+00 0.000000000000000000e+00 0.000000000000000000e+00 0.000000000000000000e+00 0.000000000000000000e+00 0.000000000000000000e+00 0.000000000000000000e+00 0.000000000000000000e+00 0.000000000000000000e+00 0.000000000000000000e+00 0.000000000000000000e+00 0.000000000000000000e+00 0.000000000000000000e+00 0.000000000000000000e+00 0.000000000000000000e+00 0.000000000000000000e+00 0.000000000000000000e+00 0.000000000000000000e+00 0.000000000000000000e+00 0.000000000000000000e+00 0.000000000000000000e+00 0.000000000000000000e+00 0.000000000000000000e+00 0.000000000000000000e+00 1.000000000000000000e+00 -3.473197120343204158e+00 1.503252947387929028e+00 -7.644458273531826720e-01 -4.880198316572519346e-01 7.320552712466720235e-01 9.923795195317316464e-01 -1.632252514769785723e+00 -4.021562316417583438e-01 -1.621245050991348746e+00 -6.430844022144176497e-01 -1.301435174640337644e+00 2.763716907691640429e-03 -4.114274888607830083e-01 1.927541834077997729e+00 5.356135083748307935e-01 -2.684999682903254747e+00 3.710776999890122441e-01 -7.059531077419961553e-01 -7.632201418786364044e-01 -8.356239421528288691e-01 5.480432802224039293e-03 -5.602607970218954556e-03 7.984616947142435528e-01 -8.357239682090186195e-01 8.739927666202574885e-01 -2.669077612759042761e+00 4.605010934353122587e-01 -2.366971454395784047e+00 1.404152932011583886e-02 1.567099851262135690e+00 -9.892191615287407869e-01 -1.982247566926946591e+00
0.000000000000000000e+00 0.000000000000000000e+00 0.000000000000000000e+00 0.000000000000000000e+00 0.000000000000000000e+00 0.000000000000000000e+00 0.000000000000000000e+00 0.000000000000000000e+00 0.000000000000000000e+00 0.000000000000000000e+00 0.000000000000000000e+00 0.000000000000000000e+00 0.000000000000000000e+00 0.000000000000000000e+00 0.000000000000000000e+00 0.000000000000000000e+00 0.000000000000000000e+00 0.000000000000000000e+00 0.000000000000000000e+00 0.000000000000000000e+00 0.000000000000000000e+00 0.000000000000000000e+00 0.000000000000000000e+00 0.000000000000000000e+00 0.000000000000000000e+00 0.000000000000000000e+00 0.000000000000000000e+00 0.000000000000000000e+00 0.000000000000000000e+00 0.000000000000000000e+00 0.000000000000000000e+00 0.000000000000000000e+00 0.000000000000000000e+00 0.000000000000000000e+00 0.000000000000000000e+00 0.000000000000000000e+00 0.000000000000000000e+00 0.000000000000000000e+00 0.000000000000000000e+00 0.000000000000000000e+00 0.000000000000000000e+00 0.000000000000000000e+00 0.000000000000000000e+00 0.000000000000000000e+00 0.000000000000000000e+00 0.000000000000000000e+00 0.000000000000000000e+00 0.000000000000000000e+00 0.000000000000000000e+00 0.000000000000000000e+00 0.000000000000000000e+00 0.000000000000000000e+00 0.000000000000000000e+00 0.000000000000000000e+00 0.000000000000000000e+00 0.000000000000000000e+00 0.000000000000000000e+00 0.000000000000000000e+00 0.000000000000000000e+00 0.000000000000000000e+00 0.000000000000000000e+00 0.000000000000000000e+00 0.000000000000000000e+00 0.000000000000000000e+00 0.000000000000000000e+00 0.000000000000000000e+00 0.000000000000000000e+00 0.000000000000000000e+00 1.000000000000000000e+00 1.408764049489874548e+00 -5.007637974189428354e-01 -1.700570525868937866e+00 9.135684507214042460e-01 -1.278063793974776985e+00 6.077889328525953871e-01 -1.554794843994910858e+00 -8.610035754996173685e-01 8.951408766295274599e-01 1.271067986716687637e+00 -1.271675956687720710e+00 -1.047341532153371002e+00 -1.205379517937474887e+00 1.265365928314744259e+00 1.339768815489020160e+00 1.494481157393285908e+00 -4.838866426842727830e-01 9.057038868244359220e-01 -3.678072929613129260e-01 -5.897192548662852918e-01 4.343520098827827192e-01 9.710552892668966596e-02 2.140356412919156570e-01 1.356572098647391700e+00 5.984721802296029125e-01 -3.608590109459328121e-01 1.278170387714076206e+00 6.758635384979843064e-01 -1.936607603149592682e+00 1.193632465867451031e-01 -1.323057324030466608e-01
0.000000000000000000e+00 0.000000000000000000e+00 0.000000000000000000e+00 0.000000000000000000e+00 0.000000000000000000e+00 0.000000000000000000e+00 0.000000000000000000e+00 0.000000000000000000e+00 0.000000000000000000e+00 0.000000000000000000e+00 0.000000000000000000e+00 0.000000000000000000e+00 0.000000000000000000e+00 0.000000000000000000e+00 0.000000000000000000e+00 0.000000000000000000e+00 0.000000000000000000e+00 0.000000000000000000e+00 0.000000000000000000e+00 0.000000000000000000e+00 0.000000000000000000e+00 0.000000000000000000e+00 0.000000000000000000e+00 0.000000000000000000e+00 0.000000000000000000e+00 0.000000000000000000e+00 0.000000000000000000e+00 0.000000000000000000e+00 0.000000000000000000e+00 0.000000000000000000e+00 0.000000000000000000e+00 0.000000000000000000e+00 0.000000000000000000e+00 0.000000000000000000e+00 0.000000000000000000e+00 0.000000000000000000e+00 0.000000000000000000e+00 0.000000000000000000e+00 0.000000000000000000e+00 0.000000000000000000e+00 0.000000000000000000e+00 0.000000000000000000e+00 0.000000000000000000e+00 0.000000000000000000e+00 0.000000000000000000e+00 0.000000000000000000e+00 0.000000000000000000e+00 0.000000000000000000e+00 0.000000000000000000e+00 0.000000000000000000e+00 0.000000000000000000e+00 0.000000000000000000e+00 0.000000000000000000e+00 0.000000000000000000e+00 0.000000000000000000e+00 0.000000000000000000e+00 0.000000000000000000e+00 0.000000000000000000e+00 0.000000000000000000e+00 0.000000000000000000e+00 0.000000000000000000e+00 0.000000000000000000e+00 0.000000000000000000e+00 0.000000000000000000e+00 0.000000000000000000e+00 0.000000000000000000e+00 0.000000000000000000e+00 0.000000000000000000e+00 0.000000000000000000e+00 1.000000000000000000e+00 -3.662117380983709314e-01 -1.085359689627528601e+00 4.469199270792606482e-01 -4.556625517992037300e-01 3.010757144420752041e-01 -1.000916673391830214e+00 -7.339609812051363091e-01 5.637154458026437664e-01 5.175175141796970468e-01 -9.321118048357189823e-01 -6.029784253009072836e-01 -4.334909970488510234e-01 7.230702357944097658e-01 1.930875283537699383e-01 8.148157336548098595e-01 -3.808295026666909666e-01 3.911933714206875523e-01 -3.472566980947303095e-01 -2.353008569109883985e-01 2.618351593566755620e-01 2.440084445157711668e-01 2.189241716136353377e-01 9.424502522877856725e-01 9.779861117669411130e-02 -4.445968579904499562e-02 2.496513910866434982e-01 3.905227014952165066e-01 -6.987985946704023954e-01 1.055848215627133158e-01 -2.858241303884252460e-01
0.000000000000000000e+00 0.000000000000000000e+00 0.000000000000000000e+00 0.000000000000000000e+00 0.000000000000000000e+00 0.000000000000000000e+00 0.000000000000000000e+00 0.000000000000000000e+00 0.000000000000000000e+00 0.000000000000000000e+00 0.000000000000000000e+00 0.000000000000000000e+00 0.000000000000000000e+00 0.000000000000000000e+00 0.000000000000000000e+00 0.000000000000000000e+00 0.000000000000000000e+00 0.000000000000000000e+00 0.000000000000000000e+00 0.000000000000000000e+00 0.000000000000000000e+00 0.000000000000000000e+00 0.000000000000000000e+00 0.000000000000000000e+00 0.000000000000000000e+00 0.000000000000000000e+00 0.000000000000000000e+00 0.000000000000000000e+00 0.000000000000000000e+00 0.000000000000000000e+00 0.000000000000000000e+00 0.000000000000000000e+00 0.000000000000000000e+00 0.000000000000000000e+00 0.000000000000000000e+00 0.000000000000000000e+00 0.000000000000000000e+00 0.000000000000000000e+00 0.000000000000000000e+00 0.000000000000000000e+00 0.000000000000000000e+00 0.000000000000000000e+00 0.000000000000000000e+00 0.000000000000000000e+00 0.000000000000000000e+00 0.000000000000000000e+00 0.000000000000000000e+00 0.000000000000000000e+00 0.000000000000000000e+00 0.000000000000000000e+00 0.000000000000000000e+00 0.000000000000000000e+00 0.000000000000000000e+00 0.000000000000000000e+00 0.000000000000000000e+00 0.000000000000000000e+00 0.000000000000000000e+00 0.000000000000000000e+00 0.000000000000000000e+00 0.000000000000000000e+00 0.000000000000000000e+00 0.000000000000000000e+00 0.000000000000000000e+00 0.000000000000000000e+00 0.000000000000000000e+00 0.000000000000000000e+00 0.000000000000000000e+00 0.000000000000000000e+00 0.000000000000000000e+00 0.000000000000000000e+00 1.000000000000000000e+00 4.153203310541451643e+00 3.566614724782345203e+00 1.492316925065685806e+00 -4.067806405844235584e+00 4.010902007682395798e+00 4.278367758619158856e+00 -9.017449718245043044e+00 1.672082887789342609e-01 4.837369801503321298e+00 -1.313189619306839528e+00 2.864224727784513647e+00 1.282047702015178370e+00 -4.970195167174373374e+00 -5.383988860876580240e+00 6.408880974656601559e+00 -6.536492688821592623e+00 6.040845104030070800e+00 -2.457823456073634283e+00 -4.923108915791112317e+00 4.077057044030885535e+00 -7.544250793019764423e+00 -1.497782027397686511e+00 -4.384613546392849948e+00 -1.626409884836812925e+00 8.139988088727436732e+00 -2.575525770070543174e+00 -3.891068839946106639e+00 5.665522072808247822e-01 -1.097844552634142934e+00
0.000000000000000000e+00 0.000000000000000000e+00 0.000000000000000000e+00 0.000000000000000000e+00 0.000000000000000000e+00 0.000000000000000000e+00 0.000000000000000000e+00 0.000000000000000000e+00 0.000000000000000000e+00 0.000000000000000000e+00 0.000000000000000000e+00 0.000000000000000000e+00 0.000000000000000000e+00 0.000000000000000000e+00 0.000000000000000000e+00 0.000000000000000000e+00 0.000000000000000000e+00 0.000000000000000000e+00 0.000000000000000000e+00 0.000000000000000000e+00 0.000000000000000000e+00 0.000000000000000000e+00 0.000000000000000000e+00 0.000000000000000000e+00 0.000000000000000000e+00 0.000000000000000000e+00 0.000000000000000000e+00 0.000000000000000000e+00 0.000000000000000000e+00 0.000000000000000000e+00 0.000000000000000000e+00 0.000000000000000000e+00 0.000000000000000000e+00 0.000000000000000000e+00 0.000000000000000000e+00 0.000000000000000000e+00 0.000000000000000000e+00 0.000000000000000000e+00 0.000000000000000000e+00 0.000000000000000000e+00 0.000000000000000000e+00 0.000000000000000000e+00 0.000000000000000000e+00 0.000000000000000000e+00 0.000000000000000000e+00 0.000000000000000000e+00 0.000000000000000000e+00 0.000000000000000000e+00 0.000000000000000000e+00 0.000000000000000000e+00 0.000000000000000000e+00 0.000000000000000000e+00 0.000000000000000000e+00 0.000000000000000000e+00 0.000000000000000000e+00 0.000000000000000000e+00 0.000000000000000000e+00 0.000000000000000000e+00 0.000000000000000000e+00 0.000000000000000000e+00 0.000000000000000000e+00 0.000000000000000000e+00 0.000000000000000000e+00 0.000000000000000000e+00 0.000000000000000000e+00 0.000000000000000000e+00 0.000000000000000000e+00 0.000000000000000000e+00 0.000000000000000000e+00 0.000000000000000000e+00 0.000000000000000000e+00 1.000000000000000000e+00 1.365728434673144864e+00 1.561655535188617161e-01 -1.225654730860126218e+00 9.675838283239411863e-01 1.216233520601098128e+00 -2.463726060803438145e+00 4.316010309309069037e-01 8.793445267032722334e-01 -6.567191232717681793e-01 6.859572736850239050e-01 4.302384882703895741e-01 -1.131083195354091853e+00 -1.115610782320269889e+00 1.594030858458763245e+00 -1.661905401893460921e+00 1.647144473977526058e+00 -6.619337196260020040e-01 -1.089056632915501366e+00 1.023145722595930174e+00 -2.228181856103731207e+00 -2.433870549491207458e-01 -9.839136930579066576e-01 -5.913727232867398431e-01 2.289747972976278856e+00 -9.951978716784627421e-01 -1.471128403418686004e+00 5.281295873887607017e-01 -1.495592951750389921e-01
0.000000000000000000e+00 0.000000000000000000e+00 0.000000000000000000e+00 0.000000000000000000e+00 0.000000000000000000e+00 0.000000000000000000e+00 0.000000000000000000e+00 0.000000000000000000e+00 0.000000000000000000e+00 0.000000000000000000e+00 0.000000000000000000e+00 0.000000000000000000e+00 0.000000000000000000e+00 0.000000000000000000e+00 0.000000000000000000e+00 0.000000000000000000e+00 0.000000000000000000e+00 0.000000000000000000e+00 0.000000000000000000e+00 0.000000000000000000e+00 0.000000000000000000e+00 0.000000000000000000e+00 0.000000000000000000e+00 0.000000000000000000e+00 0.000000000000000000e+00 0.000000000000000000e+00 0.000000000000000000e+00 0.000000000000000000e+00 0.000000000000000000e+00 0.000000000000000000e+00 0.000000000000000000e+00 0.000000000000000000e+00 0.000000000000000000e+00 0.000000000000000000e+00 0.000000000000000000e+00 0.000000000000000000e+00 0.000000000000000000e+00 0.000000000000000000e+00 0.000000000000000000e+00 0.000000000000000000e+00 0.000000000000000000e+00 0.000000000000000000e+00 0.000000000000000000e+00 0.000000000000000000e+00 0.000000000000000000e+00 0.000000000000000000e+00 0.000000000000000000e+00 0.000000000000000000e+00 0.000000000000000000e+00 0.000000000000000000e+00 0.000000000000000000e+00 0.000000000000000000e+00 0.000000000000000000e+00 0.000000000000000000e+00 0.000000000000000000e+00 0.000000000000000000e+00 0.000000000000000000e+00 0.000000000000000000e+00 0.000000000000000000e+00 0.000000000000000000e+00 0.000000000000000000e+00 0.000000000000000000e+00 0.000000000000000000e+00 0.000000000000000000e+00 0.000000000000000000e+00 0.000000000000000000e+00 0.000000000000000000e+00 0.000000000000000000e+00 0.000000000000000000e+00 0.000000000000000000e+00 0.000000000000000000e+00 0.000000000000000000e+00 1.000000000000000000e+00 -3.821610741386390342e-01 -9.634510749072973113e-01 4.601830300470875490e-01 1.005794010665283511e-01 -1.958969100807953501e+00 9.109331521306769652e-02 -1.304167281993109606e+00 -5.657915766092355137e-01 -8.573990654580251891e-02 1.258972722075301920e-01 -2.216578521685084180e-01 -7.254979187981246413e-01 5.674827725048171567e-01 -9.772611693589725590e-01 1.088065193376337669e+00 -1.696512999180676828e-01 -9.459646503007226870e-02 7.262665287389873381e-01 -6.731840251560141652e-01 -1.831074950564664239e-01 9.033571193896893226e-01 -9.915398795809535759e-01 6.825114453179467189e-01 -1.092154940589347811e+00 -1.400434620529382057e+00 1.942061182252743823e+00 1.662181208453876735e-01
0.000000000000000000e+00 0.000000000000000000e+00 0.000000000000000000e+00 0.000000000000000000e+00 0.000000000000000000e+00 0.000000000000000000e+00 0.000000000000000000e+00 0.000000000000000000e+00 0.000000000000000000e+00 0.000000000000000000e+00 0.000000000000000000e+00 0.000000000000000000e+00 0.000000000000000000e+00 0.000000000000000000e+00 0.000000000000000000e+00 0.000000000000000000e+00 0.000000000000000000e+00 0.000000000000000000e+00 0.000000000000000000e+00 0.000000000000000000e+00 0.000000000000000000e+00 0.000000000000000000e+00 0.000000000000000000e+00 0.000000000000000000e+00 0.000000000000000000e+00 0.000000000000000000e+00 0.000000000000000000e+00 0.000000000000000000e+00 0.000000000000000000e+00 0.000000000000000000e+00 0.000000000000000000e+00 0.000000000000000000e+00 0.000000000000000000e+00 0.000000000000000000e+00 0.000000000000000000e+00 0.000000000000000000e+00 0.000000000000000000e+00 0.000000000000000000e+00 0.000000000000000000e+00 0.000000000000000000e+00 0.000000000000000000e+00 0.000000000000000000e+00 0.000000000000000000e+00 0.000000000000000000e+00 0.000000000000000000e+00 0.000000000000000000e+00 0.000000000000000000e+00 0.000000000000000000e+00 0.000000000000000000e+00 0.000000000000000000e+00 0.000000000000000000e+00 0.000000000000000000e+00 0.000000000000000000e+00 0.000000000000000000e+00 0.000000000000000000e+00 0.000000000000000000e+00 0.000000000000000000e+00 0.000000000000000000e+00 0.000000000000000000e+00 0.000000000000000000e+00 0.000000000000000000e+00 0.000000000000000000e+00 0.000000000000000000e+00 0.000000000000000000e+00 0.000000000000000000e+00 0.000000000000000000e+00 0.000000000000000000e+00 0.000000000000000000e+00 0.000000000000000000e+00 0.000000000000000000e+00 0.000000000000000000e+00 0.000000000000000000e+00 0.000000000000000000e+00 1.000000000000000000e+00 2.950221021744560357e+00 -1.543117256821552541e+00 -1.539116844076497126e-01 4.188151841930928931e+00 1.080216498571944683e+00 -1.531717001383356147e-01 -1.027562242174475449e+00 3.987757727176087230e-01 1.714710191142219120e+00 -9.348092313613602933e-01 2.149884183931720649e+00 -3.748362508723449560e-01 1.924060659251156880e+00 1.319019749675476860e-01 2.816144658690489244e+00 1.141508108895664231e+00 -1.411991449440082480e+00 4.163583092089346849e-01 2.200209788960356239e+00 -2.002538184490644468e+00 1.805228475986931036e+00 5.804099538086664456e-01 -5.420976800742043356e-01 5.346645235175384592e-01 -1.155329524474502101e+00 2.344997154866434175e-01
0.000000000000000000e+00 0.000000000000000000e+00 0.000000000000000000e+00 0.000000000000000000e+00 0.000000000000000000e+00 0.000000000000000000e+00 0.000000000000000000e+00 0.000000000000000000e+00 0.000000000000000000e+00 0.000000000000000000e+00 0.000000000000000000e+00 0.000000000000000000e+00 0.000000000000000000e+00 0.000000000000000000e+00 0.000000000000000000e+00 0.000000000000000000e+00 0.000000000000000000e+00 0.000000000000000000e+00 0.000000000000000000e+00 0.000000000000000000e+00 0.000000000000000000e+00 0.000000000000000000e+00 0.000000000000000000e+00 0.000000000000000000e+00 0.000000000000000000e+00 0.000000000000000000e+00 0.000000000000000000e+00 0.000000000000000000e+00 0.000000000000000000e+00 0.000000000000000000e+00 0.000000000000000000e+00 0.000000000000000000e+00 0.000000000000000000e+00 0.000000000000000000e+00 0.000000000000000000e+00 0.000000000000000000e+00 0.000000000000000000e+00 0.000000000000000000e+00 0.000000000000000000e+00 0.000000000000000000e+00 0.000000000000000000e+00 0.000000000000000000e+00 0.000000000000000000e+00 0.000000000000000000e+00 0.000000000000000000e+00 0.000000000000000000e+00 0.000000000000000000e+00 0.000000000000000000e+00 0.000000000000000000e+00 0.000000000000000000e+00 0.000000000000000000e+00 0.000000000000000000e+00 0.000000000000000000e+00 0.000000000000000000e+00 0.000000000000000000e+00 0.000000000000000000e+00 0.000000000000000000e+00 0.000000000000000000e+00 0.000000000000000000e+00 0.000000000000000000e+00 0.000000000000000000e+00 0.000000000000000000e+00 0.000000000000000000e+00 0.000000000000000000e+00 0.000000000000000000e+00 0.000000000000000000e+00 0.000000000000000000e+00 0.000000000000000000e+00 0.000000000000000000e+00 0.000000000000000000e+00 0.000000000000000000e+00 0.000000000000000000e+00 0.000000000000000000e+00 0.000000000000000000e+00 1.000000000000000000e+00 2.442036601096823911e-01 1.169784878491319513e-01 1.293926904741214745e+00 7.160151984565069627e-01 -1.731631421982693597e+00 -5.619549398402119422e-01 -3.130310396657191019e-01 -1.021856572571447908e-01 -2.491146506485514625e-02 2.141220648833165319e-01 -3.549524001215510066e-02 7.363836385522913863e-01 4.625321537014297490e-01 1.428606943765859727e+00 1.264221583916199654e+00 -7.253732481618148098e-01 6.757699308829878682e-01 5.767951068936782999e-01 1.507322049797121144e+00 4.365960271301186357e-01 -3.513659856850857577e-01 -1.023387078911976555e+00 -3.108312223159525045e-01 1.369350146154847403e+00 7.129939365759092595e-01
0.000000000000000000e+00 0.000000000000000000e+00 0.000000000000000000e+00 0.000000000000000000e+00 0.000000000000000000e+00 0.000000000000000000e+00 0.000000000000000000e+00 0.000000000000000000e+00 0.000000000000000000e+00 0.000000000000000000e+00 0.000000000000000000e+00 0.000000000000000000e+00 0.000000000000000000e+00 0.000000000000000000e+00 0.000000000000000000e+00 0.000000000000000000e+00 0.000000000000000000e+00 0.000000000000000000e+00 0.000000000000000000e+00 0.000000000000000000e+00 0.000000000000000000e+00 0.000000000000000000e+00 0.000000000000000000e+00 0.000000000000000000e+00 0.000000000000000000e+00 0.000000000000000000e+00 0.000000000000000000e+00 0.000000000000000000e+00 0.000000000000000000e+00 0.000000000000000000e+00 0.000000000000000000e+00 0.000000000000000000e+00 0.000000000000000000e+00 0.000000000000000000e+00 0.000000000000000000e+00 0.000000000000000000e+00 0.000000000000000000e+00 0.000000000000000000e+00 0.000000000000000000e+00 0.000000000000000000e+00 0.000000000000000000e+00 0.000000000000000000e+00 0.000000000000000000e+00 0.000000000000000000e+00 0.000000000000000000e+00 0.000000000000000000e+00 0.000000000000000000e+00 0.000000000000000000e+00 0.000000000000000000e+00 0.000000000000000000e+00 0.000000000000000000e+00 0.000000000000000000e+00 0.000000000000000000e+00 0.000000000000000000e+00 0.000000000000000000e+00 0.000000000000000000e+00 0.000000000000000000e+00 0.000000000000000000e+00 0.000000000000000000e+00 0.000000000000000000e+00 0.000000000000000000e+00 0.000000000000000000e+00 0.000000000000000000e+00 0.000000000000000000e+00 0.000000000000000000e+00 0.000000000000000000e+00 0.000000000000000000e+00 0.000000000000000000e+00 0.000000000000000000e+00 0.000000000000000000e+00 0.000000000000000000e+00 0.000000000000000000e+00 0.000000000000000000e+00 0.000000000000000000e+00 0.000000000000000000e+00 1.000000000000000000e+00 6.207821011327657734e-01 -1.005962695606911428e+00 -4.252705086341789786e-01 -2.075257999921650498e+00 -4.774551902763540245e-01 -3.493214208045914981e-01 -5.152706894304263097e-01 -2.636942136362167566e-01 -1.231436606435367898e+00 6.278958884296732545e-01 -6.078055839561395945e-01 7.720118565083893269e-01 5.961685011498977366e-02 6.161776162456915618e-01 4.249641842955309556e-01 5.244203948262462500e-01 -2.386470474072882042e-01 1.830034101330064722e+00 -7.800786483709567509e-01 -2.750965298301347173e-01 -1.028870267234262670e+00 -9.650731105818793898e-01 2.377127967788242646e+00 2.154050493194821225e-01
0.000000000000000000e+00 0.000000000000000000e+00 0.000000000000000000e+00 0.000000000000000000e+00 0.000000000000000000e+00 0.000000000000000000e+00 0.000000000000000000e+00 0.000000000000000000e+00 0.000000000000000000e+00 0.000000000000000000e+00 0.000000000000000000e+00 0.000000000000000000e+00 0.000000000000000000e+00 0.000000000000000000e+00 0.000000000000000000e+00 0.000000000000000000e+00 0.000000000000000000e+00 0.000000000000000000e+00 0.000000000000000000e+00 0.000000000000000000e+00 0.000000000000000000e+00 0.000000000000000000e+00 0.000000000000000000e+00 0.000000000000000000e+00 0.000000000000000000e+00 0.000000000000000000e+00 0.000000000000000000e+00 0.000000000000000000e+00 0.000000000000000000e+00 0.000000000000000000e+00 0.000000000000000000e+00 0.000000000000000000e+00 0.000000000000000000e+00 0.000000000000000000e+00 0.000000000000000000e+00 0.000000000000000000e+00 0.000000000000000000e+00 0.000000000000000000e+00 0.000000000000000000e+00 0.000000000000000000e+00 0.000000000000000000e+00 0.000000000000000000e+00 0.000000000000000000e+00 0.000000000000000000e+00 0.000000000000000000e+00 0.000000000000000000e+00 0.000000000000000000e+00 0.000000000000000000e+00 0.000000000000000000e+00 0.000000000000000000e+00 0.000000000000000000e+00 0.000000000000000000e+00 0.000000000000000000e+00 0.000000000000000000e+00 0.000000000000000000e+00 0.000000000000000000e+00 0.000000000000000000e+00 0.000000000000000000e+00 0.000000000000000000e+00 0.000000000000000000e+00 0.000000000000000000e+00 0.000000000000000000e+00 0.000000000000000000e+00 0.000000000000000000e+00 0.000000000000000000e+00 0.000000000000000000e+00 0.000000000000000000e+00 0.000000000000000000e+00 0.000000000000000000e+00 0.000000000000000000e+00 0.000000000000000000e+00 0.000000000000000000e+00 0.000000000000000000e+00 0.000000000000000000e+00 0.000000000000000000e+00 0.000000000000000000e+00 1.000000000000000000e+00 3.564708663487979323e-01 -1.403403751438742630e-01 1.243088415301110278e-01 -3.346673192429585608e-01 3.719902754865639372e-01 2.420590329508544997e-02 -2.097214362330380721e-01 -1.742895547251472887e-01 4.589720536742893792e-02 4.700447296265904962e-01 3.553914185937047665e-01 -6.904960926582849601e-02 6.778177283811854803e-01 -4.883247195657139383e-01 -3.475670190362024070e-01 2.029896883533168217e-01 -4.852084472737687171e-01 2.656436891268007527e-01 7.909258345298655346e-01 -8.685548749535946245e-01 -1.312418794968416957e+00 -3.744034569880643759e-01 -5.499873041658873696e-01
0.000000000000000000e+00 0.000000000000000000e+00 0.000000000000000000e+00 0.000000000000000000e+00 0.000000000000000000e+00 0.000000000000000000e+00 0.000000000000000000e+00 0.000000000000000000e+00 0.000000000000000000e+00 0.000000000000000000e+00 0.000000000000000000e+00 0.000000000000000000e+00 0.000000000000000000e+00 0.000000000000000000e+00 0.000000000000000000e+00 0.000000000000000000e+00 0.000000000000000000e+00 0.000000000000000000e+00 0.000000000000000000e+00 0.000000000000000000e+00 0.000000000000000000e+00 0.000000000000000000e+00 0.000000000000000000e+00 0.000000000000000000e+00 0.000000000000000000e+00 0.000000000000000000e+00 0.000000000000000000e+00 0.000000000000000000e+00 0.000000000000000000e+00 0.000000000000000000e+00 0.000000000000000000e+00 0.000000000000000000e+00 0.000000000000000000e+00 0.000000000000000000e+00 0.000000000000000000e+00 0.000000000000000000e+00 0.000000000000000000e+00 0.000000000000000000e+00 0.000000000000000000e+00 0.000000000000000000e+00 0.000000000000000000e+00 0.000000000000000000e+00 0.000000000000000000e+00 0.000000000000000000e+00 0.000000000000000000e+00 0.000000000000000000e+00 0.000000000000000000e+00 0.000000000000000000e+00 0.000000000000000000e+00 0.000000000000000000e+00 0.000000000000000000e+00 0.000000000000000000e+00 0.000000000000000000e+00 0.000000000000000000e+00 0.000000000000000000e+00 0.000000000000000000e+00 0.000000000000000000e+00 0.000000000000000000e+00 0.000000000000000000e+00 0.000000000000000000e+00 0.000000000000000000e+00 0.000000000000000000e+00 0.000000000000000000e+00 0.000000000000000000e+00 0.000000000000000000e+00 0.000000000000000000e+00 0.000000000000000000e+00 0.000000000000000000e+00 0.000000000000000000e+00 0.000000000000000000e+00 0.000000000000000000e+00 0.000000000000000000e+00 0.000000000000000000e+00 0.000000000000000000e+00 0.000000000000000000e+00 0.000000000000000000e+00 0.000000000000000000e+00 1.000000000000000000e+00 4.241961744598735651e-01 -1.332160132335981961e+00 -1.172503666475152029e-01 -4.119092854901895140e-01 -5.064565525676769653e-01 2.450809302738441720e-01 3.495854328999691285e-01 -9.460076360809805962e-01 5.754777045733574375e-02 -3.411774131147024547e-02 7.528733767996932391e-01 6.823829654080537654e-01 6.044754942753909066e-02 4.890402931995748714e-01 2.149592258182892457e-01 1.299867361082590600e+00 1.457464700748096476e-01 -1.253577860094149177e+00 -6.494930151304613153e-01 1.705957794999476140e-01 8.911331698731248530e-01 7.900985060318086450e-01
0.000000000000000000e+00 0.000000000000000000e+00 0.000000000000000000e+00 0.000000000000000000e+00 0.000000000000000000e+00 0.000000000000000000e+00 0.000000000000000000e+00 0.000000000000000000e+00 0.000000000000000000e+00 0.000000000000000000e+00 0.000000000000000000e+00 0.000000000000000000e+00 0.000000000000000000e+00 0.000000000000000000e+00 0.000000000000000000e+00 0.000000000000000000e+00 0.000000000000000000e+00 0.000000000000000000e+00 0.000000000000000000e+00 0.000000000000000000e+00 0.000000000000000000e+00 0.000000000000000000e+00 0.000000000000000000e+00 0.000000000000000000e+00 0.000000000000000000e+00 0.000000000000000000e+00 0.000000000000000000e+00 0.000000000000000000e+00 0.000000000000000000e+00 0.000000000000000000e+00 0.000000000000000000e+00 0.000000000000000000e+00 0.000000000000000000e+00 0.000000000000000000e+00 0.000000000000000000e+00 0.000000000000000000e+00 0.000000000000000000e+00 0.000000000000000000e+00 0.000000000000000000e+00 0.000000000000000000e+00 0.000000000000000000e+00 0.000000000000000000e+00 0.000000000000000000e+00 0.000000000000000000e+00 0.000000000000000000e+00 0.000000000000000000e+00 0.000000000000000000e+00 0.000000000000000000e+00 0.000000000000000000e+00 0.000000000000000000e+00 0.000000000000000000e+00 0.000000000000000000e+00 0.000000000000000000e+00 0.000000000000000000e+00 0.000000000000000000e+00 0.000000000000000000e+00 0.000000000000000000e+00 0.000000000000000000e+00 0.000000000000000000e+00 0.000000000000000000e+00 0.000000000000000000e+00 0.000000000000000000e+00 0.000000000000000000e+00 0.000000000000000000e+00 0.000000000000000000e+00 0.000000000000000000e+00 0.000000000000000000e+00 0.000000000000000000e+00 0.000000000000000000e+00 0.000000000000000000e+00 0.000000000000000000e+00 0.000000000000000000e+00 0.000000000000000000e+00 0.000000000000000000e+00 0.000000000000000000e+00 0.000000000000000000e+00 0.000000000000000000e+00 0.000000000000000000e+00 1.000000000000000000e+00 -4.180245148976682685e+02 -2.043519270365733576e+02 5.588535930448236400e+01 -4.199277181982507301e+01 -1.287605367270519992e+02 -1.727604441075304464e+02 -2.509931902198189846e+01 -1.515272204958093027e+02 2.215835343369077179e+02 2.059334297628783759e+02 1.097370916577363857e+02 1.719054610207797111e+02 -5.972382234622207164e+01 1.439686287866168186e+02 2.223968461206990241e+02 -1.302016692134666869e+02 -1.091721699979301690e+02 -2.535040216392123398e+02 -8.584486500858460545e+01 3.346103517818989417e+02 1.084248001683643281e+02
0.000000000000000000e+00 0.000000000000000000e+00 0.000000000000000000e+00 0.000000000000000000e+00 0.000000000000000000e+00 0.000000000000000000e+00 0.000000000000000000e+00 0.000000000000000000e+00 0.000000000000000000e+00 0.000000000000000000e+00 0.000000000000000000e+00 0.000000000000000000e+00 0.000000000000000000e+00 0.000000000000000000e+00 0.000000000000000000e+00 0.000000000000000000e+00 0.000000000000000000e+00 0.000000000000000000e+00 0.000000000000000000e+00 0.000000000000000000e+00 0.000000000000000000e+00 0.000000000000000000e+00 0.000000000000000000e+00 0.000000000000000000e+00 0.000000000000000000e+00 0.000000000000000000e+00 0.000000000000000000e+00 0.000000000000000000e+00 0.000000000000000000e+00 0.000000000000000000e+00 0.000000000000000000e+00 0.000000000000000000e+00 0.000000000000000000e+00 0.000000000000000000e+00 0.000000000000000000e+00 0.000000000000000000e+00 0.000000000000000000e+00 0.000000000000000000e+00 0.000000000000000000e+00 0.000000000000000000e+00 0.000000000000000000e+00 0.000000000000000000e+00 0.000000000000000000e+00 0.000000000000000000e+00 0.000000000000000000e+00 0.000000000000000000e+00 0.000000000000000000e+00 0.000000000000000000e+00 0.000000000000000000e+00 0.000000000000000000e+00 0.000000000000000000e+00 0.000000000000000000e+00 0.000000000000000000e+00 0.000000000000000000e+00 0.000000000000000000e+00 0.000000000000000000e+00 0.000000000000000000e+00 0.000000000000000000e+00 0.000000000000000000e+00 0.000000000000000000e+00 0.000000000000000000e+00 0.000000000000000000e+00 0.000000000000000000e+00 0.000000000000000000e+00 0.000000000000000000e+00 0.000000000000000000e+00 0.000000000000000000e+00 0.000000000000000000e+00 0.000000000000000000e+00 0.000000000000000000e+00 0.000000000000000000e+00 0.000000000000000000e+00 0.000000000000000000e+00 0.000000000000000000e+00 0.000000000000000000e+00 0.000000000000000000e+00 0.000000000000000000e+00 0.000000000000000000e+00 0.000000000000000000e+00 1.000000000000000000e+00 4.901596983299655319e-01 -1.408214328598452192e-01 9.947371753266523453e-02 3.096062133453043042e-01 4.177829317045151925e-01 5.799299834039221835e-02 3.629336885503912091e-01 -5.342473087080109595e-01 -4.943789762927668363e-01 -2.599529989382053374e-01 -4.141191490495329530e-01 1.477165645415878248e-01 -3.462211954614385911e-01 -5.318640713573876688e-01 3.133182354884820886e-01 2.590051222516722151e-01 6.079387143514878300e-01 2.033380839832081011e-01 -7.970725474801078070e-01 -2.604244391919805501e-01
0.000000000000000000e+00 0.000000000000000000e+00 0.000000000000000000e+00 0.000000000000000000e+00 0.000000000000000000e+00 0.000000000000000000e+00 0.000000000000000000e+00 0.000000000000000000e+00 0.000000000000000000e+00 0.000000000000000000e+00 0.000000000000000000e+00 0.000000000000000000e+00 0.000000000000000000e+00 0.000000000000000000e+00 0.000000000000000000e+00 0.000000000000000000e+00 0.000000000000000000e+00 0.000000000000000000e+00 0.000000000000000000e+00 0.000000000000000000e+00 0.000000000000000000e+00 0.000000000000000000e+00 0.000000000000000000e+00 0.000000000000000000e+00 0.000000000000000000e+00 0.000000000000000000e+00 0.000000000000000000e+00 0.000000000000000000e+00 0.000000000000000000e+00 0.000000000000000000e+00 0.000000000000000000e+00 0.000000000000000000e+00 0.000000000000000000e+00 0.000000000000000000e+00 0.000000000000000000e+00 0.000000000000000000e+00 0.000000000000000000e+00 0.000000000000000000e+00 0.000000000000000000e+00 0.000000000000000000e+00 0.000000000000000000e+00 0.000000000000000000e+00 0.000000000000000000e+00 0.000000000000000000e+00 0.000000000000000000e+00 0.000000000000000000e+00 0.000000000000000000e+00 0.000000000000000000e+00 0.000000000000000000e+00 0.000000000000000000e+00 0.000000000000000000e+00 0.000000000000000000e+00 0.000000000000000000e+00 0.000000000000000000e+00 0.000000000000000000e+00 0.000000000000000000e+00 0.000000000000000000e+00 0.000000000000000000e+00 0.000000000000000000e+00 0.000000000000000000e+00 0.000000000000000000e+00 0.000000000000000000e+00 0.000000000000000000e+00 0.000000000000000000e+00 0.000000000000000000e+00 0.000000000000000000e+00 0.000000000000000000e+00 0.000000000000000000e+00 0.000000000000000000e+00 0.000000000000000000e+00 0.000000000000000000e+00 0.000000000000000000e+00 0.000000000000000000e+00 0.000000000000000000e+00 0.000000000000000000e+00 0.000000000000000000e+00 0.000000000000000000e+00 0.000000000000000000e+00 0.000000000000000000e+00 0.000000000000000000e+00 1.000000000000000000e+00 -2.705586837650723608e-01 1.114903591689981738e-01 8.749575223249018707e-01 2.036161416152287629e+00 -5.887601179462729206e-01 1.402644486119899669e+00 -1.264631256599020315e+00 -9.949061400318345294e-01 1.159149303858409752e+00 -2.350354894148945384e+00 1.104129422921108272e+00 1.636764728634384491e-01 -2.320769052911459893e-02 8.127822878514804339e-01 2.467656770596333704e-01 7.599416557647356019e-01 -2.361142655701908288e-01 4.310406909587091023e-02 -1.075499705624839014e-01
0.000000000000000000e+00 0.000000000000000000e+00 0.000000000000000000e+00 0.000000000000000000e+00 0.000000000000000000e+00 0.000000000000000000e+00 0.000000000000000000e+00 0.000000000000000000e+00 0.000000000000000000e+00 0.000000000000000000e+00 0.000000000000000000e+00 0.000000000000000000e+00 0.000000000000000000e+00 0.000000000000000000e+00 0.000000000000000000e+00 0.000000000000000000e+00 0.000000000000000000e+00 0.000000000000000000e+00 0.000000000000000000e+00 0.000000000000000000e+00 0.000000000000000000e+00 0.000000000000000000e+00 0.000000000000000000e+00 0.000000000000000000e+00 0.000000000000000000e+00 0.000000000000000000e+00 0.000000000000000000e+00 0.000000000000000000e+00 0.000000000000000000e+00 0.000000000000000000e+00 0.000000000000000000e+00 0.000000000000000000e+00 0.000000000000000000e+00 0.000000000000000000e+00 0.000000000000000000e+00 0.000000000000000000e+00 0.000000000000000000e+00 0.000000000000000000e+00 0.000000000000000000e+00 0.000000000000000000e+00 0.000000000000000000e+00 0.000000000000000000e+00 0.000000000000000000e+00 0.000000000000000000e+00 0.000000000000000000e+00 0.000000000000000000e+00 0.000000000000000000e+00 0.000000000000000000e+00 0.000000000000000000e+00 0.000000000000000000e+00 0.000000000000000000e+00 0.000000000000000000e+00 0.000000000000000000e+00 0.000000000000000000e+00 0.000000000000000000e+00 0.000000000000000000e+00 0.000000000000000000e+00 0.000000000000000000e+00 0.000000000000000000e+00 0.000000000000000000e+00 0.000000000000000000e+00 0.000000000000000000e+00 0.000000000000000000e+00 0.000000000000000000e+00 0.000000000000000000e+00 0.000000000000000000e+00 0.000000000000000000e+00 0.000000000000000000e+00 0.000000000000000000e+00 0.000000000000000000e+00 0.000000000000000000e+00 0.000000000000000000e+00 0.000000000000000000e+00 0.000000000000000000e+00 0.000000000000000000e+00 0.000000000000000000e+00 0.000000000000000000e+00 0.000000000000000000e+00 0.000000000000000000e+00 0.000000000000000000e+00 0.000000000000000000e+00 1.000000000000000000e+00 -1.092543907381634954e-01 -1.075563795408722156e-01 -9.749173161008978239e-01 -7.763468109745836898e-01 -1.045308631799586996e+00 1.790763808099565535e-01 3.391362860080474606e-01 -1.272085777655217020e+00 1.893502011316262168e+00 -2.715170354216006054e-01 -6.793568669618296196e-01 -1.544090142776974595e-01 -4.190898300098093721e-01 -1.636413246625222362e+00 -5.397722829541161671e-01 2.305747636535077749e+00 -2.183817740672772123e-01 8.983705315621913767e-01
0.000000000000000000e+00 0.000000000000000000e+00 0.000000000000000000e+00 0.000000000000000000e+00 0.000000000000000000e+00 0.000000000000000000e+00 0.000000000000000000e+00 0.000000000000000000e+00 0.000000000000000000e+00 0.000000000000000000e+00 0.000000000000000000e+00 0.000000000000000000e+00 0.000000000000000000e+00 0.000000000000000000e+00 0.000000000000000000e+00 0.000000000000000000e+00 0.000000000000000000e+00 0.000000000000000000e+00 0.000000000000000000e+00 0.000000000000000000e+00 0.000000000000000000e+00 0.000000000000000000e+00 0.000000000000000000e+00 0.000000000000000000e+00 0.000000000000000000e+00 0.000000000000000000e+00 0.000000000000000000e+00 0.000000000000000000e+00 0.000000000000000000e+00 0.000000000000000000e+00 0.000000000000000000e+00 0.000000000000000000e+00 0.000000000000000000e+00 0.000000000000000000e+00 0.000000000000000000e+00 0.000000000000000000e+00 0.000000000000000000e+00 0.000000000000000000e+00 0.000000000000000000e+00 0.000000000000000000e+00 0.000000000000000000e+00 0.000000000000000000e+00 0.000000000000000000e+00 0.000000000000000000e+00 0.000000000000000000e+00 0.000000000000000000e+00 0.000000000000000000e+00 0.000000000000000000e+00 0.000000000000000000e+00 0.000000000000000000e+00 0.000000000000000000e+00 0.000000000000000000e+00 0.000000000000000000e+00 0.000000000000000000e+00 0.000000000000000000e+00 0.000000000000000000e+00 0.000000000000000000e+00 0.000000000000000000e+00 0.000000000000000000e+00 0.000000000000000000e+00 0.000000000000000000e+00 0.000000000000000000e+00 0.000000000000000000e+00 0.000000000000000000e+00 0.000000000000000000e+00 0.000000000000000000e+00 0.000000000000000000e+00 0.000000000000000000e+00 0.000000000000000000e+00 0.000000000000000000e+00 0.000000000000000000e+00 0.000000000000000000e+00 0.000000000000000000e+00 0.000000000000000000e+00 0.000000000000000000e+00 0.000000000000000000e+00 0.000000000000000000e+00 0.000000000000000000e+00 0.000000000000000000e+00 0.000000000000000000e+00 0.000000000000000000e+00 0.000000000000000000e+00 1.000000000000000000e+00 -5.786875937388039626e-01 2.101765241937924689e+00 2.127672583896605296e+00 2.698238387482649880e+00 3.010171917549255283e-01 4.861528971062635263e-01 2.228196589871100475e+00 -5.001146895821979577e+00 -1.822179292856863864e+00 2.066673652530846894e+00 1.770160915518661227e-01 1.811892661176751629e+00 4.929269494839297217e+00 6.367740195343848386e-01 -4.881311690617822663e+00 -3.052732085761166170e-01 -1.651887408690029924e+00
0.000000000000000000e+00 0.000000000000000000e+00 0.000000000000000000e+00 0.000000000000000000e+00 0.000000000000000000e+00 0.000000000000000000e+00 0.000000000000000000e+00 0.000000000000000000e+00 0.000000000000000000e+00 0.000000000000000000e+00 0.000000000000000000e+00 0.000000000000000000e+00 0.000000000000000000e+00 0.000000000000000000e+00 0.000000000000000000e+00 0.000000000000000000e+00 0.000000000000000000e+00 0.000000000000000000e+00 0.000000000000000000e+00 0.000000000000000000e+00 0.000000000000000000e+00 0.000000000000000000e+00 0.000000000000000000e+00 0.000000000000000000e+00 0.000000000000000000e+00 0.000000000000000000e+00 0.000000000000000000e+00 0.000000000000000000e+00 0.000000000000000000e+00 0.000000000000000000e+00 0.000000000000000000e+00 0.000000000000000000e+00 0.000000000000000000e+00 0.000000000000000000e+00 0.000000000000000000e+00 0.000000000000000000e+00 0.000000000000000000e+00 0.000000000000000000e+00 0.000000000000000000e+00 0.000000000000000000e+00 0.000000000000000000e+00 0.000000000000000000e+00 0.000000000000000000e+00 0.000000000000000000e+00 0.000000000000000000e+00 0.000000000000000000e+00 0.000000000000000000e+00 0.000000000000000000e+00 0.000000000000000000e+00 0.000000000000000000e+00 0.000000000000000000e+00 0.000000000000000000e+00 0.000000000000000000e+00 0.000000000000000000e+00 0.000000000000000000e+00 0.000000000000000000e+00 0.000000000000000000e+00 0.000000000000000000e+00 0.000000000000000000e+00 0.000000000000000000e+00 0.000000000000000000e+00 0.000000000000000000e+00 0.000000000000000000e+00 0.000000000000000000e+00 0.000000000000000000e+00 0.000000000000000000e+00 0.000000000000000000e+00 0.000000000000000000e+00 0.000000000000000000e+00 0.000000000000000000e+00 0.000000000000000000e+00 0.000000000000000000e+00 0.000000000000000000e+00 0.000000000000000000e+00 0.000000000000000000e+00 0.000000000000000000e+00 0.000000000000000000e+00 0.000000000000000000e+00 0.000000000000000000e+00 0.000000000000000000e+00 0.000000000000000000e+00 0.000000000000000000e+00 0.000000000000000000e+00 1.000000000000000000e+00 -2.667431242067160646e+00 -2.038225004960314557e+00 -4.400958518585628809e+00 5.264943383011962963e-01 -4.567432904456594223e-01 -3.643200856924553310e+00 8.132613931795264151e+00 3.026255740737571642e+00 -1.110628183848064499e+00 8.515723519461001478e-01 -3.145404244061976051e+00 -6.774647269422364282e+00 -1.797809264656794748e-01 5.355312619840961297e+00 -3.455413295162623744e-01 2.335345161829489591e+00
0.000000000000000000e+00 0.000000000000000000e+00 0.000000000000000000e+00 0.000000000000000000e+00 0.000000000000000000e+00 0.000000000000000000e+00 0.000000000000000000e+00 0.000000000000000000e+00 0.000000000000000000e+00 0.000000000000000000e+00 0.000000000000000000e+00 0.000000000000000000e+00 0.000000000000000000e+00 0.000000000000000000e+00 0.000000000000000000e+00 0.000000000000000000e+00 0.000000000000000000e+00 0.000000000000000000e+00 0.000000000000000000e+00 0.000000000000000000e+00 0.000000000000000000e+00 0.000000000000000000e+00 0.000000000000000000e+00 0.000000000000000000e+00 0.000000000000000000e+00 0.000000000000000000e+00 0.000000000000000000e+00 0.000000000000000000e+00 0.000000000000000000e+00 0.000000000000000000e+00 0.000000000000000000e+00 0.000000000000000000e+00 0.000000000000000000e+00 0.000000000000000000e+00 0.000000000000000000e+00 0.000000000000000000e+00 0.000000000000000000e+00 0.000000000000000000e+00 0.000000000000000000e+00 0.000000000000000000e+00 0.000000000000000000e+00 0.000000000000000000e+00 0.000000000000000000e+00 0.000000000000000000e+00 0.000000000000000000e+00 0.000000000000000000e+00 0.000000000000000000e+00 0.000000000000000000e+00 0.000000000000000000e+00 0.000000000000000000e+00 0.000000000000000000e+00 0.000000000000000000e+00 0.000000000000000000e+00 0.000000000000000000e+00 0.000000000000000000e+00 0.000000000000000000e+00 0.000000000000000000e+00 0.000000000000000000e+00 0.000000000000000000e+00 0.000000000000000000e+00 0.000000000000000000e+00 0.000000000000000000e+00 0.000000000000000000e+00 0.000000000000000000e+00 0.000000000000000000e+00 0.000000000000000000e+00 0.000000000000000000e+00 0.000000000000000000e+00 0.000000000000000000e+00 0.000000000000000000e+00 0.000000000000000000e+00 0.000000000000000000e+00 0.000000000000000000e+00 0.000000000000000000e+00 0.000000000000000000e+00 0.000000000000000000e+00 0.000000000000000000e+00 0.000000000000000000e+00 0.000000000000000000e+00 0.000000000000000000e+00 0.000000000000000000e+00 0.000000000000000000e+00 0.000000000000000000e+00 0.000000000000000000e+00 1.000000000000000000e+00 -3.034483352266326706e-01 9.242440756971741500e-01 -5.188813821485517286e-01 -1.442522399153426116e-01 1.288316517762606805e+00 -2.260408858755568406e+00 -3.461489724949050606e-01 3.642027545254688525e-01 -1.034370822515484845e+00 5.745720427513048012e-01 7.125100505218293634e-01 7.398563941099887964e-02 -7.343696782091702069e-01 -2.993215780692413119e-01 -7.057240096940161633e-01
0.000000000000000000e+00 0.000000000000000000e+00 0.000000000000000000e+00 0.000000000000000000e+00 0.000000000000000000e+00 0.000000000000000000e+00 0.000000000000000000e+00 0.000000000000000000e+00 0.000000000000000000e+00 0.000000000000000000e+00 0.000000000000000000e+00 0.000000000000000000e+00 0.000000000000000000e+00 0.000000000000000000e+00 0.000000000000000000e+00 0.000000000000000000e+00 0.000000000000000000e+00 0.000000000000000000e+00 0.000000000000000000e+00 0.000000000000000000e+00 0.000000000000000000e+00 0.000000000000000000e+00 0.000000000000000000e+00 0.000000000000000000e+00 0.000000000000000000e+00 0.000000000000000000e+00 0.000000000000000000e+00 0.000000000000000000e+00 0.000000000000000000e+00 0.000000000000000000e+00 0.000000000000000000e+00 0.000000000000000000e+00 0.000000000000000000e+00 0.000000000000000000e+00 0.000000000000000000e+00 0.000000000000000000e+00 0.000000000000000000e+00 0.000000000000000000e+00 0.000000000000000000e+00 0.000000000000000000e+00 0.000000000000000000e+00 0.000000000000000000e+00 0.000000000000000000e+00 0.000000000000000000e+00 0.000000000000000000e+00 0.000000000000000000e+00 0.000000000000000000e+00 0.000000000000000000e+00 0.000000000000000000e+00 0.000000000000000000e+00 0.000000000000000000e+00 0.000000000000000000e+00 0.000000000000000000e+00 0.000000000000000000e+00 0.000000000000000000e+00 0.000000000000000000e+00 0.000000000000000000e+00 0.000000000000000000e+00 0.000000000000000000e+00 0.000000000000000000e+00 0.000000000000000000e+00 0.000000000000000000e+00 0.000000000000000000e+00 0.000000000000000000e+00 0.000000000000000000e+00 0.000000000000000000e+00 0.000000000000000000e+00 0.000000000000000000e+00 0.000000000000000000e+00 0.000000000000000000e+00 0.000000000000000000e+00 0.000000000000000000e+00 0.000000000000000000e+00 0.000000000000000000e+00 0.000000000000000000e+00 0.000000000000000000e+00 0.000000000000000000e+00 0.000000000000000000e+00 0.000000000000000000e+00 0.000000000000000000e+00 0.000000000000000000e+00 0.000000000000000000e+00 0.000000000000000000e+00 0.000000000000000000e+00 0.000000000000000000e+00 1.000000000000000000e+00 4.916528654869641302e-01 5.262829712107555125e-01 -2.750768413966730302e-02 1.132036393163006749e-01 -4.176398682566696552e-01 -1.725789516888310005e-01 1.875210232151280354e-01 1.004624683988680545e+00 1.679498210789744372e-01 1.470503063292200929e+00 1.493864460798061122e-01 -1.290246836684280529e+00 4.171952878273991194e-01 3.641524309829193701e-03
0.000000000000000000e+00 0.000000000000000000e+00 0.000000000000000000e+00 0.000000000000000000e+00 0.000000000000000000e+00 0.000000000000000000e+00 0.000000000000000000e+00 0.000000000000000000e+00 0.000000000000000000e+00 0.000000000000000000e+00 0.000000000000000000e+00 0.000000000000000000e+00 0.000000000000000000e+00 0.000000000000000000e+00 0.000000000000000000e+00 0.000000000000000000e+00 0.000000000000000000e+00 0.000000000000000000e+00 0.000000000000000000e+00 0.000000000000000000e+00 0.000000000000000000e+00 0.000000000000000000e+00 0.000000000000000000e+00 0.000000000000000000e+00 0.000000000000000000e+00 0.000000000000000000e+00 0.000000000000000000e+00 0.000000000000000000e+00 0.000000000000000000e+00 0.000000000000000000e+00 0.000000000000000000e+00 0.000000000000000000e+00 0.000000000000000000e+00 0.000000000000000000e+00 0.000000000000000000e+00 0.000000000000000000e+00 0.000000000000000000e+00 0.000000000000000000e+00 0.000000000000000000e+00 0.000000000000000000e+00 0.000000000000000000e+00 0.000000000000000000e+00 0.000000000000000000e+00 0.000000000000000000e+00 0.000000000000000000e+00 0.000000000000000000e+00 0.000000000000000000e+00 0.000000000000000000e+00 0.000000000000000000e+00 0.000000000000000000e+00 0.000000000000000000e+00 0.000000000000000000e+00 0.000000000000000000e+00 0.000000000000000000e+00 0.000000000000000000e+00 0.000000000000000000e+00 0.000000000000000000e+00 0.000000000000000000e+00 0.000000000000000000e+00 0.000000000000000000e+00 0.000000000000000000e+00 0.000000000000000000e+00 0.000000000000000000e+00 0.000000000000000000e+00 0.000000000000000000e+00 0.000000000000000000e+00 0.000000000000000000e+00 0.000000000000000000e+00 0.000000000000000000e+00 0.000000000000000000e+00 0.000000000000000000e+00 0.000000000000000000e+00 0.000000000000000000e+00 0.000000000000000000e+00 0.000000000000000000e+00 0.000000000000000000e+00 0.000000000000000000e+00 0.000000000000000000e+00 0.000000000000000000e+00 0.000000000000000000e+00 0.000000000000000000e+00 0.000000000000000000e+00 0.000000000000000000e+00 0.000000000000000000e+00 0.000000000000000000e+00 0.000000000000000000e+00 1.000000000000000000e+00 -2.697587525306789358e-01 -6.813031811140812799e-02 1.065206398373834462e+00 -1.089673034282607977e+00 2.777736005864204771e-01 8.203135975003488234e-01 -6.244895977714927104e-01 -3.115410368094950755e-01 -1.559035658864915130e-01 -2.146259638329572894e-02 -1.893705898431551071e-01 -9.199129985367028306e-01 -6.378965773327520683e-01
0.000000000000000000e+00 0.000000000000000000e+00 0.000000000000000000e+00 0.000000000000000000e+00 0.000000000000000000e+00 0.000000000000000000e+00 0.000000000000000000e+00 0.000000000000000000e+00 0.000000000000000000e+00 0.000000000000000000e+00 0.000000000000000000e+00 0.000000000000000000e+00 0.000000000000000000e+00 0.000000000000000000e+00 0.000000000000000000e+00 0.000000000000000000e+00 0.000000000000000000e+00 0.000000000000000000e+00 0.000000000000000000e+00 0.000000000000000000e+00 0.000000000000000000e+00 0.000000000000000000e+00 0.000000000000000000e+00 0.000000000000000000e+00 0.000000000000000000e+00 0.000000000000000000e+00 0.000000000000000000e+00 0.000000000000000000e+00 0.000000000000000000e+00 0.000000000000000000e+00 0.000000000000000000e+00 0.000000000000000000e+00 0.000000000000000000e+00 0.000000000000000000e+00 0.000000000000000000e+00 0.000000000000000000e+00 0.000000000000000000e+00 0.000000000000000000e+00 0.000000000000000000e+00 0.000000000000000000e+00 0.000000000000000000e+00 0.000000000000000000e+00 0.000000000000000000e+00 0.000000000000000000e+00 0.000000000000000000e+00 0.000000000000000000e+00 0.000000000000000000e+00 0.000000000000000000e+00 0.000000000000000000e+00 0.000000000000000000e+00 0.000000000000000000e+00 0.000000000000000000e+00 0.000000000000000000e+00 0.000000000000000000e+00 0.000000000000000000e+00 0.000000000000000000e+00 0.000000000000000000e+00 0.000000000000000000e+00 0.000000000000000000e+00 0.000000000000000000e+00 0.000000000000000000e+00 0.000000000000000000e+00 0.000000000000000000e+00 0.000000000000000000e+00 0.000000000000000000e+00 0.000000000000000000e+00 0.000000000000000000e+00 0.000000000000000000e+00 0.000000000000000000e+00 0.000000000000000000e+00 0.000000000000000000e+00 0.000000000000000000e+00 0.000000000000000000e+00 0.000000000000000000e+00 0.000000000000000000e+00 0.000000000000000000e+00 0.000000000000000000e+00 0.000000000000000000e+00 0.000000000000000000e+00 0.000000000000000000e+00 0.000000000000000000e+00 0.000000000000000000e+00 0.000000000000000000e+00 0.000000000000000000e+00 0.000000000000000000e+00 0.000000000000000000e+00 0.000000000000000000e+00 1.000000000000000000e+00 -3.606713973566275211e+00 5.049687251450110992e+00 -1.599828537196847034e+00 4.476384046590164978e+00 7.091452602169381336e+00 -2.390775678890268707e-01 -2.131929627130349836e+00 3.431333645178774039e-01 4.762378398748289499e+00 1.762832699805602366e-01 -6.724339209002098805e+00 -1.787372527423899626e+00
0.000000000000000000e+00 0.000000000000000000e+00 0.000000000000000000e+00 0.000000000000000000e+00 0.000000000000000000e+00 0.000000000000000000e+00 0.000000000000000000e+00 0.000000000000000000e+00 0.000000000000000000e+00 0.000000000000000000e+00 0.000000000000000000e+00 0.000000000000000000e+00 0.000000000000000000e+00 0.000000000000000000e+00 0.000000000000000000e+00 0.000000000000000000e+00 0.000000000000000000e+00 0.000000000000000000e+00 0.000000000000000000e+00 0.000000000000000000e+00 0.000000000000000000e+00 0.000000000000000000e+00 0.000000000000000000e+00 0.000000000000000000e+00 0.000000000000000000e+00 0.000000000000000000e+00 0.000000000000000000e+00 0.000000000000000000e+00 0.000000000000000000e+00 0.000000000000000000e+00 0.000000000000000000e+00 0.000000000000000000e+00 0.000000000000000000e+00 0.000000000000000000e+00 0.000000000000000000e+00 0.000000000000000000e+00 0.000000000000000000e+00 0.000000000000000000e+00 0.000000000000000000e+00 0.000000000000000000e+00 0.000000000000000000e+00 0.000000000000000000e+00 0.000000000000000000e+00 0.000000000000000000e+00 0.000000000000000000e+00 0.000000000000000000e+00 0.000000000000000000e+00 0.000000000000000000e+00 0.000000000000000000e+00 0.000000000000000000e+00 0.000000000000000000e+00 0.000000000000000000e+00 0.000000000000000000e+00 0.000000000000000000e+00 0.000000000000000000e+00 0.000000000000000000e+00 0.000000000000000000e+00 0.000000000000000000e+00 0.000000000000000000e+00 0.000000000000000000e+00 0.000000000000000000e+00 0.000000000000000000e+00 0.000000000000000000e+00 0.000000000000000000e+00 0.000000000000000000e+00 0.000000000000000000e+00 0.000000000000000000e+00 0.000000000000000000e+00 0.000000000000000000e+00 0.000000000000000000e+00 0.000000000000000000e+00 0.000000000000000000e+00 0.000000000000000000e+00 0.000000000000000000e+00 0.000000000000000000e+00 0.000000000000000000e+00 0.000000000000000000e+00 0.000000000000000000e+00 0.000000000000000000e+00 0.000000000000000000e+00 0.000000000000000000e+00 0.000000000000000000e+00 0.000000000000000000e+00 0.000000000000000000e+00 0.000000000000000000e+00 0.000000000000000000e+00 0.000000000000000000e+00 0.000000000000000000e+00 1.000000000000000000e+00 4.802051231433281386e-01 -1.581851900066101546e+00 -1.441242196416840260e+00 2.820913573357790027e-01 -2.315215838852359154e-01 5.271775376736015373e-01 9.971327434075538676e-01 -8.637211949111188725e-01 -1.000558538762374106e+00 1.506870511837515580e-01 -3.096660834721444155e-01
0.000000000000000000e+00 0.000000000000000000e+00 0.000000000000000000e+00 0.000000000000000000e+00 0.000000000000000000e+00 0.000000000000000000e+00 0.000000000000000000e+00 0.000000000000000000e+00 0.000000000000000000e+00 0.000000000000000000e+00 0.000000000000000000e+00 0.000000000000000000e+00 0.000000000000000000e+00 0.000000000000000000e+00 0.000000000000000000e+00 0.000000000000000000e+00 0.000000000000000000e+00 0.000000000000000000e+00 0.000000000000000000e+00 0.000000000000000000e+00 0.000000000000000000e+00 0.000000000000000000e+00 0.000000000000000000e+00 0.000000000000000000e+00 0.000000000000000000e+00 0.000000000000000000e+00 0.000000000000000000e+00 0.000000000000000000e+00 0.000000000000000000e+00 0.000000000000000000e+00 0.000000000000000000e+00 0.000000000000000000e+00 0.000000000000000000e+00 0.000000000000000000e+00 0.000000000000000000e+00 0.000000000000000000e+00 0.000000000000000000e+00 0.000000000000000000e+00 0.000000000000000000e+00 0.000000000000000000e+00 0.000000000000000000e+00 0.000000000000000000e+00 0.000000000000000000e+00 0.000000000000000000e+00 0.000000000000000000e+00 0.000000000000000000e+00 0.000000000000000000e+00 0.000000000000000000e+00 0.000000000000000000e+00 0.000000000000000000e+00 0.000000000000000000e+00 0.000000000000000000e+00 0.000000000000000000e+00 0.000000000000000000e+00 0.000000000000000000e+00 0.000000000000000000e+00 0.000000000000000000e+00 0.000000000000000000e+00 0.000000000000000000e+00 0.000000000000000000e+00 0.000000000000000000e+00 0.000000000000000000e+00 0.000000000000000000e+00 0.000000000000000000e+00 0.000000000000000000e+00 0.000000000000000000e+00 0.000000000000000000e+00 0.000000000000000000e+00 0.000000000000000000e+00 0.000000000000000000e+00 0.000000000000000000e+00 0.000000000000000000e+00 0.000000000000000000e+00 0.000000000000000000e+00 0.000000000000000000e+00 0.000000000000000000e+00 0.000000000000000000e+00 0.000000000000000000e+00 0.000000000000000000e+00 0.000000000000000000e+00 0.000000000000000000e+00 0.000000000000000000e+00 0.000000000000000000e+00 0.000000000000000000e+00 0.000000000000000000e+00 0.000000000000000000e+00 0.000000000000000000e+00 0.000000000000000000e+00 0.000000000000000000e+00 1.000000000000000000e+00 -2.309679501633279841e+00 -1.292547461749100401e+00 2.669052613990418710e+00 -6.538828330232412389e-01 -3.295213243803247205e-01 1.514463006372409826e+00 5.741328317322816899e-01 -1.035537970270938191e+00 -3.131212827001466970e+00 -1.102379958938028315e+00
0.000000000000000000e+00 0.000000000000000000e+00 0.000000000000000000e+00 0.000000000000000000e+00 0.000000000000000000e+00 0.000000000000000000e+00 0.000000000000000000e+00 0.000000000000000000e+00 0.000000000000000000e+00 0.000000000000000000e+00 0.000000000000000000e+00 0.000000000000000000e+00 0.000000000000000000e+00 0.000000000000000000e+00 0.000000000000000000e+00 0.000000000000000000e+00 0.000000000000000000e+00 0.000000000000000000e+00 0.000000000000000000e+00 0.000000000000000000e+00 0.000000000000000000e+00 0.000000000000000000e+00 0.000000000000000000e+00 0.000000000000000000e+00 0.000000000000000000e+00 0.000000000000000000e+00 0.000000000000000000e+00 0.000000000000000000e+00 0.000000000000000000e+00 0.000000000000000000e+00 0.000000000000000000e+00 0.000000000000000000e+00 0.000000000000000000e+00 0.000000000000000000e+00 0.000000000000000000e+00 0.000000000000000000e+00 0.000000000000000000e+00 0.000000000000000000e+00 0.000000000000000000e+00 0.000000000000000000e+00 0.000000000000000000e+00 0.000000000000000000e+00 0.000000000000000000e+00 0.000000000000000000e+00 0.000000000000000000e+00 0.000000000000000000e+00 0.000000000000000000e+00 0.000000000000000000e+00 0.000000000000000000e+00 0.000000000000000000e+00 0.000000000000000000e+00 0.000000000000000000e+00 0.000000000000000000e+00 0.000000000000000000e+00 0.000000000000000000e+00 0.000000000000000000e+00 0.000000000000000000e+00 0.000000000000000000e+00 0.000000000000000000e+00 0.000000000000000000e+00 0.000000000000000000e+00 0.000000000000000000e+00 0.000000000000000000e+00 0.000000000000000000e+00 0.000000000000000000e+00 0.000000000000000000e+00 0.000000000000000000e+00 0.000000000000000000e+00 0.000000000000000000e+00 0.000000000000000000e+00 0.000000000000000000e+00 0.000000000000000000e+00 0.000000000000000000e+00 0.000000000000000000e+00 0.000000000000000000e+00 0.000000000000000000e+00 0.000000000000000000e+00 0.000000000000000000e+00 0.000000000000000000e+00 0.000000000000000000e+00 0.000000000000000000e+00 0.000000000000000000e+00 0.000000000000000000e+00 0.000000000000000000e+00 0.000000000000000000e+00 0.000000000000000000e+00 0.000000000000000000e+00 0.000000000000000000e+00 0.000000000000000000e+00 0.000000000000000000e+00 1.000000000000000000e+00 1.050672841445614791e+00 -1.132449728499953956e+00 2.614734810556904043e-01 1.718780393562227282e-01 -9.671486252632854885e-01 -2.335342275651189070e-01 6.019012586338939874e-01 1.662542200215759491e+00 4.750098558825229245e-01
0.000000000000000000e+00 0.000000000000000000e+00 0.000000000000000000e+00 0.000000000000000000e+00 0.000000000000000000e+00 0.000000000000000000e+00 0.000000000000000000e+00 0.000000000000000000e+00 0.000000000000000000e+00 0.000000000000000000e+00 0.000000000000000000e+00 0.000000000000000000e+00 0.000000000000000000e+00 0.000000000000000000e+00 0.000000000000000000e+00 0.000000000000000000e+00 0.000000000000000000e+00 0.000000000000000000e+00 0.000000000000000000e+00 0.000000000000000000e+00 0.000000000000000000e+00 0.000000000000000000e+00 0.000000000000000000e+00 0.000000000000000000e+00 0.000000000000000000e+00 0.000000000000000000e+00 0.000000000000000000e+00 0.000000000000000000e+00 0.000000000000000000e+00 0.000000000000000000e+00 0.000000000000000000e+00 0.000000000000000000e+00 0.000000000000000000e+00 0.000000000000000000e+00 0.000000000000000000e+00 0.000000000000000000e+00 0.000000000000000000e+00 0.000000000000000000e+00 0.000000000000000000e+00 0.000000000000000000e+00 0.000000000000000000e+00 0.000000000000000000e+00 0.000000000000000000e+00 0.000000000000000000e+00 0.000000000000000000e+00 0.000000000000000000e+00 0.000000000000000000e+00 0.000000000000000000e+00 0.000000000000000000e+00 0.000000000000000000e+00 0.000000000000000000e+00 0.000000000000000000e+00 0.000000000000000000e+00 0.000000000000000000e+00 0.000000000000000000e+00 0.000000000000000000e+00 0.000000000000000000e+00 0.000000000000000000e+00 0.000000000000000000e+00 0.000000000000000000e+00 0.000000000000000000e+00 0.000000000000000000e+00 0.000000000000000000e+00 0.000000000000000000e+00 0.000000000000000000e+00 0.000000000000000000e+00 0.000000000000000000e+00 0.000000000000000000e+00 0.000000000000000000e+00 0.000000000000000000e+00 0.000000000000000000e+00 0.000000000000000000e+00 0.000000000000000000e+00 0.000000000000000000e+00 0.000000000000000000e+00 0.000000000000000000e+00 0.000000000000000000e+00 0.000000000000000000e+00 0.000000000000000000e+00 0.000000000000000000e+00 0.000000000000000000e+00 0.000000000000000000e+00 0.000000000000000000e+00 0.000000000000000000e+00 0.000000000000000000e+00 0.000000000000000000e+00 0.000000000000000000e+00 0.000000000000000000e+00 0.000000000000000000e+00 0.000000000000000000e+00 0.000000000000000000e+00 1.000000000000000000e+00 -1.915949287577108029e+00 -6.158994165702906809e-01 -1.339563008370076858e-01 -1.923389356889544377e+00 -1.078921525642476231e+00 8.863317688973346709e-01 2.314514577695700126e+00 -9.698548261878779664e-02
0.000000000000000000e+00 0.000000000000000000e+00 0.000000000000000000e+00 0.000000000000000000e+00 0.000000000000000000e+00 0.000000000000000000e+00 0.000000000000000000e+00 0.000000000000000000e+00 0.000000000000000000e+00 0.000000000000000000e+00 0.000000000000000000e+00 0.000000000000000000e+00 0.000000000000000000e+00 0.000000000000000000e+00 0.000000000000000000e+00 0.000000000000000000e+00 0.000000000000000000e+00 0.000000000000000000e+00 0.000000000000000000e+00 0.000000000000000000e+00 0.000000000000000000e+00 0.000000000000000000e+00 0.000000000000000000e+00 0.000000000000000000e+00 0.000000000000000000e+00 0.000000000000000000e+00 0.000000000000000000e+00 0.000000000000000000e+00 0.000000000000000000e+00 0.000000000000000000e+00 0.000000000000000000e+00 0.000000000000000000e+00 0.000000000000000000e+00 0.000000000000000000e+00 0.000000000000000000e+00 0.000000000000000000e+00 0.000000000000000000e+00 0.000000000000000000e+00 0.000000000000000000e+00 0.000000000000000000e+00 0.000000000000000000e+00 0.000000000000000000e+00 0.000000000000000000e+00 0.000000000000000000e+00 0.000000000000000000e+00 0.000000000000000000e+00 0.000000000000000000e+00 0.000000000000000000e+00 0.000000000000000000e+00 0.000000000000000000e+00 0.000000000000000000e+00 0.000000000000000000e+00 0.000000000000000000e+00 0.000000000000000000e+00 0.000000000000000000e+00 0.000000000000000000e+00 0.000000000000000000e+00 0.000000000000000000e+00 0.000000000000000000e+00 0.000000000000000000e+00 0.000000000000000000e+00 0.000000000000000000e+00 0.000000000000000000e+00 0.000000000000000000e+00 0.000000000000000000e+00 0.000000000000000000e+00 0.000000000000000000e+00 0.000000000000000000e+00 0.000000000000000000e+00 0.000000000000000000e+00 0.000000000000000000e+00 0.000000000000000000e+00 0.000000000000000000e+00 0.000000000000000000e+00 0.000000000000000000e+00 0.000000000000000000e+00 0.000000000000000000e+00 0.000000000000000000e+00 0.000000000000000000e+00 0.000000000000000000e+00 0.000000000000000000e+00 0.000000000000000000e+00 0.000000000000000000e+00 0.000000000000000000e+00 0.000000000000000000e+00 0.000000000000000000e+00 0.000000000000000000e+00 0.000000000000000000e+00 0.000000000000000000e+00 0.000000000000000000e+00 0.000000000000000000e+00 0.000000000000000000e+00 1.000000000000000000e+00 9.418962129111545512e-01 8.526457009462586889e-01 1.631173342015991512e+00 8.565910973972276077e-01 4.569687102117915289e-01 -8.926226815644738855e-01 3.068157226007969807e-01
0.000000000000000000e+00 0.000000000000000000e+00 0.000000000000000000e+00 0.000000000000000000e+00 0.000000000000000000e+00 0.000000000000000000e+00 0.000000000000000000e+00 0.000000000000000000e+00 0.000000000000000000e+00 0.000000000000000000e+00 0.000000000000000000e+00 0.000000000000000000e+00 0.000000000000000000e+00 0.000000000000000000e+00 0.000000000000000000e+00 0.000000000000000000e+00 0.000000000000000000e+00 0.000000000000000000e+00 0.000000000000000000e+00 0.000000000000000000e+00 0.000000000000000000e+00 0.000000000000000000e+00 0.000000000000000000e+00 0.000000000000000000e+00 0.000000000000000000e+00 0.000000000000000000e+00 0.000000000000000000e+00 0.000000000000000000e+00 0.000000000000000000e+00 0.000000000000000000e+00 0.000000000000000000e+00 0.000000000000000000e+00 0.000000000000000000e+00 0.000000000000000000e+00 0.000000000000000000e+00 0.000000000000000000e+00 0.000000000000000000e+00 0.000000000000000000e+00 0.000000000000000000e+00 0.000000000000000000e+00 0.000000000000000000e+00 0.000000000000000000e+00 0.000000000000000000e+00 0.000000000000000000e+00 0.000000000000000000e+00 0.000000000000000000e+00 0.000000000000000000e+00 0.000000000000000000e+00 0.000000000000000000e+00 0.000000000000000000e+00 0.000000000000000000e+00 0.000000000000000000e+00 0.000000000000000000e+00 0.000000000000000000e+00 0.000000000000000000e+00 0.000000000000000000e+00 0.000000000000000000e+00 0.000000000000000000e+00 0.000000000000000000e+00 0.000000000000000000e+00 0.000000000000000000e+00 0.000000000000000000e+00 0.000000000000000000e+00 0.000000000000000000e+00 0.000000000000000000e+00 0.000000000000000000e+00 0.000000000000000000e+00 0.000000000000000000e+00 0.000000000000000000e+00 0.000000000000000000e+00 0.000000000000000000e+00 0.000000000000000000e+00 0.000000000000000000e+00 0.000000000000000000e+00 0.000000000000000000e+00 0.000000000000000000e+00 0.000000000000000000e+00 0.000000000000000000e+00 0.000000000000000000e+00 0.000000000000000000e+00 0.000000000000000000e+00 0.000000000000000000e+00 0.000000000000000000e+00 0.000000000000000000e+00 0.000000000000000000e+00 0.000000000000000000e+00 0.000000000000000000e+00 0.000000000000000000e+00 0.000000000000000000e+00 0.000000000000000000e+00 0.000000000000000000e+00 0.000000000000000000e+00 0.000000000000000000e+00 1.000000000000000000e+00 1.499710791647053565e+00 2.313661481884029758e+00 6.392555096799231729e-01 8.196157921949669412e-01 2.673261701665201606e-01 6.562981444242840245e-01
0.000000000000000000e+00 0.000000000000000000e+00 0.000000000000000000e+00 0.000000000000000000e+00 0.000000000000000000e+00 0.000000000000000000e+00 0.000000000000000000e+00 0.000000000000000000e+00 0.000000000000000000e+00 0.000000000000000000e+00 0.000000000000000000e+00 0.000000000000000000e+00 0.000000000000000000e+00 0.000000000000000000e+00 0.000000000000000000e+00 0.000000000000000000e+00 0.000000000000000000e+00 0.000000000000000000e+00 0.000000000000000000e+00 0.000000000000000000e+00 0.000000000000000000e+00 0.000000000000000000e+00 0.000000000000000000e+00 0.000000000000000000e+00 0.000000000000000000e+00 0.000000000000000000e+00 0.000000000000000000e+00 0.000000000000000000e+00 0.000000000000000000e+00 0.000000000000000000e+00 0.000000000000000000e+00 0.000000000000000000e+00 0.000000000000000000e+00 0.000000000000000000e+00 0.000000000000000000e+00 0.000000000000000000e+00 0.000000000000000000e+00 0.000000000000000000e+00 0.000000000000000000e+00 0.000000000000000000e+00 0.000000000000000000e+00 0.000000000000000000e+00 0.000000000000000000e+00 0.000000000000000000e+00 0.000000000000000000e+00 0.000000000000000000e+00 0.000000000000000000e+00 0.000000000000000000e+00 0.000000000000000000e+00 0.000000000000000000e+00 0.000000000000000000e+00 0.000000000000000000e+00 0.000000000000000000e+00 0.000000000000000000e+00 0.000000000000000000e+00 0.000000000000000000e+00 0.000000000000000000e+00 0.000000000000000000e+00 0.000000000000000000e+00 0.000000000000000000e+00 0.000000000000000000e+00 0.000000000000000000e+00 0.000000000000000000e+00 0.000000000000000000e+00 0.000000000000000000e+00 0.000000000000000000e+00 0.000000000000000000e+00 0.000000000000000000e+00 0.000000000000000000e+00 0.000000000000000000e+00 0.000000000000000000e+00 0.000000000000000000e+00 0.000000000000000000e+00 0.000000000000000000e+00 0.000000000000000000e+00 0.000000000000000000e+00 0.000000000000000000e+00 0.000000000000000000e+00 0.000000000000000000e+00 0.000000000000000000e+00 0.000000000000000000e+00 0.000000000000000000e+00 0.000000000000000000e+00 0.000000000000000000e+00 0.000000000000000000e+00 0.000000000000000000e+00 0.000000000000000000e+00 0.000000000000000000e+00 0.000000000000000000e+00 0.000000000000000000e+00 0.000000000000000000e+00 0.000000000000000000e+00 0.000000000000000000e+00 0.000000000000000000e+00 1.000000000000000000e+00 2.584907157831294100e+00 1.462890124931139069e-01 4.545088127002561845e-02 -5.056657883038088164e-01 -5.380112876610303879e-02
0.000000000000000000e+00 0.000000000000000000e+00 0.000000000000000000e+00 0.000000000000000000e+00 0.000000000000000000e+00 0.000000000000000000e+00 0.000000000000000000e+00 0.000000000000000000e+00 0.000000000000000000e+00 0.000000000000000000e+00 0.000000000000000000e+00 0.000000000000000000e+00 0.000000000000000000e+00 0.000000000000000000e+00 0.000000000000000000e+00 0.000000000000000000e+00 0.000000000000000000e+00 0.000000000000000000e+00 0.000000000000000000e+00 0.000000000000000000e+00 0.000000000000000000e+00 0.000000000000000000e+00 0.000000000000000000e+00 0.000000000000000000e+00 0.000000000000000000e+00 0.000000000000000000e+00 0.000000000000000000e+00 0.000000000000000000e+00 0.000000000000000000e+00 0.000000000000000000e+00 0.000000000000000000e+00 0.000000000000000000e+00 0.000000000000000000e+00 0.000000000000000000e+00 0.000000000000000000e+00 0.000000000000000000e+00 0.000000000000000000e+00 0.000000000000000000e+00 0.000000000000000000e+00 0.000000000000000000e+00 0.000000000000000000e+00 0.000000000000000000e+00 0.000000000000000000e+00 0.000000000000000000e+00 0.000000000000000000e+00 0.000000000000000000e+00 0.000000000000000000e+00 0.000000000000000000e+00 0.000000000000000000e+00 0.000000000000000000e+00 0.000000000000000000e+00 0.000000000000000000e+00 0.000000000000000000e+00 0.000000000000000000e+00 0.000000000000000000e+00 0.000000000000000000e+00 0.000000000000000000e+00 0.000000000000000000e+00 0.000000000000000000e+00 0.000000000000000000e+00 0.000000000000000000e+00 0.000000000000000000e+00 0.000000000000000000e+00 0.000000000000000000e+00 0.000000000000000000e+00 0.000000000000000000e+00 0.000000000000000000e+00 0.000000000000000000e+00 0.000000000000000000e+00 0.000000000000000000e+00 0.000000000000000000e+00 0.000000000000000000e+00 0.000000000000000000e+00 0.000000000000000000e+00 0.000000000000000000e+00 0.000000000000000000e+00 0.000000000000000000e+00 0.000000000000000000e+00 0.000000000000000000e+00 0.000000000000000000e+00 0.000000000000000000e+00 0.000000000000000000e+00 0.000000000000000000e+00 0.000000000000000000e+00 0.000000000000000000e+00 0.000000000000000000e+00 0.000000000000000000e+00 0.000000000000000000e+00 0.000000000000000000e+00 0.000000000000000000e+00 0.000000000000000000e+00 0.000000000000000000e+00 0.000000000000000000e+00 0.000000000000000000e+00 0.000000000000000000e+00 1.000000000000000000e+00 1.408338440779721257e+00 -1.715616755698507578e+00 -3.983981759811162426e+00 -1.957929799012202654e+00
0.000000000000000000e+00 0.000000000000000000e+00 0.000000000000000000e+00 0.000000000000000000e+00 0.000000000000000000e+00 0.000000000000000000e+00 0.000000000000000000e+00 0.000000000000000000e+00 0.000000000000000000e+00 0.000000000000000000e+00 0.000000000000000000e+00 0.000000000000000000e+00 0.000000000000000000e+00 0.000000000000000000e+00 0.000000000000000000e+00 0.000000000000000000e+00 0.000000000000000000e+00 0.000000000000000000e+00 0.000000000000000000e+00 0.000000000000000000e+00 0.000000000000000000e+00 0.000000000000000000e+00 0.000000000000000000e+00 0.000000000000000000e+00 0.000000000000000000e+00 0.000000000000000000e+00 0.000000000000000000e+00 0.000000000000000000e+00 0.000000000000000000e+00 0.000000000000000000e+00 0.000000000000000000e+00 0.000000000000000000e+00 0.000000000000000000e+00 0.000000000000000000e+00 0.000000000000000000e+00 0.000000000000000000e+00 0.000000000000000000e+00 0.000000000000000000e+00 0.000000000000000000e+00 0.000000000000000000e+00 0.000000000000000000e+00 0.000000000000000000e+00 0.000000000000000000e+00 0.000000000000000000e+00 0.000000000000000000e+00 0.000000000000000000e+00 0.000000000000000000e+00 0.000000000000000000e+00 0.000000000000000000e+00 0.000000000000000000e+00 0.000000000000000000e+00 0.000000000000000000e+00 0.000000000000000000e+00 0.000000000000000000e+00 0.000000000000000000e+00 0.000000000000000000e+00 0.000000000000000000e+00 0.000000000000000000e+00 0.000000000000000000e+00 0.000000000000000000e+00 0.000000000000000000e+00 0.000000000000000000e+00 0.000000000000000000e+00 0.000000000000000000e+00 0.000000000000000000e+00 0.000000000000000000e+00 0.000000000000000000e+00 0.000000000000000000e+00 0.000000000000000000e+00 0.000000000000000000e+00 0.000000000000000000e+00 0.000000000000000000e+00 0.000000000000000000e+00 0.000000000000000000e+00 0.000000000000000000e+00 0.000000000000000000e+00 0.000000000000000000e+00 0.000000000000000000e+00 0.000000000000000000e+00 0.000000000000000000e+00 0.000000000000000000e+00 0.000000000000000000e+00 0.000000000000000000e+00 0.000000000000000000e+00 0.000000000000000000e+00 0.000000000000000000e+00 0.000000000000000000e+00 0.000000000000000000e+00 0.000000000000000000e+00 0.000000000000000000e+00 0.000000000000000000e+00 0.000000000000000000e+00 0.000000000000000000e+00 0.000000000000000000e+00 0.000000000000000000e+00 0.000000000000000000e+00 1.000000000000000000e+00 3.234765117190911421e-01 8.937053771201725061e-01 1.022403813696060926e+00
0.000000000000000000e+00 0.000000000000000000e+00 0.000000000000000000e+00 0.000000000000000000e+00 0.000000000000000000e+00 0.000000000000000000e+00 0.000000000000000000e+00 0.000000000000000000e+00 0.000000000000000000e+00 0.000000000000000000e+00 0.000000000000000000e+00 0.000000000000000000e+00 0.000000000000000000e+00 0.000000000000000000e+00 0.000000000000000000e+00 0.000000000000000000e+00 0.000000000000000000e+00 0.000000000000000000e+00 0.000000000000000000e+00 0.000000000000000000e+00 0.000000000000000000e+00 0.000000000000000000e+00 0.000000000000000000e+00 0.000000000000000000e+00 0.000000000000000000e+00 0.000000000000000000e+00 0.000000000000000000e+00 0.000000000000000000e+00 0.000000000000000000e+00 0.000000000000000000e+00 0.000000000000000000e+00 0.000000000000000000e+00 0.000000000000000000e+00 0.000000000000000000e+00 0.000000000000000000e+00 0.000000000000000000e+00 0.000000000000000000e+00 0.000000000000000000e+00 0.000000000000000000e+00 0.000000000000000000e+00 0.000000000000000000e+00 0.000000000000000000e+00 0.000000000000000000e+00 0.000000000000000000e+00 0.000000000000000000e+00 0.000000000000000000e+00 0.000000000000000000e+00 0.000000000000000000e+00 0.000000000000000000e+00 0.000000000000000000e+00 0.000000000000000000e+00 0.000000000000000000e+00 0.000000000000000000e+00 0.000000000000000000e+00 0.000000000000000000e+00 0.000000000000000000e+00 0.000000000000000000e+00 0.000000000000000000e+00 0.000000000000000000e+00 0.000000000000000000e+00 0.000000000000000000e+00 0.000000000000000000e+00 0.000000000000000000e+00 0.000000000000000000e+00 0.000000000000000000e+00 0.000000000000000000e+00 0.000000000000000000e+00 0.000000000000000000e+00 0.000000000000000000e+00 0.000000000000000000e+00 0.000000000000000000e+00 0.000000000000000000e+00 0.000000000000000000e+00 0.000000000000000000e+00 0.000000000000000000e+00 0.000000000000000000e+00 0.000000000000000000e+00 0.000000000000000000e+00 0.000000000000000000e+00 0.000000000000000000e+00 0.000000000000000000e+00 0.000000000000000000e+00 0.000000000000000000e+00 0.000000000000000000e+00 0.000000000000000000e+00 0.000000000000000000e+00 0.000000000000000000e+00 0.000000000000000000e+00 0.000000000000000000e+00 0.000000000000000000e+00 0.000000000000000000e+00 0.000000000000000000e+00 0.000000000000000000e+00 0.000000000000000000e+00 0.000000000000000000e+00 0.000000000000000000e+00 0.000000000000000000e+00 1.000000000000000000e+00 2.420349022817553486e+00 1.758670002870286631e+00
0.000000000000000000e+00 0.000000000000000000e+00 0.000000000000000000e+00 0.000000000000000000e+00 0.000000000000000000e+00 0.000000000000000000e+00 0.000000000000000000e+00 0.000000000000000000e+00 0.000000000000000000e+00 0.000000000000000000e+00 0.000000000000000000e+00 0.000000000000000000e+00 0.000000000000000000e+00 0.000000000000000000e+00 0.000000000000000000e+00 0.000000000000000000e+00 0.000000000000000000e+00 0.000000000000000000e+00 0.000000000000000000e+00 0.000000000000000000e+00 0.000000000000000000e+00 0.000000000000000000e+00 0.000000000000000000e+00 0.000000000000000000e+00 0.000000000000000000e+00 0.000000000000000000e+00 0.000000000000000000e+00 0.000000000000000000e+00 0.000000000000000000e+00 0.000000000000000000e+00 0.000000000000000000e+00 0.000000000000000000e+00 0.000000000000000000e+00 0.000000000000000000e+00 0.000000000000000000e+00 0.000000000000000000e+00 0.000000000000000000e+00 0.000000000000000000e+00 0.000000000000000000e+00 0.000000000000000000e+00 0.000000000000000000e+00 0.000000000000000000e+00 0.000000000000000000e+00 0.000000000000000000e+00 0.000000000000000000e+00 0.000000000000000000e+00 0.000000000000000000e+00 0.000000000000000000e+00 0.000000000000000000e+00 0.000000000000000000e+00 0.000000000000000000e+00 0.000000000000000000e+00 0.000000000000000000e+00 0.000000000000000000e+00 0.000000000000000000e+00 0.000000000000000000e+00 0.000000000000000000e+00 0.000000000000000000e+00 0.000000000000000000e+00 0.000000000000000000e+00 0.000000000000000000e+00 0.000000000000000000e+00 0.000000000000000000e+00 0.000000000000000000e+00 0.000000000000000000e+00 0.000000000000000000e+00 0.000000000000000000e+00 0.000000000000000000e+00 0.000000000000000000e+00 0.000000000000000000e+00 0.000000000000000000e+00 0.000000000000000000e+00 0.000000000000000000e+00 0.000000000000000000e+00 0.000000000000000000e+00 0.000000000000000000e+00 0.000000000000000000e+00 0.000000000000000000e+00 0.000000000000000000e+00 0.000000000000000000e+00 0.000000000000000000e+00 0.000000000000000000e+00 0.000000000000000000e+00 0.000000000000000000e+00 0.000000000000000000e+00 0.000000000000000000e+00 0.000000000000000000e+00 0.000000000000000000e+00 0.000000000000000000e+00 0.000000000000000000e+00 0.000000000000000000e+00 0.000000000000000000e+00 0.000000000000000000e+00 0.000000000000000000e+00 0.000000000000000000e+00 0.000000000000000000e+00 0.000000000000000000e+00 0.000000000000000000e+00 1.000000000000000000e+00 7.157593837227100853e-01
0.000000000000000000e+00 0.000000000000000000e+00 0.000000000000000000e+00 0.000000000000000000e+00 0.000000000000000000e+00 0.000000000000000000e+00 0.000000000000000000e+00 0.000000000000000000e+00 0.000000000000000000e+00 0.000000000000000000e+00 0.000000000000000000e+00 0.000000000000000000e+00 0.000000000000000000e+00 0.000000000000000000e+00 0.000000000000000000e+00 0.000000000000000000e+00 0.000000000000000000e+00 0.000000000000000000e+00 0.000000000000000000e+00 0.000000000000000000e+00 0.000000000000000000e+00 0.000000000000000000e+00 0.000000000000000000e+00 0.000000000000000000e+00 0.000000000000000000e+00 0.000000000000000000e+00 0.000000000000000000e+00 0.000000000000000000e+00 0.000000000000000000e+00 0.000000000000000000e+00 0.000000000000000000e+00 0.000000000000000000e+00 0.000000000000000000e+00 0.000000000000000000e+00 0.000000000000000000e+00 0.000000000000000000e+00 0.000000000000000000e+00 0.000000000000000000e+00 0.000000000000000000e+00 0.000000000000000000e+00 0.000000000000000000e+00 0.000000000000000000e+00 0.000000000000000000e+00 0.000000000000000000e+00 0.000000000000000000e+00 0.000000000000000000e+00 0.000000000000000000e+00 0.000000000000000000e+00 0.000000000000000000e+00 0.000000000000000000e+00 0.000000000000000000e+00 0.000000000000000000e+00 0.000000000000000000e+00 0.000000000000000000e+00 0.000000000000000000e+00 0.000000000000000000e+00 0.000000000000000000e+00 0.000000000000000000e+00 0.000000000000000000e+00 0.000000000000000000e+00 0.000000000000000000e+00 0.000000000000000000e+00 0.000000000000000000e+00 0.000000000000000000e+00 0.000000000000000000e+00 0.000000000000000000e+00 0.000000000000000000e+00 0.000000000000000000e+00 0.000000000000000000e+00 0.000000000000000000e+00 0.000000000000000000e+00 0.000000000000000000e+00 0.000000000000000000e+00 0.000000000000000000e+00 0.000000000000000000e+00 0.000000000000000000e+00 0.000000000000000000e+00 0.000000000000000000e+00 0.000000000000000000e+00 0.000000000000000000e+00 0.000000000000000000e+00 0.000000000000000000e+00 0.000000000000000000e+00 0.000000000000000000e+00 0.000000000000000000e+00 0.000000000000000000e+00 0.000000000000000000e+00 0.000000000000000000e+00 0.000000000000000000e+00 0.000000000000000000e+00 0.000000000000000000e+00 0.000000000000000000e+00 0.000000000000000000e+00 0.000000000000000000e+00 0.000000000000000000e+00 0.000000000000000000e+00 0.000000000000000000e+00 0.000000000000000000e+00 0.000000000000000000e+00 1.000000000000000000e+00
