5.912662869414807787e+00 0.000000000000000000e+00 0.000000000000000000e+00 0.000000000000000000e+00 0.000000000000000000e+00 0.000000000000000000e+00 0.000000000000000000e+00 0.000000000000000000e+00 0.000000000000000000e+00 0.000000000000000000e+00 0.000000000000000000e+00 0.000000000000000000e+00 0.000000000000000000e+00 0.000000000000000000e+00 0.000000000000000000e+00 0.000000000000000000e+00 0.000000000000000000e+00 0.000000000000000000e+00 0.000000000000000000e+00 0.000000000000000000e+00 0.000000000000000000e+00 0.000000000000000000e+00 0.000000000000000000e+00 0.000000000000000000e+00 0.000000000000000000e+00 0.000000000000000000e+00 0.000000000000000000e+00 0.000000000000000000e+00 0.000000000000000000e+00 0.000000000000000000e+00 0.000000000000000000e+00 0.000000000000000000e+00 0.000000000000000000e+00 0.000000000000000000e+00 0.000000000000000000e+00 0.000000000000000000e+00 0.000000000000000000e+00 0.000000000000000000e+00 0.000000000000000000e+00 0.000000000000000000e+00 0.000000000000000000e+00 0.000000000000000000e+00 0.000000000000000000e+00 0.000000000000000000e+00 0.000000000000000000e+00 0.000000000000000000e+00 0.000000000000000000e+00 0.000000000000000000e+00 0.000000000000000000e+00 0.000000000000000000e+00 0.000000000000000000e+00 0.000000000000000000e+00 0.000000000000000000e+00 0.000000000000000000e+00 0.000000000000000000e+00 0.000000000000000000e+00 0.000000000000000000e+00 0.000000000000000000e+00 0.000000000000000000e+00 0.000000000000000000e+00 0.000000000000000000e+00 0.000000000000000000e+00 0.000000000000000000e+00 0.000000000000000000e+00 0.000000000000000000e+00 0.000000000000000000e+00 0.000000000000000000e+00 0.000000000000000000e+00 0.000000000000000000e+00 0.000000000000000000e+00 0.000000000000000000e+00 0.000000000000000000e+00 0.000000000000000000e+00 0.000000000000000000e+00 0.000000000000000000e+00 0.000000000000000000e+00 0.000000000000000000e+00 0.000000000000000000e+00 0.000000000000000000e+00 0.000000000000000000e+00 0.000000000000000000e+00 0.000000000000000000e+00 0.000000000000000000e+00 0.000000000000000000e+00 0.000000000000000000e+00 0.000000000000000000e+00 0.000000000000000000e+00 0.000000000000000000e+00 0.000000000000000000e+00 0.000000000000000000e+00 0.000000000000000000e+00 0.000000000000000000e+00 0.000000000000000000e+00 0.000000000000000000e+00 0.000000000000000000e+00 0.000000000000000000e+00 0.000000000000000000e+00 0.000000000000000000e+00 0.000000000000000000e+00 0.000000000000000000e+00
7.313923709590860689e+00 -8.226949237670289961e+00 0.000000000000000000e+00 0.000000000000000000e+00 0.000000000000000000e+00 0.000000000000000000e+00 0.000000000000000000e+00 0.000000000000000000e+00 0.000000000000000000e+00 0.000000000000000000e+00 0.000000000000000000e+00 0.000000000000000000e+00 0.000000000000000000e+00 0.000000000000000000e+00 0.000000000000000000e+00 0.000000000000000000e+00 0.000000000000000000e+00 0.000000000000000000e+00 0.000000000000000000e+00 0.000000000000000000e+00 0.000000000000000000e+00 0.000000000000000000e+00 0.000000000000000000e+00 0.000000000000000000e+00 0.000000000000000000e+00 0.000000000000000000e+00 0.000000000000000000e+00 0.000000000000000000e+00 0.000000000000000000e+00 0.000000000000000000e+00 0.000000000000000000e+00 0.000000000000000000e+00 0.000000000000000000e+00 0.000000000000000000e+00 0.000000000000000000e+00 0.000000000000000000e+00 0.000000000000000000e+00 0.000000000000000000e+00 0.000000000000000000e+00 0.000000000000000000e+00 0.000000000000000000e+00 0.000000000000000000e+00 0.000000000000000000e+00 0.000000000000000000e+00 0.000000000000000000e+00 0.000000000000000000e+00 0.000000000000000000e+00 0.000000000000000000e+00 0.000000000000000000e+00 0.000000000000000000e+00 0.000000000000000000e+00 0.000000000000000000e+00 0.000000000000000000e+00 0.000000000000000000e+00 0.000000000000000000e+00 0.000000000000000000e+00 0.000000000000000000e+00 0.000000000000000000e+00 0.000000000000000000e+00 0.000000000000000000e+00 0.000000000000000000e+00 0.000000000000000000e+00 0.000000000000000000e+00 0.000000000000000000e+00 0.000000000000000000e+00 0.000000000000000000e+00 0.000000000000000000e+00 0.000000000000000000e+00 0.000000000000000000e+00 0.000000000000000000e+00 0.000000000000000000e+00 0.000000000000000000e+00 0.000000000000000000e+00 0.000000000000000000e+00 0.000000000000000000e+00 0.000000000000000000e+00 0.000000000000000000e+00 0.000000000000000000e+00 0.000000000000000000e+00 0.000000000000000000e+00 0.000000000000000000e+00 0.000000000000000000e+00 0.000000000000000000e+00 0.000000000000000000e+00 0.000000000000000000e+00 0.000000000000000000e+00 0.000000000000000000e+00 0.000000000000000000e+00 0.000000000000000000e+00 0.000000000000000000e+00 0.000000000000000000e+00 0.000000000000000000e+00 0.000000000000000000e+00 0.000000000000000000e+00 0.000000000000000000e+00 0.000000000000000000e+00 0.000000000000000000e+00 0.000000000000000000e+00 0.000000000000000000e+00 0.000000000000000000e+00
3.150280354669061200e+00 -3.373590036051560048e+00 -6.675876051864646499e-01 0.000000000000000000e+00 0.000000000000000000e+00 0.000000000000000000e+00 0.000000000000000000e+00 0.000000000000000000e+00 0.000000000000000000e+00 0.000000000000000000e+00 0.000000000000000000e+00 0.000000000000000000e+00 0.000000000000000000e+00 0.000000000000000000e+00 0.000000000000000000e+00 0.000000000000000000e+00 0.000000000000000000e+00 0.000000000000000000e+00 0.000000000000000000e+00 0.000000000000000000e+00 0.000000000000000000e+00 0.000000000000000000e+00 0.000000000000000000e+00 0.000000000000000000e+00 0.000000000000000000e+00 0.000000000000000000e+00 0.000000000000000000e+00 0.000000000000000000e+00 0.000000000000000000e+00 0.000000000000000000e+00 0.000000000000000000e+00 0.000000000000000000e+00 0.000000000000000000e+00 0.000000000000000000e+00 0.000000000000000000e+00 0.000000000000000000e+00 0.000000000000000000e+00 0.000000000000000000e+00 0.000000000000000000e+00 0.000000000000000000e+00 0.000000000000000000e+00 0.000000000000000000e+00 0.000000000000000000e+00 0.000000000000000000e+00 0.000000000000000000e+00 0.000000000000000000e+00 0.000000000000000000e+00 0.000000000000000000e+00 0.000000000000000000e+00 0.000000000000000000e+00 0.000000000000000000e+00 0.000000000000000000e+00 0.000000000000000000e+00 0.000000000000000000e+00 0.000000000000000000e+00 0.000000000000000000e+00 0.000000000000000000e+00 0.000000000000000000e+00 0.000000000000000000e+00 0.000000000000000000e+00 0.000000000000000000e+00 0.000000000000000000e+00 0.000000000000000000e+00 0.000000000000000000e+00 0.000000000000000000e+00 0.000000000000000000e+00 0.000000000000000000e+00 0.000000000000000000e+00 0.000000000000000000e+00 0.000000000000000000e+00 0.000000000000000000e+00 0.000000000000000000e+00 0.000000000000000000e+00 0.000000000000000000e+00 0.000000000000000000e+00 0.000000000000000000e+00 0.000000000000000000e+00 0.000000000000000000e+00 0.000000000000000000e+00 0.000000000000000000e+00 0.000000000000000000e+00 0.000000000000000000e+00 0.000000000000000000e+00 0.000000000000000000e+00 0.000000000000000000e+00 0.000000000000000000e+00 0.000000000000000000e+00 0.000000000000000000e+00 0.000000000000000000e+00 0.000000000000000000e+00 0.000000000000000000e+00 0.000000000000000000e+00 0.000000000000000000e+00 0.000000000000000000e+00 0.000000000000000000e+00 0.000000000000000000e+00 0.000000000000000000e+00 0.000000000000000000e+00 0.000000000000000000e+00 0.000000000000000000e+00
9.943479740136963230e+00 -8.938679091141729316e+00 -1.010110372681233137e+01 -3.711940588814108821e+01 0.000000000000000000e+00 0.000000000000000000e+00 0.000000000000000000e+00 0.000000000000000000e+00 0.000000000000000000e+00 0.000000000000000000e+00 0.000000000000000000e+00 0.000000000000000000e+00 0.000000000000000000e+00 0.000000000000000000e+00 0.000000000000000000e+00 0.000000000000000000e+00 0.000000000000000000e+00 0.000000000000000000e+00 0.000000000000000000e+00 0.000000000000000000e+00 0.000000000000000000e+00 0.000000000000000000e+00 0.000000000000000000e+00 0.000000000000000000e+00 0.000000000000000000e+00 0.000000000000000000e+00 0.000000000000000000e+00 0.000000000000000000e+00 0.000000000000000000e+00 0.000000000000000000e+00 0.000000000000000000e+00 0.000000000000000000e+00 0.000000000000000000e+00 0.000000000000000000e+00 0.000000000000000000e+00 0.000000000000000000e+00 0.000000000000000000e+00 0.000000000000000000e+00 0.000000000000000000e+00 0.000000000000000000e+00 0.000000000000000000e+00 0.000000000000000000e+00 0.000000000000000000e+00 0.000000000000000000e+00 0.000000000000000000e+00 0.000000000000000000e+00 0.000000000000000000e+00 0.000000000000000000e+00 0.000000000000000000e+00 0.000000000000000000e+00 0.000000000000000000e+00 0.000000000000000000e+00 0.000000000000000000e+00 0.000000000000000000e+00 0.000000000000000000e+00 0.000000000000000000e+00 0.000000000000000000e+00 0.000000000000000000e+00 0.000000000000000000e+00 0.000000000000000000e+00 0.000000000000000000e+00 0.000000000000000000e+00 0.000000000000000000e+00 0.000000000000000000e+00 0.000000000000000000e+00 0.000000000000000000e+00 0.000000000000000000e+00 0.000000000000000000e+00 0.000000000000000000e+00 0.000000000000000000e+00 0.000000000000000000e+00 0.000000000000000000e+00 0.000000000000000000e+00 0.000000000000000000e+00 0.000000000000000000e+00 0.000000000000000000e+00 0.000000000000000000e+00 0.000000000000000000e+00 0.000000000000000000e+00 0.000000000000000000e+00 0.000000000000000000e+00 0.000000000000000000e+00 0.000000000000000000e+00 0.000000000000000000e+00 0.000000000000000000e+00 0.000000000000000000e+00 0.000000000000000000e+00 0.000000000000000000e+00 0.000000000000000000e+00 0.000000000000000000e+00 0.000000000000000000e+00 0.000000000000000000e+00 0.000000000000000000e+00 0.000000000000000000e+00 0.000000000000000000e+00 0.000000000000000000e+00 0.000000000000000000e+00 0.000000000000000000e+00 0.000000000000000000e+00 0.000000000000000000e+00
3.912400366286986841e+00 8.488304824361954104e-01 -1.051406878827712887e+00 2.081843977970196491e+00 -9.859424083755584434e+00 0.000000000000000000e+00 0.000000000000000000e+00 0.000000000000000000e+00 0.000000000000000000e+00 0.000000000000000000e+00 0.000000000000000000e+00 0.000000000000000000e+00 0.000000000000000000e+00 0.000000000000000000e+00 0.000000000000000000e+00 0.000000000000000000e+00 0.000000000000000000e+00 0.000000000000000000e+00 0.000000000000000000e+00 0.000000000000000000e+00 0.000000000000000000e+00 0.000000000000000000e+00 0.000000000000000000e+00 0.000000000000000000e+00 0.000000000000000000e+00 0.000000000000000000e+00 0.000000000000000000e+00 0.000000000000000000e+00 0.000000000000000000e+00 0.000000000000000000e+00 0.000000000000000000e+00 0.000000000000000000e+00 0.000000000000000000e+00 0.000000000000000000e+00 0.000000000000000000e+00 0.000000000000000000e+00 0.000000000000000000e+00 0.000000000000000000e+00 0.000000000000000000e+00 0.000000000000000000e+00 0.000000000000000000e+00 0.000000000000000000e+00 0.000000000000000000e+00 0.000000000000000000e+00 0.000000000000000000e+00 0.000000000000000000e+00 0.000000000000000000e+00 0.000000000000000000e+00 0.000000000000000000e+00 0.000000000000000000e+00 0.000000000000000000e+00 0.000000000000000000e+00 0.000000000000000000e+00 0.000000000000000000e+00 0.000000000000000000e+00 0.000000000000000000e+00 0.000000000000000000e+00 0.000000000000000000e+00 0.000000000000000000e+00 0.000000000000000000e+00 0.000000000000000000e+00 0.000000000000000000e+00 0.000000000000000000e+00 0.000000000000000000e+00 0.000000000000000000e+00 0.000000000000000000e+00 0.000000000000000000e+00 0.000000000000000000e+00 0.000000000000000000e+00 0.000000000000000000e+00 0.000000000000000000e+00 0.000000000000000000e+00 0.000000000000000000e+00 0.000000000000000000e+00 0.000000000000000000e+00 0.000000000000000000e+00 0.000000000000000000e+00 0.000000000000000000e+00 0.000000000000000000e+00 0.000000000000000000e+00 0.000000000000000000e+00 0.000000000000000000e+00 0.000000000000000000e+00 0.000000000000000000e+00 0.000000000000000000e+00 0.000000000000000000e+00 0.000000000000000000e+00 0.000000000000000000e+00 0.000000000000000000e+00 0.000000000000000000e+00 0.000000000000000000e+00 0.000000000000000000e+00 0.000000000000000000e+00 0.000000000000000000e+00 0.000000000000000000e+00 0.000000000000000000e+00 0.000000000000000000e+00 0.000000000000000000e+00 0.000000000000000000e+00 0.000000000000000000e+00
5.446188080004427334e+00 -2.358416895692586834e+00 -1.284199653997431412e+00 -3.015045852799571158e+00 -1.308228062565909511e+00 4.152425553713166018e-01 0.000000000000000000e+00 0.000000000000000000e+00 0.000000000000000000e+00 0.000000000000000000e+00 0.000000000000000000e+00 0.000000000000000000e+00 0.000000000000000000e+00 0.000000000000000000e+00 0.000000000000000000e+00 0.000000000000000000e+00 0.000000000000000000e+00 0.000000000000000000e+00 0.000000000000000000e+00 0.000000000000000000e+00 0.000000000000000000e+00 0.000000000000000000e+00 0.000000000000000000e+00 0.000000000000000000e+00 0.000000000000000000e+00 0.000000000000000000e+00 0.000000000000000000e+00 0.000000000000000000e+00 0.000000000000000000e+00 0.000000000000000000e+00 0.000000000000000000e+00 0.000000000000000000e+00 0.000000000000000000e+00 0.000000000000000000e+00 0.000000000000000000e+00 0.000000000000000000e+00 0.000000000000000000e+00 0.000000000000000000e+00 0.000000000000000000e+00 0.000000000000000000e+00 0.000000000000000000e+00 0.000000000000000000e+00 0.000000000000000000e+00 0.000000000000000000e+00 0.000000000000000000e+00 0.000000000000000000e+00 0.000000000000000000e+00 0.000000000000000000e+00 0.000000000000000000e+00 0.000000000000000000e+00 0.000000000000000000e+00 0.000000000000000000e+00 0.000000000000000000e+00 0.000000000000000000e+00 0.000000000000000000e+00 0.000000000000000000e+00 0.000000000000000000e+00 0.000000000000000000e+00 0.000000000000000000e+00 0.000000000000000000e+00 0.000000000000000000e+00 0.000000000000000000e+00 0.000000000000000000e+00 0.000000000000000000e+00 0.000000000000000000e+00 0.000000000000000000e+00 0.000000000000000000e+00 0.000000000000000000e+00 0.000000000000000000e+00 0.000000000000000000e+00 0.000000000000000000e+00 0.000000000000000000e+00 0.000000000000000000e+00 0.000000000000000000e+00 0.000000000000000000e+00 0.000000000000000000e+00 0.000000000000000000e+00 0.000000000000000000e+00 0.000000000000000000e+00 0.000000000000000000e+00 0.000000000000000000e+00 0.000000000000000000e+00 0.000000000000000000e+00 0.000000000000000000e+00 0.000000000000000000e+00 0.000000000000000000e+00 0.000000000000000000e+00 0.000000000000000000e+00 0.000000000000000000e+00 0.000000000000000000e+00 0.000000000000000000e+00 0.000000000000000000e+00 0.000000000000000000e+00 0.000000000000000000e+00 0.000000000000000000e+00 0.000000000000000000e+00 0.000000000000000000e+00 0.000000000000000000e+00 0.000000000000000000e+00 0.000000000000000000e+00
3.338473478375269643e+00 3.176880570171183749e+00 -1.830203462274534232e+00 -6.484650173170704690e+00 8.512630509548102964e+00 -2.754215462316640384e+00 -2.604962616588255742e+01 0.000000000000000000e+00 0.000000000000000000e+00 0.000000000000000000e+00 0.000000000000000000e+00 0.000000000000000000e+00 0.000000000000000000e+00 0.000000000000000000e+00 0.000000000000000000e+00 0.000000000000000000e+00 0.000000000000000000e+00 0.000000000000000000e+00 0.000000000000000000e+00 0.000000000000000000e+00 0.000000000000000000e+00 0.000000000000000000e+00 0.000000000000000000e+00 0.000000000000000000e+00 0.000000000000000000e+00 0.000000000000000000e+00 0.000000000000000000e+00 0.000000000000000000e+00 0.000000000000000000e+00 0.000000000000000000e+00 0.000000000000000000e+00 0.000000000000000000e+00 0.000000000000000000e+00 0.000000000000000000e+00 0.000000000000000000e+00 0.000000000000000000e+00 0.000000000000000000e+00 0.000000000000000000e+00 0.000000000000000000e+00 0.000000000000000000e+00 0.000000000000000000e+00 0.000000000000000000e+00 0.000000000000000000e+00 0.000000000000000000e+00 0.000000000000000000e+00 0.000000000000000000e+00 0.000000000000000000e+00 0.000000000000000000e+00 0.000000000000000000e+00 0.000000000000000000e+00 0.000000000000000000e+00 0.000000000000000000e+00 0.000000000000000000e+00 0.000000000000000000e+00 0.000000000000000000e+00 0.000000000000000000e+00 0.000000000000000000e+00 0.000000000000000000e+00 0.000000000000000000e+00 0.000000000000000000e+00 0.000000000000000000e+00 0.000000000000000000e+00 0.000000000000000000e+00 0.000000000000000000e+00 0.000000000000000000e+00 0.000000000000000000e+00 0.000000000000000000e+00 0.000000000000000000e+00 0.000000000000000000e+00 0.000000000000000000e+00 0.000000000000000000e+00 0.000000000000000000e+00 0.000000000000000000e+00 0.000000000000000000e+00 0.000000000000000000e+00 0.000000000000000000e+00 0.000000000000000000e+00 0.000000000000000000e+00 0.000000000000000000e+00 0.000000000000000000e+00 0.000000000000000000e+00 0.000000000000000000e+00 0.000000000000000000e+00 0.000000000000000000e+00 0.000000000000000000e+00 0.000000000000000000e+00 0.000000000000000000e+00 0.000000000000000000e+00 0.000000000000000000e+00 0.000000000000000000e+00 0.000000000000000000e+00 0.000000000000000000e+00 0.000000000000000000e+00 0.000000000000000000e+00 0.000000000000000000e+00 0.000000000000000000e+00 0.000000000000000000e+00 0.000000000000000000e+00 0.000000000000000000e+00 0.000000000000000000e+00
2.697961874900025592e+00 -1.625404262751422024e+00 5.358170176231659809e+00 1.741686085052196375e+01 3.663738529854414949e+00 4.537055795658957891e+00 1.399935173714386671e+01 1.293545390355901326e+00 0.000000000000000000e+00 0.000000000000000000e+00 0.000000000000000000e+00 0.000000000000000000e+00 0.000000000000000000e+00 0.000000000000000000e+00 0.000000000000000000e+00 0.000000000000000000e+00 0.000000000000000000e+00 0.000000000000000000e+00 0.000000000000000000e+00 0.000000000000000000e+00 0.000000000000000000e+00 0.000000000000000000e+00 0.000000000000000000e+00 0.000000000000000000e+00 0.000000000000000000e+00 0.000000000000000000e+00 0.000000000000000000e+00 0.000000000000000000e+00 0.000000000000000000e+00 0.000000000000000000e+00 0.000000000000000000e+00 0.000000000000000000e+00 0.000000000000000000e+00 0.000000000000000000e+00 0.000000000000000000e+00 0.000000000000000000e+00 0.000000000000000000e+00 0.000000000000000000e+00 0.000000000000000000e+00 0.000000000000000000e+00 0.000000000000000000e+00 0.000000000000000000e+00 0.000000000000000000e+00 0.000000000000000000e+00 0.000000000000000000e+00 0.000000000000000000e+00 0.000000000000000000e+00 0.000000000000000000e+00 0.000000000000000000e+00 0.000000000000000000e+00 0.000000000000000000e+00 0.000000000000000000e+00 0.000000000000000000e+00 0.000000000000000000e+00 0.000000000000000000e+00 0.000000000000000000e+00 0.000000000000000000e+00 0.000000000000000000e+00 0.000000000000000000e+00 0.000000000000000000e+00 0.000000000000000000e+00 0.000000000000000000e+00 0.000000000000000000e+00 0.000000000000000000e+00 0.000000000000000000e+00 0.000000000000000000e+00 0.000000000000000000e+00 0.000000000000000000e+00 0.000000000000000000e+00 0.000000000000000000e+00 0.000000000000000000e+00 0.000000000000000000e+00 0.000000000000000000e+00 0.000000000000000000e+00 0.000000000000000000e+00 0.000000000000000000e+00 0.000000000000000000e+00 0.000000000000000000e+00 0.000000000000000000e+00 0.000000000000000000e+00 0.000000000000000000e+00 0.000000000000000000e+00 0.000000000000000000e+00 0.000000000000000000e+00 0.000000000000000000e+00 0.000000000000000000e+00 0.000000000000000000e+00 0.000000000000000000e+00 0.000000000000000000e+00 0.000000000000000000e+00 0.000000000000000000e+00 0.000000000000000000e+00 0.000000000000000000e+00 0.000000000000000000e+00 0.000000000000000000e+00 0.000000000000000000e+00 0.000000000000000000e+00 0.000000000000000000e+00 0.000000000000000000e+00 0.000000000000000000e+00
2.463760722772061484e+00 1.287778123495601168e+00 5.110077404574978388e+00 1.684085548627089679e+01 5.052592537306756171e+00 -2.057862773827893399e+00 -1.622585008263961015e+00 -1.354168403326659842e+01 2.379451246270084539e+02 0.000000000000000000e+00 0.000000000000000000e+00 0.000000000000000000e+00 0.000000000000000000e+00 0.000000000000000000e+00 0.000000000000000000e+00 0.000000000000000000e+00 0.000000000000000000e+00 0.000000000000000000e+00 0.000000000000000000e+00 0.000000000000000000e+00 0.000000000000000000e+00 0.000000000000000000e+00 0.000000000000000000e+00 0.000000000000000000e+00 0.000000000000000000e+00 0.000000000000000000e+00 0.000000000000000000e+00 0.000000000000000000e+00 0.000000000000000000e+00 0.000000000000000000e+00 0.000000000000000000e+00 0.000000000000000000e+00 0.000000000000000000e+00 0.000000000000000000e+00 0.000000000000000000e+00 0.000000000000000000e+00 0.000000000000000000e+00 0.000000000000000000e+00 0.000000000000000000e+00 0.000000000000000000e+00 0.000000000000000000e+00 0.000000000000000000e+00 0.000000000000000000e+00 0.000000000000000000e+00 0.000000000000000000e+00 0.000000000000000000e+00 0.000000000000000000e+00 0.000000000000000000e+00 0.000000000000000000e+00 0.000000000000000000e+00 0.000000000000000000e+00 0.000000000000000000e+00 0.000000000000000000e+00 0.000000000000000000e+00 0.000000000000000000e+00 0.000000000000000000e+00 0.000000000000000000e+00 0.000000000000000000e+00 0.000000000000000000e+00 0.000000000000000000e+00 0.000000000000000000e+00 0.000000000000000000e+00 0.000000000000000000e+00 0.000000000000000000e+00 0.000000000000000000e+00 0.000000000000000000e+00 0.000000000000000000e+00 0.000000000000000000e+00 0.000000000000000000e+00 0.000000000000000000e+00 0.000000000000000000e+00 0.000000000000000000e+00 0.000000000000000000e+00 0.000000000000000000e+00 0.000000000000000000e+00 0.000000000000000000e+00 0.000000000000000000e+00 0.000000000000000000e+00 0.000000000000000000e+00 0.000000000000000000e+00 0.000000000000000000e+00 0.000000000000000000e+00 0.000000000000000000e+00 0.000000000000000000e+00 0.000000000000000000e+00 0.000000000000000000e+00 0.000000000000000000e+00 0.000000000000000000e+00 0.000000000000000000e+00 0.000000000000000000e+00 0.000000000000000000e+00 0.000000000000000000e+00 0.000000000000000000e+00 0.000000000000000000e+00 0.000000000000000000e+00 0.000000000000000000e+00 0.000000000000000000e+00 0.000000000000000000e+00 0.000000000000000000e+00 0.000000000000000000e+00
8.588403143659052219e+00 -1.121820995953805777e+01 -5.872418875417252160e+00 -1.778933015836607012e+01 -1.183911822023213034e+01 7.642484790412304108e+00 3.583067718404736013e+01 7.531816918377765901e+00 -1.126034079596858533e+02 -9.603501300494039938e+00 0.000000000000000000e+00 0.000000000000000000e+00 0.000000000000000000e+00 0.000000000000000000e+00 0.000000000000000000e+00 0.000000000000000000e+00 0.000000000000000000e+00 0.000000000000000000e+00 0.000000000000000000e+00 0.000000000000000000e+00 0.000000000000000000e+00 0.000000000000000000e+00 0.000000000000000000e+00 0.000000000000000000e+00 0.000000000000000000e+00 0.000000000000000000e+00 0.000000000000000000e+00 0.000000000000000000e+00 0.000000000000000000e+00 0.000000000000000000e+00 0.000000000000000000e+00 0.000000000000000000e+00 0.000000000000000000e+00 0.000000000000000000e+00 0.000000000000000000e+00 0.000000000000000000e+00 0.000000000000000000e+00 0.000000000000000000e+00 0.000000000000000000e+00 0.000000000000000000e+00 0.000000000000000000e+00 0.000000000000000000e+00 0.000000000000000000e+00 0.000000000000000000e+00 0.000000000000000000e+00 0.000000000000000000e+00 0.000000000000000000e+00 0.000000000000000000e+00 0.000000000000000000e+00 0.000000000000000000e+00 0.000000000000000000e+00 0.000000000000000000e+00 0.000000000000000000e+00 0.000000000000000000e+00 0.000000000000000000e+00 0.000000000000000000e+00 0.000000000000000000e+00 0.000000000000000000e+00 0.000000000000000000e+00 0.000000000000000000e+00 0.000000000000000000e+00 0.000000000000000000e+00 0.000000000000000000e+00 0.000000000000000000e+00 0.000000000000000000e+00 0.000000000000000000e+00 0.000000000000000000e+00 0.000000000000000000e+00 0.000000000000000000e+00 0.000000000000000000e+00 0.000000000000000000e+00 0.000000000000000000e+00 0.000000000000000000e+00 0.000000000000000000e+00 0.000000000000000000e+00 0.000000000000000000e+00 0.000000000000000000e+00 0.000000000000000000e+00 0.000000000000000000e+00 0.000000000000000000e+00 0.000000000000000000e+00 0.000000000000000000e+00 0.000000000000000000e+00 0.000000000000000000e+00 0.000000000000000000e+00 0.000000000000000000e+00 0.000000000000000000e+00 0.000000000000000000e+00 0.000000000000000000e+00 0.000000000000000000e+00 0.000000000000000000e+00 0.000000000000000000e+00 0.000000000000000000e+00 0.000000000000000000e+00 0.000000000000000000e+00 0.000000000000000000e+00 0.000000000000000000e+00 0.000000000000000000e+00 0.000000000000000000e+00 0.000000000000000000e+00
4.856573137866656786e+00 -4.475988704087125569e+00 -1.382747947374122433e+00 -5.558248939876611061e+00 2.462517303423474857e-01 1.849377522321949741e+00 6.580568066491090384e+00 -1.744269493100857549e+00 4.190361763447603494e+01 -4.002037717669434613e+00 9.781088985134491764e-01 0.000000000000000000e+00 0.000000000000000000e+00 0.000000000000000000e+00 0.000000000000000000e+00 0.000000000000000000e+00 0.000000000000000000e+00 0.000000000000000000e+00 0.000000000000000000e+00 0.000000000000000000e+00 0.000000000000000000e+00 0.000000000000000000e+00 0.000000000000000000e+00 0.000000000000000000e+00 0.000000000000000000e+00 0.000000000000000000e+00 0.000000000000000000e+00 0.000000000000000000e+00 0.000000000000000000e+00 0.000000000000000000e+00 0.000000000000000000e+00 0.000000000000000000e+00 0.000000000000000000e+00 0.000000000000000000e+00 0.000000000000000000e+00 0.000000000000000000e+00 0.000000000000000000e+00 0.000000000000000000e+00 0.000000000000000000e+00 0.000000000000000000e+00 0.000000000000000000e+00 0.000000000000000000e+00 0.000000000000000000e+00 0.000000000000000000e+00 0.000000000000000000e+00 0.000000000000000000e+00 0.000000000000000000e+00 0.000000000000000000e+00 0.000000000000000000e+00 0.000000000000000000e+00 0.000000000000000000e+00 0.000000000000000000e+00 0.000000000000000000e+00 0.000000000000000000e+00 0.000000000000000000e+00 0.000000000000000000e+00 0.000000000000000000e+00 0.000000000000000000e+00 0.000000000000000000e+00 0.000000000000000000e+00 0.000000000000000000e+00 0.000000000000000000e+00 0.000000000000000000e+00 0.000000000000000000e+00 0.000000000000000000e+00 0.000000000000000000e+00 0.000000000000000000e+00 0.000000000000000000e+00 0.000000000000000000e+00 0.000000000000000000e+00 0.000000000000000000e+00 0.000000000000000000e+00 0.000000000000000000e+00 0.000000000000000000e+00 0.000000000000000000e+00 0.000000000000000000e+00 0.000000000000000000e+00 0.000000000000000000e+00 0.000000000000000000e+00 0.000000000000000000e+00 0.000000000000000000e+00 0.000000000000000000e+00 0.000000000000000000e+00 0.000000000000000000e+00 0.000000000000000000e+00 0.000000000000000000e+00 0.000000000000000000e+00 0.000000000000000000e+00 0.000000000000000000e+00 0.000000000000000000e+00 0.000000000000000000e+00 0.000000000000000000e+00 0.000000000000000000e+00 0.000000000000000000e+00 0.000000000000000000e+00 0.000000000000000000e+00 0.000000000000000000e+00 0.000000000000000000e+00 0.000000000000000000e+00 0.000000000000000000e+00
1.613297907632572858e+00 5.474897781272796138e-01 6.790795369487970135e+00 2.794241863614415067e+01 -8.089105572511055442e+00 5.421248165875007352e+00 2.504127967071763905e+01 2.673973750982845843e+00 -3.474388504058925520e+01 -1.329431911495337459e+01 -8.782848859405056885e-02 7.932907098887122643e+00 0.000000000000000000e+00 0.000000000000000000e+00 0.000000000000000000e+00 0.000000000000000000e+00 0.000000000000000000e+00 0.000000000000000000e+00 0.000000000000000000e+00 0.000000000000000000e+00 0.000000000000000000e+00 0.000000000000000000e+00 0.000000000000000000e+00 0.000000000000000000e+00 0.000000000000000000e+00 0.000000000000000000e+00 0.000000000000000000e+00 0.000000000000000000e+00 0.000000000000000000e+00 0.000000000000000000e+00 0.000000000000000000e+00 0.000000000000000000e+00 0.000000000000000000e+00 0.000000000000000000e+00 0.000000000000000000e+00 0.000000000000000000e+00 0.000000000000000000e+00 0.000000000000000000e+00 0.000000000000000000e+00 0.000000000000000000e+00 0.000000000000000000e+00 0.000000000000000000e+00 0.000000000000000000e+00 0.000000000000000000e+00 0.000000000000000000e+00 0.000000000000000000e+00 0.000000000000000000e+00 0.000000000000000000e+00 0.000000000000000000e+00 0.000000000000000000e+00 0.000000000000000000e+00 0.000000000000000000e+00 0.000000000000000000e+00 0.000000000000000000e+00 0.000000000000000000e+00 0.000000000000000000e+00 0.000000000000000000e+00 0.000000000000000000e+00 0.000000000000000000e+00 0.000000000000000000e+00 0.000000000000000000e+00 0.000000000000000000e+00 0.000000000000000000e+00 0.000000000000000000e+00 0.000000000000000000e+00 0.000000000000000000e+00 0.000000000000000000e+00 0.000000000000000000e+00 0.000000000000000000e+00 0.000000000000000000e+00 0.000000000000000000e+00 0.000000000000000000e+00 0.000000000000000000e+00 0.000000000000000000e+00 0.000000000000000000e+00 0.000000000000000000e+00 0.000000000000000000e+00 0.000000000000000000e+00 0.000000000000000000e+00 0.000000000000000000e+00 0.000000000000000000e+00 0.000000000000000000e+00 0.000000000000000000e+00 0.000000000000000000e+00 0.000000000000000000e+00 0.000000000000000000e+00 0.000000000000000000e+00 0.000000000000000000e+00 0.000000000000000000e+00 0.000000000000000000e+00 0.000000000000000000e+00 0.000000000000000000e+00 0.000000000000000000e+00 0.000000000000000000e+00 0.000000000000000000e+00 0.000000000000000000e+00 0.000000000000000000e+00 0.000000000000000000e+00 0.000000000000000000e+00 0.000000000000000000e+00
1.045163350371162592e+00 2.932897118651476287e-01 6.266159553124500903e+00 2.376397561522226454e+01 1.504193248591242593e+00 -5.331511267231636708e-01 -3.673520545559335382e+00 7.335943080988140963e-01 -1.365765734271968768e+01 8.809932229840093498e+00 -6.813537689478872394e+00 5.444298883391326171e+01 5.252250071080937488e+01 0.000000000000000000e+00 0.000000000000000000e+00 0.000000000000000000e+00 0.000000000000000000e+00 0.000000000000000000e+00 0.000000000000000000e+00 0.000000000000000000e+00 0.000000000000000000e+00 0.000000000000000000e+00 0.000000000000000000e+00 0.000000000000000000e+00 0.000000000000000000e+00 0.000000000000000000e+00 0.000000000000000000e+00 0.000000000000000000e+00 0.000000000000000000e+00 0.000000000000000000e+00 0.000000000000000000e+00 0.000000000000000000e+00 0.000000000000000000e+00 0.000000000000000000e+00 0.000000000000000000e+00 0.000000000000000000e+00 0.000000000000000000e+00 0.000000000000000000e+00 0.000000000000000000e+00 0.000000000000000000e+00 0.000000000000000000e+00 0.000000000000000000e+00 0.000000000000000000e+00 0.000000000000000000e+00 0.000000000000000000e+00 0.000000000000000000e+00 0.000000000000000000e+00 0.000000000000000000e+00 0.000000000000000000e+00 0.000000000000000000e+00 0.000000000000000000e+00 0.000000000000000000e+00 0.000000000000000000e+00 0.000000000000000000e+00 0.000000000000000000e+00 0.000000000000000000e+00 0.000000000000000000e+00 0.000000000000000000e+00 0.000000000000000000e+00 0.000000000000000000e+00 0.000000000000000000e+00 0.000000000000000000e+00 0.000000000000000000e+00 0.000000000000000000e+00 0.000000000000000000e+00 0.000000000000000000e+00 0.000000000000000000e+00 0.000000000000000000e+00 0.000000000000000000e+00 0.000000000000000000e+00 0.000000000000000000e+00 0.000000000000000000e+00 0.000000000000000000e+00 0.000000000000000000e+00 0.000000000000000000e+00 0.000000000000000000e+00 0.000000000000000000e+00 0.000000000000000000e+00 0.000000000000000000e+00 0.000000000000000000e+00 0.000000000000000000e+00 0.000000000000000000e+00 0.000000000000000000e+00 0.000000000000000000e+00 0.000000000000000000e+00 0.000000000000000000e+00 0.000000000000000000e+00 0.000000000000000000e+00 0.000000000000000000e+00 0.000000000000000000e+00 0.000000000000000000e+00 0.000000000000000000e+00 0.000000000000000000e+00 0.000000000000000000e+00 0.000000000000000000e+00 0.000000000000000000e+00 0.000000000000000000e+00 0.000000000000000000e+00 0.000000000000000000e+00 0.000000000000000000e+00
4.668007278405131188e+00 -2.779230788098772997e+00 8.556059086255451973e-03 5.486869066373054160e+00 -7.833833347780521095e+00 8.620585685526993558e-02 -2.840323207049495480e+00 1.475016292567907339e+00 -3.209307336570005020e+01 -8.824495447300344964e+00 2.966549436689658314e+00 -2.847911653095735574e+01 -3.357395909551166824e+01 -1.240698261609165520e+01 0.000000000000000000e+00 0.000000000000000000e+00 0.000000000000000000e+00 0.000000000000000000e+00 0.000000000000000000e+00 0.000000000000000000e+00 0.000000000000000000e+00 0.000000000000000000e+00 0.000000000000000000e+00 0.000000000000000000e+00 0.000000000000000000e+00 0.000000000000000000e+00 0.000000000000000000e+00 0.000000000000000000e+00 0.000000000000000000e+00 0.000000000000000000e+00 0.000000000000000000e+00 0.000000000000000000e+00 0.000000000000000000e+00 0.000000000000000000e+00 0.000000000000000000e+00 0.000000000000000000e+00 0.000000000000000000e+00 0.000000000000000000e+00 0.000000000000000000e+00 0.000000000000000000e+00 0.000000000000000000e+00 0.000000000000000000e+00 0.000000000000000000e+00 0.000000000000000000e+00 0.000000000000000000e+00 0.000000000000000000e+00 0.000000000000000000e+00 0.000000000000000000e+00 0.000000000000000000e+00 0.000000000000000000e+00 0.000000000000000000e+00 0.000000000000000000e+00 0.000000000000000000e+00 0.000000000000000000e+00 0.000000000000000000e+00 0.000000000000000000e+00 0.000000000000000000e+00 0.000000000000000000e+00 0.000000000000000000e+00 0.000000000000000000e+00 0.000000000000000000e+00 0.000000000000000000e+00 0.000000000000000000e+00 0.000000000000000000e+00 0.000000000000000000e+00 0.000000000000000000e+00 0.000000000000000000e+00 0.000000000000000000e+00 0.000000000000000000e+00 0.000000000000000000e+00 0.000000000000000000e+00 0.000000000000000000e+00 0.000000000000000000e+00 0.000000000000000000e+00 0.000000000000000000e+00 0.000000000000000000e+00 0.000000000000000000e+00 0.000000000000000000e+00 0.000000000000000000e+00 0.000000000000000000e+00 0.000000000000000000e+00 0.000000000000000000e+00 0.000000000000000000e+00 0.000000000000000000e+00 0.000000000000000000e+00 0.000000000000000000e+00 0.000000000000000000e+00 0.000000000000000000e+00 0.000000000000000000e+00 0.000000000000000000e+00 0.000000000000000000e+00 0.000000000000000000e+00 0.000000000000000000e+00 0.000000000000000000e+00 0.000000000000000000e+00 0.000000000000000000e+00 0.000000000000000000e+00 0.000000000000000000e+00 0.000000000000000000e+00 0.000000000000000000e+00
8.824288312087711361e+00 -4.255163108882626943e+00 -2.054163729348006839e+00 -1.072629883032697506e+01 1.086556703376461286e+01 -4.800250484572925025e+00 -2.629739965084901243e+01 -6.639598434867655996e+00 1.049182191884900988e+02 6.811435361473602512e+00 -9.352359128427600865e-02 -2.275829378841647710e+00 -6.594775357409942806e+00 -1.809055132924348186e+01 -6.866770160993528549e+00 0.000000000000000000e+00 0.000000000000000000e+00 0.000000000000000000e+00 0.000000000000000000e+00 0.000000000000000000e+00 0.000000000000000000e+00 0.000000000000000000e+00 0.000000000000000000e+00 0.000000000000000000e+00 0.000000000000000000e+00 0.000000000000000000e+00 0.000000000000000000e+00 0.000000000000000000e+00 0.000000000000000000e+00 0.000000000000000000e+00 0.000000000000000000e+00 0.000000000000000000e+00 0.000000000000000000e+00 0.000000000000000000e+00 0.000000000000000000e+00 0.000000000000000000e+00 0.000000000000000000e+00 0.000000000000000000e+00 0.000000000000000000e+00 0.000000000000000000e+00 0.000000000000000000e+00 0.000000000000000000e+00 0.000000000000000000e+00 0.000000000000000000e+00 0.000000000000000000e+00 0.000000000000000000e+00 0.000000000000000000e+00 0.000000000000000000e+00 0.000000000000000000e+00 0.000000000000000000e+00 0.000000000000000000e+00 0.000000000000000000e+00 0.000000000000000000e+00 0.000000000000000000e+00 0.000000000000000000e+00 0.000000000000000000e+00 0.000000000000000000e+00 0.000000000000000000e+00 0.000000000000000000e+00 0.000000000000000000e+00 0.000000000000000000e+00 0.000000000000000000e+00 0.000000000000000000e+00 0.000000000000000000e+00 0.000000000000000000e+00 0.000000000000000000e+00 0.000000000000000000e+00 0.000000000000000000e+00 0.000000000000000000e+00 0.000000000000000000e+00 0.000000000000000000e+00 0.000000000000000000e+00 0.000000000000000000e+00 0.000000000000000000e+00 0.000000000000000000e+00 0.000000000000000000e+00 0.000000000000000000e+00 0.000000000000000000e+00 0.000000000000000000e+00 0.000000000000000000e+00 0.000000000000000000e+00 0.000000000000000000e+00 0.000000000000000000e+00 0.000000000000000000e+00 0.000000000000000000e+00 0.000000000000000000e+00 0.000000000000000000e+00 0.000000000000000000e+00 0.000000000000000000e+00 0.000000000000000000e+00 0.000000000000000000e+00 0.000000000000000000e+00 0.000000000000000000e+00 0.000000000000000000e+00 0.000000000000000000e+00 0.000000000000000000e+00 0.000000000000000000e+00 0.000000000000000000e+00 0.000000000000000000e+00 0.000000000000000000e+00
2.733336895389164134e+00 1.434849533133673916e+00 -3.720449244878674122e-01 8.814987343072715476e-01 -6.888374381342767805e-01 -7.432931500975015204e-01 -1.622589200893111538e+00 -4.616166316765648148e+00 8.578514691606055464e+01 7.136329037919981744e+00 -6.320424042861813696e+00 5.409192804229126494e+01 4.682511883953480236e+01 -7.233703023033712931e+00 9.751073533415354433e+00 -3.946278802805579033e+01 0.000000000000000000e+00 0.000000000000000000e+00 0.000000000000000000e+00 0.000000000000000000e+00 0.000000000000000000e+00 0.000000000000000000e+00 0.000000000000000000e+00 0.000000000000000000e+00 0.000000000000000000e+00 0.000000000000000000e+00 0.000000000000000000e+00 0.000000000000000000e+00 0.000000000000000000e+00 0.000000000000000000e+00 0.000000000000000000e+00 0.000000000000000000e+00 0.000000000000000000e+00 0.000000000000000000e+00 0.000000000000000000e+00 0.000000000000000000e+00 0.000000000000000000e+00 0.000000000000000000e+00 0.000000000000000000e+00 0.000000000000000000e+00 0.000000000000000000e+00 0.000000000000000000e+00 0.000000000000000000e+00 0.000000000000000000e+00 0.000000000000000000e+00 0.000000000000000000e+00 0.000000000000000000e+00 0.000000000000000000e+00 0.000000000000000000e+00 0.000000000000000000e+00 0.000000000000000000e+00 0.000000000000000000e+00 0.000000000000000000e+00 0.000000000000000000e+00 0.000000000000000000e+00 0.000000000000000000e+00 0.000000000000000000e+00 0.000000000000000000e+00 0.000000000000000000e+00 0.000000000000000000e+00 0.000000000000000000e+00 0.000000000000000000e+00 0.000000000000000000e+00 0.000000000000000000e+00 0.000000000000000000e+00 0.000000000000000000e+00 0.000000000000000000e+00 0.000000000000000000e+00 0.000000000000000000e+00 0.000000000000000000e+00 0.000000000000000000e+00 0.000000000000000000e+00 0.000000000000000000e+00 0.000000000000000000e+00 0.000000000000000000e+00 0.000000000000000000e+00 0.000000000000000000e+00 0.000000000000000000e+00 0.000000000000000000e+00 0.000000000000000000e+00 0.000000000000000000e+00 0.000000000000000000e+00 0.000000000000000000e+00 0.000000000000000000e+00 0.000000000000000000e+00 0.000000000000000000e+00 0.000000000000000000e+00 0.000000000000000000e+00 0.000000000000000000e+00 0.000000000000000000e+00 0.000000000000000000e+00 0.000000000000000000e+00 0.000000000000000000e+00 0.000000000000000000e+00 0.000000000000000000e+00 0.000000000000000000e+00 0.000000000000000000e+00 0.000000000000000000e+00 0.000000000000000000e+00 0.000000000000000000e+00
6.250975171798539343e+00 -1.925057389082913240e+00 3.037780072487805683e-01 1.493340383739720778e+00 2.094579585187998916e-01 -1.079439744246482036e-01 -1.710902757604439994e+00 -1.075020729891702054e+00 1.449147231737236652e+01 -4.175348181861862074e+00 -2.199329279070387777e+00 2.369160052703395891e+01 1.536538671476576567e+01 -2.601895327680972869e+00 -9.481594005611131415e-01 1.353576838606925570e+00 -1.443790457554018047e+01 0.000000000000000000e+00 0.000000000000000000e+00 0.000000000000000000e+00 0.000000000000000000e+00 0.000000000000000000e+00 0.000000000000000000e+00 0.000000000000000000e+00 0.000000000000000000e+00 0.000000000000000000e+00 0.000000000000000000e+00 0.000000000000000000e+00 0.000000000000000000e+00 0.000000000000000000e+00 0.000000000000000000e+00 0.000000000000000000e+00 0.000000000000000000e+00 0.000000000000000000e+00 0.000000000000000000e+00 0.000000000000000000e+00 0.000000000000000000e+00 0.000000000000000000e+00 0.000000000000000000e+00 0.000000000000000000e+00 0.000000000000000000e+00 0.000000000000000000e+00 0.000000000000000000e+00 0.000000000000000000e+00 0.000000000000000000e+00 0.000000000000000000e+00 0.000000000000000000e+00 0.000000000000000000e+00 0.000000000000000000e+00 0.000000000000000000e+00 0.000000000000000000e+00 0.000000000000000000e+00 0.000000000000000000e+00 0.000000000000000000e+00 0.000000000000000000e+00 0.000000000000000000e+00 0.000000000000000000e+00 0.000000000000000000e+00 0.000000000000000000e+00 0.000000000000000000e+00 0.000000000000000000e+00 0.000000000000000000e+00 0.000000000000000000e+00 0.000000000000000000e+00 0.000000000000000000e+00 0.000000000000000000e+00 0.000000000000000000e+00 0.000000000000000000e+00 0.000000000000000000e+00 0.000000000000000000e+00 0.000000000000000000e+00 0.000000000000000000e+00 0.000000000000000000e+00 0.000000000000000000e+00 0.000000000000000000e+00 0.000000000000000000e+00 0.000000000000000000e+00 0.000000000000000000e+00 0.000000000000000000e+00 0.000000000000000000e+00 0.000000000000000000e+00 0.000000000000000000e+00 0.000000000000000000e+00 0.000000000000000000e+00 0.000000000000000000e+00 0.000000000000000000e+00 0.000000000000000000e+00 0.000000000000000000e+00 0.000000000000000000e+00 0.000000000000000000e+00 0.000000000000000000e+00 0.000000000000000000e+00 0.000000000000000000e+00 0.000000000000000000e+00 0.000000000000000000e+00 0.000000000000000000e+00 0.000000000000000000e+00 0.000000000000000000e+00 0.000000000000000000e+00 0.000000000000000000e+00
1.983332827022228351e+00 -4.151716250270043318e-02 2.118353915566904000e+00 9.859227060610471938e+00 -4.512414127904925465e+00 7.396173161138445806e+00 2.109476540163383618e+01 1.465534607297157876e+01 -2.284732478680621739e+02 -4.077874084114547770e+00 -2.316658357723144768e+00 2.147573195065096385e+01 2.009950489924760575e+01 9.165617605400981915e+00 1.207660181973096414e+01 -2.613574739138076808e+01 1.079250213185328988e+01 8.674709349187411433e+00 0.000000000000000000e+00 0.000000000000000000e+00 0.000000000000000000e+00 0.000000000000000000e+00 0.000000000000000000e+00 0.000000000000000000e+00 0.000000000000000000e+00 0.000000000000000000e+00 0.000000000000000000e+00 0.000000000000000000e+00 0.000000000000000000e+00 0.000000000000000000e+00 0.000000000000000000e+00 0.000000000000000000e+00 0.000000000000000000e+00 0.000000000000000000e+00 0.000000000000000000e+00 0.000000000000000000e+00 0.000000000000000000e+00 0.000000000000000000e+00 0.000000000000000000e+00 0.000000000000000000e+00 0.000000000000000000e+00 0.000000000000000000e+00 0.000000000000000000e+00 0.000000000000000000e+00 0.000000000000000000e+00 0.000000000000000000e+00 0.000000000000000000e+00 0.000000000000000000e+00 0.000000000000000000e+00 0.000000000000000000e+00 0.000000000000000000e+00 0.000000000000000000e+00 0.000000000000000000e+00 0.000000000000000000e+00 0.000000000000000000e+00 0.000000000000000000e+00 0.000000000000000000e+00 0.000000000000000000e+00 0.000000000000000000e+00 0.000000000000000000e+00 0.000000000000000000e+00 0.000000000000000000e+00 0.000000000000000000e+00 0.000000000000000000e+00 0.000000000000000000e+00 0.000000000000000000e+00 0.000000000000000000e+00 0.000000000000000000e+00 0.000000000000000000e+00 0.000000000000000000e+00 0.000000000000000000e+00 0.000000000000000000e+00 0.000000000000000000e+00 0.000000000000000000e+00 0.000000000000000000e+00 0.000000000000000000e+00 0.000000000000000000e+00 0.000000000000000000e+00 0.000000000000000000e+00 0.000000000000000000e+00 0.000000000000000000e+00 0.000000000000000000e+00 0.000000000000000000e+00 0.000000000000000000e+00 0.000000000000000000e+00 0.000000000000000000e+00 0.000000000000000000e+00 0.000000000000000000e+00 0.000000000000000000e+00 0.000000000000000000e+00 0.000000000000000000e+00 0.000000000000000000e+00 0.000000000000000000e+00 0.000000000000000000e+00 0.000000000000000000e+00 0.000000000000000000e+00 0.000000000000000000e+00 0.000000000000000000e+00 0.000000000000000000e+00 0.000000000000000000e+00
4.325011459883366882e+00 1.779404811267042419e-01 2.096482281539437054e+00 1.309596118384614272e+01 -7.904343987938890592e+00 4.683912360167592048e+00 1.450302848957256074e+01 2.816573796916586048e-01 1.409906430584133297e+01 -1.830465632824417099e+01 5.240998950642392629e-01 4.978356911454786093e+00 -1.784384984423743603e+01 -1.573057232696123187e+01 1.596607314155573221e+01 -6.468004825546421444e+01 -1.176456519456907657e+01 -3.221107356335768834e+00 -2.899493428926440686e+00 0.000000000000000000e+00 0.000000000000000000e+00 0.000000000000000000e+00 0.000000000000000000e+00 0.000000000000000000e+00 0.000000000000000000e+00 0.000000000000000000e+00 0.000000000000000000e+00 0.000000000000000000e+00 0.000000000000000000e+00 0.000000000000000000e+00 0.000000000000000000e+00 0.000000000000000000e+00 0.000000000000000000e+00 0.000000000000000000e+00 0.000000000000000000e+00 0.000000000000000000e+00 0.000000000000000000e+00 0.000000000000000000e+00 0.000000000000000000e+00 0.000000000000000000e+00 0.000000000000000000e+00 0.000000000000000000e+00 0.000000000000000000e+00 0.000000000000000000e+00 0.000000000000000000e+00 0.000000000000000000e+00 0.000000000000000000e+00 0.000000000000000000e+00 0.000000000000000000e+00 0.000000000000000000e+00 0.000000000000000000e+00 0.000000000000000000e+00 0.000000000000000000e+00 0.000000000000000000e+00 0.000000000000000000e+00 0.000000000000000000e+00 0.000000000000000000e+00 0.000000000000000000e+00 0.000000000000000000e+00 0.000000000000000000e+00 0.000000000000000000e+00 0.000000000000000000e+00 0.000000000000000000e+00 0.000000000000000000e+00 0.000000000000000000e+00 0.000000000000000000e+00 0.000000000000000000e+00 0.000000000000000000e+00 0.000000000000000000e+00 0.000000000000000000e+00 0.000000000000000000e+00 0.000000000000000000e+00 0.000000000000000000e+00 0.000000000000000000e+00 0.000000000000000000e+00 0.000000000000000000e+00 0.000000000000000000e+00 0.000000000000000000e+00 0.000000000000000000e+00 0.000000000000000000e+00 0.000000000000000000e+00 0.000000000000000000e+00 0.000000000000000000e+00 0.000000000000000000e+00 0.000000000000000000e+00 0.000000000000000000e+00 0.000000000000000000e+00 0.000000000000000000e+00 0.000000000000000000e+00 0.000000000000000000e+00 0.000000000000000000e+00 0.000000000000000000e+00 0.000000000000000000e+00 0.000000000000000000e+00 0.000000000000000000e+00 0.000000000000000000e+00 0.000000000000000000e+00 0.000000000000000000e+00 0.000000000000000000e+00 0.000000000000000000e+00
9.704391688101908997e+00 -8.490807433617925781e+00 -5.160838173652108729e+00 -1.544599720424546518e+01 -5.839286953890628240e+00 5.419139955090928495e+00 1.736355109947933784e+01 1.201453604588666568e+00 -4.508897120356365917e+00 -2.656710188402796291e+01 6.907502118426002369e+00 -4.767425030618642268e+01 -6.240083810243034890e+01 -1.390730834516019598e+01 -4.070894407022951356e-02 -1.882240613915774219e+01 -1.427351148541992742e+01 -3.026332326822041452e+00 2.672941574813947341e-01 -1.020015528352749357e+01 0.000000000000000000e+00 0.000000000000000000e+00 0.000000000000000000e+00 0.000000000000000000e+00 0.000000000000000000e+00 0.000000000000000000e+00 0.000000000000000000e+00 0.000000000000000000e+00 0.000000000000000000e+00 0.000000000000000000e+00 0.000000000000000000e+00 0.000000000000000000e+00 0.000000000000000000e+00 0.000000000000000000e+00 0.000000000000000000e+00 0.000000000000000000e+00 0.000000000000000000e+00 0.000000000000000000e+00 0.000000000000000000e+00 0.000000000000000000e+00 0.000000000000000000e+00 0.000000000000000000e+00 0.000000000000000000e+00 0.000000000000000000e+00 0.000000000000000000e+00 0.000000000000000000e+00 0.000000000000000000e+00 0.000000000000000000e+00 0.000000000000000000e+00 0.000000000000000000e+00 0.000000000000000000e+00 0.000000000000000000e+00 0.000000000000000000e+00 0.000000000000000000e+00 0.000000000000000000e+00 0.000000000000000000e+00 0.000000000000000000e+00 0.000000000000000000e+00 0.000000000000000000e+00 0.000000000000000000e+00 0.000000000000000000e+00 0.000000000000000000e+00 0.000000000000000000e+00 0.000000000000000000e+00 0.000000000000000000e+00 0.000000000000000000e+00 0.000000000000000000e+00 0.000000000000000000e+00 0.000000000000000000e+00 0.000000000000000000e+00 0.000000000000000000e+00 0.000000000000000000e+00 0.000000000000000000e+00 0.000000000000000000e+00 0.000000000000000000e+00 0.000000000000000000e+00 0.000000000000000000e+00 0.000000000000000000e+00 0.000000000000000000e+00 0.000000000000000000e+00 0.000000000000000000e+00 0.000000000000000000e+00 0.000000000000000000e+00 0.000000000000000000e+00 0.000000000000000000e+00 0.000000000000000000e+00 0.000000000000000000e+00 0.000000000000000000e+00 0.000000000000000000e+00 0.000000000000000000e+00 0.000000000000000000e+00 0.000000000000000000e+00 0.000000000000000000e+00 0.000000000000000000e+00 0.000000000000000000e+00 0.000000000000000000e+00 0.000000000000000000e+00 0.000000000000000000e+00 0.000000000000000000e+00 0.000000000000000000e+00
6.950511977560148935e+00 -7.937915723987138072e+00 -4.876627428591097768e+00 -1.070474185828314795e+01 -1.888431564284935860e+01 5.762322556135354823e+00 3.114438294841679067e+01 3.656563050149330252e+00 -5.517214893222166694e+01 -1.175944828433869382e+01 1.556948544037022764e+00 -7.307288457808951421e+00 -8.788462807557248624e+00 4.482876346357024033e+00 -5.714001333080513945e-01 1.710005392039944638e+01 -1.012564807621652641e+01 -1.427277718469621526e+01 -6.125193348532836701e+00 1.110850339075410886e+01 -3.860944476909043743e+01 0.000000000000000000e+00 0.000000000000000000e+00 0.000000000000000000e+00 0.000000000000000000e+00 0.000000000000000000e+00 0.000000000000000000e+00 0.000000000000000000e+00 0.000000000000000000e+00 0.000000000000000000e+00 0.000000000000000000e+00 0.000000000000000000e+00 0.000000000000000000e+00 0.000000000000000000e+00 0.000000000000000000e+00 0.000000000000000000e+00 0.000000000000000000e+00 0.000000000000000000e+00 0.000000000000000000e+00 0.000000000000000000e+00 0.000000000000000000e+00 0.000000000000000000e+00 0.000000000000000000e+00 0.000000000000000000e+00 0.000000000000000000e+00 0.000000000000000000e+00 0.000000000000000000e+00 0.000000000000000000e+00 0.000000000000000000e+00 0.000000000000000000e+00 0.000000000000000000e+00 0.000000000000000000e+00 0.000000000000000000e+00 0.000000000000000000e+00 0.000000000000000000e+00 0.000000000000000000e+00 0.000000000000000000e+00 0.000000000000000000e+00 0.000000000000000000e+00 0.000000000000000000e+00 0.000000000000000000e+00 0.000000000000000000e+00 0.000000000000000000e+00 0.000000000000000000e+00 0.000000000000000000e+00 0.000000000000000000e+00 0.000000000000000000e+00 0.000000000000000000e+00 0.000000000000000000e+00 0.000000000000000000e+00 0.000000000000000000e+00 0.000000000000000000e+00 0.000000000000000000e+00 0.000000000000000000e+00 0.000000000000000000e+00 0.000000000000000000e+00 0.000000000000000000e+00 0.000000000000000000e+00 0.000000000000000000e+00 0.000000000000000000e+00 0.000000000000000000e+00 0.000000000000000000e+00 0.000000000000000000e+00 0.000000000000000000e+00 0.000000000000000000e+00 0.000000000000000000e+00 0.000000000000000000e+00 0.000000000000000000e+00 0.000000000000000000e+00 0.000000000000000000e+00 0.000000000000000000e+00 0.000000000000000000e+00 0.000000000000000000e+00 0.000000000000000000e+00 0.000000000000000000e+00 0.000000000000000000e+00 0.000000000000000000e+00 0.000000000000000000e+00 0.000000000000000000e+00 0.000000000000000000e+00
2.580559426126042499e+00 4.560483610665353460e-01 5.808403188977680820e+00 2.127158054281583333e+01 5.541683890826580416e+00 -1.304524247304109430e+00 -1.336455989192083749e+01 4.389981774390523839e+00 -7.752731620437373294e+01 6.989011609776706990e+00 -6.306164903743885830e+00 4.708867135669631665e+01 4.209738801229805460e+01 -7.114646524771790048e+00 4.711431985584706439e+00 -1.783349206149014776e+01 -4.899496166693415589e-01 8.388713652392625342e-01 8.192710847450150879e-01 -6.741268440769463410e-01 1.564828106745103398e+01 -3.124089558295388258e+00 0.000000000000000000e+00 0.000000000000000000e+00 0.000000000000000000e+00 0.000000000000000000e+00 0.000000000000000000e+00 0.000000000000000000e+00 0.000000000000000000e+00 0.000000000000000000e+00 0.000000000000000000e+00 0.000000000000000000e+00 0.000000000000000000e+00 0.000000000000000000e+00 0.000000000000000000e+00 0.000000000000000000e+00 0.000000000000000000e+00 0.000000000000000000e+00 0.000000000000000000e+00 0.000000000000000000e+00 0.000000000000000000e+00 0.000000000000000000e+00 0.000000000000000000e+00 0.000000000000000000e+00 0.000000000000000000e+00 0.000000000000000000e+00 0.000000000000000000e+00 0.000000000000000000e+00 0.000000000000000000e+00 0.000000000000000000e+00 0.000000000000000000e+00 0.000000000000000000e+00 0.000000000000000000e+00 0.000000000000000000e+00 0.000000000000000000e+00 0.000000000000000000e+00 0.000000000000000000e+00 0.000000000000000000e+00 0.000000000000000000e+00 0.000000000000000000e+00 0.000000000000000000e+00 0.000000000000000000e+00 0.000000000000000000e+00 0.000000000000000000e+00 0.000000000000000000e+00 0.000000000000000000e+00 0.000000000000000000e+00 0.000000000000000000e+00 0.000000000000000000e+00 0.000000000000000000e+00 0.000000000000000000e+00 0.000000000000000000e+00 0.000000000000000000e+00 0.000000000000000000e+00 0.000000000000000000e+00 0.000000000000000000e+00 0.000000000000000000e+00 0.000000000000000000e+00 0.000000000000000000e+00 0.000000000000000000e+00 0.000000000000000000e+00 0.000000000000000000e+00 0.000000000000000000e+00 0.000000000000000000e+00 0.000000000000000000e+00 0.000000000000000000e+00 0.000000000000000000e+00 0.000000000000000000e+00 0.000000000000000000e+00 0.000000000000000000e+00 0.000000000000000000e+00 0.000000000000000000e+00 0.000000000000000000e+00 0.000000000000000000e+00 0.000000000000000000e+00 0.000000000000000000e+00 0.000000000000000000e+00 0.000000000000000000e+00 0.000000000000000000e+00 0.000000000000000000e+00
9.963069339130345980e+00 -5.102517444519401479e+00 -8.155874904310365991e+00 -2.680590664461336559e+01 -8.865776858909850233e+00 2.260120125113372236e+00 1.335335273451235061e+01 -3.624717561761521267e+00 6.314886664919016113e+01 -1.994535555726584519e+01 3.514427630650611256e+00 -9.125320742695263831e+00 -2.543736471666554166e+01 -6.523542788413667637e+00 1.380933696715047176e+00 -1.018445883415985875e+01 -2.020356828830829699e+01 -8.566688156503216689e+00 -6.675438276509751745e+00 1.947636015614822824e+01 -9.055801318937161781e+00 1.715061691380643438e+01 6.469658130236734195e+00 0.000000000000000000e+00 0.000000000000000000e+00 0.000000000000000000e+00 0.000000000000000000e+00 0.000000000000000000e+00 0.000000000000000000e+00 0.000000000000000000e+00 0.000000000000000000e+00 0.000000000000000000e+00 0.000000000000000000e+00 0.000000000000000000e+00 0.000000000000000000e+00 0.000000000000000000e+00 0.000000000000000000e+00 0.000000000000000000e+00 0.000000000000000000e+00 0.000000000000000000e+00 0.000000000000000000e+00 0.000000000000000000e+00 0.000000000000000000e+00 0.000000000000000000e+00 0.000000000000000000e+00 0.000000000000000000e+00 0.000000000000000000e+00 0.000000000000000000e+00 0.000000000000000000e+00 0.000000000000000000e+00 0.000000000000000000e+00 0.000000000000000000e+00 0.000000000000000000e+00 0.000000000000000000e+00 0.000000000000000000e+00 0.000000000000000000e+00 0.000000000000000000e+00 0.000000000000000000e+00 0.000000000000000000e+00 0.000000000000000000e+00 0.000000000000000000e+00 0.000000000000000000e+00 0.000000000000000000e+00 0.000000000000000000e+00 0.000000000000000000e+00 0.000000000000000000e+00 0.000000000000000000e+00 0.000000000000000000e+00 0.000000000000000000e+00 0.000000000000000000e+00 0.000000000000000000e+00 0.000000000000000000e+00 0.000000000000000000e+00 0.000000000000000000e+00 0.000000000000000000e+00 0.000000000000000000e+00 0.000000000000000000e+00 0.000000000000000000e+00 0.000000000000000000e+00 0.000000000000000000e+00 0.000000000000000000e+00 0.000000000000000000e+00 0.000000000000000000e+00 0.000000000000000000e+00 0.000000000000000000e+00 0.000000000000000000e+00 0.000000000000000000e+00 0.000000000000000000e+00 0.000000000000000000e+00 0.000000000000000000e+00 0.000000000000000000e+00 0.000000000000000000e+00 0.000000000000000000e+00 0.000000000000000000e+00 0.000000000000000000e+00 0.000000000000000000e+00 0.000000000000000000e+00 0.000000000000000000e+00 0.000000000000000000e+00 0.000000000000000000e+00
9.415272957897849793e+00 -5.529301154079776737e+00 -8.548108912977642859e+00 -2.656719070264209392e+01 -1.441573612967113149e+01 6.859255226313975662e+00 3.506297544276277733e+01 -2.464999002350264146e+00 6.309169515006804829e+01 -2.189622554313466196e+01 -3.029705308253390683e+00 5.348834471459886686e+01 2.671038710942822547e+01 -1.012021168973042329e+01 1.033790753223487435e+01 -5.515430218818239894e+01 -2.138192558887224948e+01 -1.527447394997212271e+01 -7.787980045187508082e+00 2.781604932600875824e+00 -4.148817867750644695e+01 -1.815671406233795082e+00 6.640594339302111848e+00 1.729984300673593545e+00 0.000000000000000000e+00 0.000000000000000000e+00 0.000000000000000000e+00 0.000000000000000000e+00 0.000000000000000000e+00 0.000000000000000000e+00 0.000000000000000000e+00 0.000000000000000000e+00 0.000000000000000000e+00 0.000000000000000000e+00 0.000000000000000000e+00 0.000000000000000000e+00 0.000000000000000000e+00 0.000000000000000000e+00 0.000000000000000000e+00 0.000000000000000000e+00 0.000000000000000000e+00 0.000000000000000000e+00 0.000000000000000000e+00 0.000000000000000000e+00 0.000000000000000000e+00 0.000000000000000000e+00 0.000000000000000000e+00 0.000000000000000000e+00 0.000000000000000000e+00 0.000000000000000000e+00 0.000000000000000000e+00 0.000000000000000000e+00 0.000000000000000000e+00 0.000000000000000000e+00 0.000000000000000000e+00 0.000000000000000000e+00 0.000000000000000000e+00 0.000000000000000000e+00 0.000000000000000000e+00 0.000000000000000000e+00 0.000000000000000000e+00 0.000000000000000000e+00 0.000000000000000000e+00 0.000000000000000000e+00 0.000000000000000000e+00 0.000000000000000000e+00 0.000000000000000000e+00 0.000000000000000000e+00 0.000000000000000000e+00 0.000000000000000000e+00 0.000000000000000000e+00 0.000000000000000000e+00 0.000000000000000000e+00 0.000000000000000000e+00 0.000000000000000000e+00 0.000000000000000000e+00 0.000000000000000000e+00 0.000000000000000000e+00 0.000000000000000000e+00 0.000000000000000000e+00 0.000000000000000000e+00 0.000000000000000000e+00 0.000000000000000000e+00 0.000000000000000000e+00 0.000000000000000000e+00 0.000000000000000000e+00 0.000000000000000000e+00 0.000000000000000000e+00 0.000000000000000000e+00 0.000000000000000000e+00 0.000000000000000000e+00 0.000000000000000000e+00 0.000000000000000000e+00 0.000000000000000000e+00 0.000000000000000000e+00 0.000000000000000000e+00 0.000000000000000000e+00 0.000000000000000000e+00 0.000000000000000000e+00 0.000000000000000000e+00
6.025320585640343118e+00 -2.848111406418706970e+00 -3.045739059899142731e+00 -6.028098446010064393e+00 -6.353422346012143507e+00 2.876221760469633182e+00 7.008768499543275965e+00 1.484082441483305814e+00 -1.176187640078258667e+01 -1.081294606543196402e+01 -3.643854158990265546e+00 4.240248423020264568e+01 2.021883602971292504e+01 -1.528444126403508108e+01 1.607708545404370071e+01 -7.204031220231591703e+01 -1.246439377074064225e+01 -8.855411988621249009e+00 -1.084430910162547868e+01 1.099682771269492321e+01 -3.808032331705004481e+01 -9.305106702686256170e+00 1.732073291649131619e+01 -1.650027095534627009e+00 9.955990477350212586e+01 0.000000000000000000e+00 0.000000000000000000e+00 0.000000000000000000e+00 0.000000000000000000e+00 0.000000000000000000e+00 0.000000000000000000e+00 0.000000000000000000e+00 0.000000000000000000e+00 0.000000000000000000e+00 0.000000000000000000e+00 0.000000000000000000e+00 0.000000000000000000e+00 0.000000000000000000e+00 0.000000000000000000e+00 0.000000000000000000e+00 0.000000000000000000e+00 0.000000000000000000e+00 0.000000000000000000e+00 0.000000000000000000e+00 0.000000000000000000e+00 0.000000000000000000e+00 0.000000000000000000e+00 0.000000000000000000e+00 0.000000000000000000e+00 0.000000000000000000e+00 0.000000000000000000e+00 0.000000000000000000e+00 0.000000000000000000e+00 0.000000000000000000e+00 0.000000000000000000e+00 0.000000000000000000e+00 0.000000000000000000e+00 0.000000000000000000e+00 0.000000000000000000e+00 0.000000000000000000e+00 0.000000000000000000e+00 0.000000000000000000e+00 0.000000000000000000e+00 0.000000000000000000e+00 0.000000000000000000e+00 0.000000000000000000e+00 0.000000000000000000e+00 0.000000000000000000e+00 0.000000000000000000e+00 0.000000000000000000e+00 0.000000000000000000e+00 0.000000000000000000e+00 0.000000000000000000e+00 0.000000000000000000e+00 0.000000000000000000e+00 0.000000000000000000e+00 0.000000000000000000e+00 0.000000000000000000e+00 0.000000000000000000e+00 0.000000000000000000e+00 0.000000000000000000e+00 0.000000000000000000e+00 0.000000000000000000e+00 0.000000000000000000e+00 0.000000000000000000e+00 0.000000000000000000e+00 0.000000000000000000e+00 0.000000000000000000e+00 0.000000000000000000e+00 0.000000000000000000e+00 0.000000000000000000e+00 0.000000000000000000e+00 0.000000000000000000e+00 0.000000000000000000e+00 0.000000000000000000e+00 0.000000000000000000e+00 0.000000000000000000e+00 0.000000000000000000e+00 0.000000000000000000e+00 0.000000000000000000e+00
2.678945860638289655e+00 3.325210087731490738e+00 -2.483215969909325249e+00 -2.878287433657008343e+00 -1.037247379444820083e+01 6.318921760660289877e+00 2.198065776910729596e+01 5.822852609472617402e+00 -7.589377942403312716e+01 -1.626367008268147529e+01 -2.901960201760073410e+00 3.741514297298229508e+01 2.301952232105394458e+01 2.276005358517331878e+00 1.866145004633149185e+01 -6.099593925773353931e+01 -3.814455981861912814e+00 -2.137733495693399988e+00 -5.610876558135675651e-01 -9.016043781536039248e+00 -2.715550589736578146e+00 -2.721169555240322779e+00 -2.190973674218551714e+00 -3.349639739162434182e+00 3.262173800234428711e+01 -4.322593975141570155e+01 0.000000000000000000e+00 0.000000000000000000e+00 0.000000000000000000e+00 0.000000000000000000e+00 0.000000000000000000e+00 0.000000000000000000e+00 0.000000000000000000e+00 0.000000000000000000e+00 0.000000000000000000e+00 0.000000000000000000e+00 0.000000000000000000e+00 0.000000000000000000e+00 0.000000000000000000e+00 0.000000000000000000e+00 0.000000000000000000e+00 0.000000000000000000e+00 0.000000000000000000e+00 0.000000000000000000e+00 0.000000000000000000e+00 0.000000000000000000e+00 0.000000000000000000e+00 0.000000000000000000e+00 0.000000000000000000e+00 0.000000000000000000e+00 0.000000000000000000e+00 0.000000000000000000e+00 0.000000000000000000e+00 0.000000000000000000e+00 0.000000000000000000e+00 0.000000000000000000e+00 0.000000000000000000e+00 0.000000000000000000e+00 0.000000000000000000e+00 0.000000000000000000e+00 0.000000000000000000e+00 0.000000000000000000e+00 0.000000000000000000e+00 0.000000000000000000e+00 0.000000000000000000e+00 0.000000000000000000e+00 0.000000000000000000e+00 0.000000000000000000e+00 0.000000000000000000e+00 0.000000000000000000e+00 0.000000000000000000e+00 0.000000000000000000e+00 0.000000000000000000e+00 0.000000000000000000e+00 0.000000000000000000e+00 0.000000000000000000e+00 0.000000000000000000e+00 0.000000000000000000e+00 0.000000000000000000e+00 0.000000000000000000e+00 0.000000000000000000e+00 0.000000000000000000e+00 0.000000000000000000e+00 0.000000000000000000e+00 0.000000000000000000e+00 0.000000000000000000e+00 0.000000000000000000e+00 0.000000000000000000e+00 0.000000000000000000e+00 0.000000000000000000e+00 0.000000000000000000e+00 0.000000000000000000e+00 0.000000000000000000e+00 0.000000000000000000e+00 0.000000000000000000e+00 0.000000000000000000e+00 0.000000000000000000e+00 0.000000000000000000e+00 0.000000000000000000e+00 0.000000000000000000e+00
1.907654606563544686e+00 6.847083516744518761e-01 6.528816909793711432e+00 2.756897805989419226e+01 -8.409664014689708367e+00 3.496410253749308694e+00 1.893880951566737281e+01 5.873438629267679900e-01 1.403184516272297344e+00 -3.976036588606826072e-01 -2.879221813328623369e+00 1.921684127802377873e+01 1.612202501226211027e+01 -2.774330522717108671e+00 8.693773373097878121e+00 -2.633528325197101339e+01 7.856763576317999487e+00 4.954424303478672797e+00 -3.861578461445932309e+00 5.823294297125983121e+00 -5.579223398484707275e+00 -4.870577067948683947e+00 9.397585533072653874e+00 -5.851599921616454480e+00 1.140989695229152971e+02 -5.053599253668516411e+01 4.365799138466584850e+00 0.000000000000000000e+00 0.000000000000000000e+00 0.000000000000000000e+00 0.000000000000000000e+00 0.000000000000000000e+00 0.000000000000000000e+00 0.000000000000000000e+00 0.000000000000000000e+00 0.000000000000000000e+00 0.000000000000000000e+00 0.000000000000000000e+00 0.000000000000000000e+00 0.000000000000000000e+00 0.000000000000000000e+00 0.000000000000000000e+00 0.000000000000000000e+00 0.000000000000000000e+00 0.000000000000000000e+00 0.000000000000000000e+00 0.000000000000000000e+00 0.000000000000000000e+00 0.000000000000000000e+00 0.000000000000000000e+00 0.000000000000000000e+00 0.000000000000000000e+00 0.000000000000000000e+00 0.000000000000000000e+00 0.000000000000000000e+00 0.000000000000000000e+00 0.000000000000000000e+00 0.000000000000000000e+00 0.000000000000000000e+00 0.000000000000000000e+00 0.000000000000000000e+00 0.000000000000000000e+00 0.000000000000000000e+00 0.000000000000000000e+00 0.000000000000000000e+00 0.000000000000000000e+00 0.000000000000000000e+00 0.000000000000000000e+00 0.000000000000000000e+00 0.000000000000000000e+00 0.000000000000000000e+00 0.000000000000000000e+00 0.000000000000000000e+00 0.000000000000000000e+00 0.000000000000000000e+00 0.000000000000000000e+00 0.000000000000000000e+00 0.000000000000000000e+00 0.000000000000000000e+00 0.000000000000000000e+00 0.000000000000000000e+00 0.000000000000000000e+00 0.000000000000000000e+00 0.000000000000000000e+00 0.000000000000000000e+00 0.000000000000000000e+00 0.000000000000000000e+00 0.000000000000000000e+00 0.000000000000000000e+00 0.000000000000000000e+00 0.000000000000000000e+00 0.000000000000000000e+00 0.000000000000000000e+00 0.000000000000000000e+00 0.000000000000000000e+00 0.000000000000000000e+00 0.000000000000000000e+00 0.000000000000000000e+00 0.000000000000000000e+00 0.000000000000000000e+00
1.683247429585016830e+00 4.953437923923813102e+00 7.462498566748227979e+00 3.301815489829675698e+01 -1.003514292069889358e+01 1.718920219595413634e+00 1.136765144443733533e+01 -9.706920883110674581e-01 2.157429016542010913e+01 -5.812060867074770876e+00 -2.962114674893408406e+00 2.778413618147230579e+01 1.450535776706469093e+01 -2.726808850784179228e+00 9.598775251420507360e+00 -3.192130655964636787e+01 -1.338080443201169700e+01 3.326993637196764553e+00 1.572090898105630519e+00 2.868888421718326143e+00 4.004645287935636588e+01 1.780286941330891537e+01 -1.211649753252711292e+00 -1.791335681636427779e+01 1.931295893340027590e+02 -1.653194332898827952e+02 5.643006673774880966e+00 1.760216108549126801e+01 0.000000000000000000e+00 0.000000000000000000e+00 0.000000000000000000e+00 0.000000000000000000e+00 0.000000000000000000e+00 0.000000000000000000e+00 0.000000000000000000e+00 0.000000000000000000e+00 0.000000000000000000e+00 0.000000000000000000e+00 0.000000000000000000e+00 0.000000000000000000e+00 0.000000000000000000e+00 0.000000000000000000e+00 0.000000000000000000e+00 0.000000000000000000e+00 0.000000000000000000e+00 0.000000000000000000e+00 0.000000000000000000e+00 0.000000000000000000e+00 0.000000000000000000e+00 0.000000000000000000e+00 0.000000000000000000e+00 0.000000000000000000e+00 0.000000000000000000e+00 0.000000000000000000e+00 0.000000000000000000e+00 0.000000000000000000e+00 0.000000000000000000e+00 0.000000000000000000e+00 0.000000000000000000e+00 0.000000000000000000e+00 0.000000000000000000e+00 0.000000000000000000e+00 0.000000000000000000e+00 0.000000000000000000e+00 0.000000000000000000e+00 0.000000000000000000e+00 0.000000000000000000e+00 0.000000000000000000e+00 0.000000000000000000e+00 0.000000000000000000e+00 0.000000000000000000e+00 0.000000000000000000e+00 0.000000000000000000e+00 0.000000000000000000e+00 0.000000000000000000e+00 0.000000000000000000e+00 0.000000000000000000e+00 0.000000000000000000e+00 0.000000000000000000e+00 0.000000000000000000e+00 0.000000000000000000e+00 0.000000000000000000e+00 0.000000000000000000e+00 0.000000000000000000e+00 0.000000000000000000e+00 0.000000000000000000e+00 0.000000000000000000e+00 0.000000000000000000e+00 0.000000000000000000e+00 0.000000000000000000e+00 0.000000000000000000e+00 0.000000000000000000e+00 0.000000000000000000e+00 0.000000000000000000e+00 0.000000000000000000e+00 0.000000000000000000e+00 0.000000000000000000e+00 0.000000000000000000e+00 0.000000000000000000e+00 0.000000000000000000e+00
3.850033639124980311e+00 1.440059449815177750e+00 2.347370568736248941e+00 1.328836910094696577e+01 -1.168907624655074606e+01 5.586760468258478163e+00 2.201946233699285926e+01 7.555790255877635531e+00 -1.223745712098902914e+02 -9.163661195596709774e+00 -9.132738002379305442e+00 9.187250867365342799e+01 7.186531390340620362e+01 -2.546277953844596098e+00 1.642908240368546657e+01 -4.368258114602351583e+01 -3.031335549069922308e-01 -2.249651750837559305e+00 -1.101158391419617111e+01 2.738104522420780285e+01 -4.440307416456399636e+01 2.973284080028139265e+00 6.896857750763718542e+00 1.781982216524635732e+00 2.429698872354540740e+00 2.528789766303525255e+01 5.476907346691190170e+00 -3.569811757270248798e+00 1.079913545682489584e+01 0.000000000000000000e+00 0.000000000000000000e+00 0.000000000000000000e+00 0.000000000000000000e+00 0.000000000000000000e+00 0.000000000000000000e+00 0.000000000000000000e+00 0.000000000000000000e+00 0.000000000000000000e+00 0.000000000000000000e+00 0.000000000000000000e+00 0.000000000000000000e+00 0.000000000000000000e+00 0.000000000000000000e+00 0.000000000000000000e+00 0.000000000000000000e+00 0.000000000000000000e+00 0.000000000000000000e+00 0.000000000000000000e+00 0.000000000000000000e+00 0.000000000000000000e+00 0.000000000000000000e+00 0.000000000000000000e+00 0.000000000000000000e+00 0.000000000000000000e+00 0.000000000000000000e+00 0.000000000000000000e+00 0.000000000000000000e+00 0.000000000000000000e+00 0.000000000000000000e+00 0.000000000000000000e+00 0.000000000000000000e+00 0.000000000000000000e+00 0.000000000000000000e+00 0.000000000000000000e+00 0.000000000000000000e+00 0.000000000000000000e+00 0.000000000000000000e+00 0.000000000000000000e+00 0.000000000000000000e+00 0.000000000000000000e+00 0.000000000000000000e+00 0.000000000000000000e+00 0.000000000000000000e+00 0.000000000000000000e+00 0.000000000000000000e+00 0.000000000000000000e+00 0.000000000000000000e+00 0.000000000000000000e+00 0.000000000000000000e+00 0.000000000000000000e+00 0.000000000000000000e+00 0.000000000000000000e+00 0.000000000000000000e+00 0.000000000000000000e+00 0.000000000000000000e+00 0.000000000000000000e+00 0.000000000000000000e+00 0.000000000000000000e+00 0.000000000000000000e+00 0.000000000000000000e+00 0.000000000000000000e+00 0.000000000000000000e+00 0.000000000000000000e+00 0.000000000000000000e+00 0.000000000000000000e+00 0.000000000000000000e+00 0.000000000000000000e+00 0.000000000000000000e+00 0.000000000000000000e+00 0.000000000000000000e+00
3.608712888109589123e+00 -2.210556180076128641e-01 3.517850952366208261e+00 1.320251264849812500e+01 -7.681752280427582846e-01 -4.888023296831889297e-02 3.675433507628683927e+00 -4.153901937491646379e+00 7.644610159687651674e+01 3.798039427970816284e+00 2.412674810780950807e+00 -2.480183759595122694e+01 -1.861150616598952112e+01 1.975083546129363654e-01 -4.247606706921295938e+00 1.615144609839634526e+01 5.812754968019721247e+00 3.767317929374110363e+00 2.912467278268948689e-02 3.609192977758876708e+00 4.162854189956034290e+00 -3.124908275099472554e+00 4.587503014729051642e+00 1.807469106249466329e-01 2.524777530507860490e+01 1.532313067307950938e+01 6.894268590649495820e+00 -1.003648585054333964e+00 1.188798229228147108e+01 6.967704631340975396e+00 0.000000000000000000e+00 0.000000000000000000e+00 0.000000000000000000e+00 0.000000000000000000e+00 0.000000000000000000e+00 0.000000000000000000e+00 0.000000000000000000e+00 0.000000000000000000e+00 0.000000000000000000e+00 0.000000000000000000e+00 0.000000000000000000e+00 0.000000000000000000e+00 0.000000000000000000e+00 0.000000000000000000e+00 0.000000000000000000e+00 0.000000000000000000e+00 0.000000000000000000e+00 0.000000000000000000e+00 0.000000000000000000e+00 0.000000000000000000e+00 0.000000000000000000e+00 0.000000000000000000e+00 0.000000000000000000e+00 0.000000000000000000e+00 0.000000000000000000e+00 0.000000000000000000e+00 0.000000000000000000e+00 0.000000000000000000e+00 0.000000000000000000e+00 0.000000000000000000e+00 0.000000000000000000e+00 0.000000000000000000e+00 0.000000000000000000e+00 0.000000000000000000e+00 0.000000000000000000e+00 0.000000000000000000e+00 0.000000000000000000e+00 0.000000000000000000e+00 0.000000000000000000e+00 0.000000000000000000e+00 0.000000000000000000e+00 0.000000000000000000e+00 0.000000000000000000e+00 0.000000000000000000e+00 0.000000000000000000e+00 0.000000000000000000e+00 0.000000000000000000e+00 0.000000000000000000e+00 0.000000000000000000e+00 0.000000000000000000e+00 0.000000000000000000e+00 0.000000000000000000e+00 0.000000000000000000e+00 0.000000000000000000e+00 0.000000000000000000e+00 0.000000000000000000e+00 0.000000000000000000e+00 0.000000000000000000e+00 0.000000000000000000e+00 0.000000000000000000e+00 0.000000000000000000e+00 0.000000000000000000e+00 0.000000000000000000e+00 0.000000000000000000e+00 0.000000000000000000e+00 0.000000000000000000e+00 0.000000000000000000e+00 0.000000000000000000e+00 0.000000000000000000e+00 0.000000000000000000e+00
9.319043597271955193e+00 -3.906321764125701534e+00 -3.550384189573491334e+00 -9.942116498105574962e+00 -8.969090699265265698e+00 6.631629718508049720e-01 7.589439645161901282e+00 -5.299581217063064287e+00 8.975430933120640020e+01 -9.051335123564424379e+00 -3.167699712220849229e+00 3.576899292224594262e+01 2.027036111812571306e+01 -1.695329338715848166e+01 1.962198332387519173e+00 -2.060881848408607553e+01 -7.526469998735686673e+00 -1.435113741717439062e+01 -1.141525496348535285e+01 1.880950467920814617e+01 -4.801171966231955679e+01 -8.246317539399699470e+00 1.446127458721299419e+01 1.067558953840313229e+01 -6.616318163133890096e+01 1.161728528270704004e+02 2.752333326806200020e+00 -8.805668016271344101e+00 -1.978526234754441226e+00 1.923260155010285288e+01 4.201156925364031736e+01 0.000000000000000000e+00 0.000000000000000000e+00 0.000000000000000000e+00 0.000000000000000000e+00 0.000000000000000000e+00 0.000000000000000000e+00 0.000000000000000000e+00 0.000000000000000000e+00 0.000000000000000000e+00 0.000000000000000000e+00 0.000000000000000000e+00 0.000000000000000000e+00 0.000000000000000000e+00 0.000000000000000000e+00 0.000000000000000000e+00 0.000000000000000000e+00 0.000000000000000000e+00 0.000000000000000000e+00 0.000000000000000000e+00 0.000000000000000000e+00 0.000000000000000000e+00 0.000000000000000000e+00 0.000000000000000000e+00 0.000000000000000000e+00 0.000000000000000000e+00 0.000000000000000000e+00 0.000000000000000000e+00 0.000000000000000000e+00 0.000000000000000000e+00 0.000000000000000000e+00 0.000000000000000000e+00 0.000000000000000000e+00 0.000000000000000000e+00 0.000000000000000000e+00 0.000000000000000000e+00 0.000000000000000000e+00 0.000000000000000000e+00 0.000000000000000000e+00 0.000000000000000000e+00 0.000000000000000000e+00 0.000000000000000000e+00 0.000000000000000000e+00 0.000000000000000000e+00 0.000000000000000000e+00 0.000000000000000000e+00 0.000000000000000000e+00 0.000000000000000000e+00 0.000000000000000000e+00 0.000000000000000000e+00 0.000000000000000000e+00 0.000000000000000000e+00 0.000000000000000000e+00 0.000000000000000000e+00 0.000000000000000000e+00 0.000000000000000000e+00 0.000000000000000000e+00 0.000000000000000000e+00 0.000000000000000000e+00 0.000000000000000000e+00 0.000000000000000000e+00 0.000000000000000000e+00 0.000000000000000000e+00 0.000000000000000000e+00 0.000000000000000000e+00 0.000000000000000000e+00 0.000000000000000000e+00 0.000000000000000000e+00 0.000000000000000000e+00 0.000000000000000000e+00
6.837358703479745614e+00 -3.229993323228049107e+00 -2.623628085243041141e+00 -9.520627246605759098e+00 5.937162314182935496e-01 3.287777642580824278e+00 1.149793370155885341e+01 -2.747466739389698986e+00 5.898821743306978505e+01 -1.165489858228332309e+01 -7.785783281647174370e+00 8.346401554822784874e+01 5.943977870343201175e+01 -8.855203337674609543e+00 1.155265011497412431e+01 -5.240750038346247663e+01 -1.104381057178873249e+01 -8.477196473694876389e+00 -1.062368673456269264e+01 1.451858166641554071e+01 -5.830911202287666129e+01 -3.480035730024241047e+00 9.385046502435747229e+00 3.786735796912370056e+00 -6.062989965567449957e+00 4.647832433275858932e+01 7.572330380990247356e+00 6.847367457425380444e+00 8.907455047408834758e+00 -3.522764408878575892e+00 1.949864376744558569e+01 -9.010514807133778170e-01 0.000000000000000000e+00 0.000000000000000000e+00 0.000000000000000000e+00 0.000000000000000000e+00 0.000000000000000000e+00 0.000000000000000000e+00 0.000000000000000000e+00 0.000000000000000000e+00 0.000000000000000000e+00 0.000000000000000000e+00 0.000000000000000000e+00 0.000000000000000000e+00 0.000000000000000000e+00 0.000000000000000000e+00 0.000000000000000000e+00 0.000000000000000000e+00 0.000000000000000000e+00 0.000000000000000000e+00 0.000000000000000000e+00 0.000000000000000000e+00 0.000000000000000000e+00 0.000000000000000000e+00 0.000000000000000000e+00 0.000000000000000000e+00 0.000000000000000000e+00 0.000000000000000000e+00 0.000000000000000000e+00 0.000000000000000000e+00 0.000000000000000000e+00 0.000000000000000000e+00 0.000000000000000000e+00 0.000000000000000000e+00 0.000000000000000000e+00 0.000000000000000000e+00 0.000000000000000000e+00 0.000000000000000000e+00 0.000000000000000000e+00 0.000000000000000000e+00 0.000000000000000000e+00 0.000000000000000000e+00 0.000000000000000000e+00 0.000000000000000000e+00 0.000000000000000000e+00 0.000000000000000000e+00 0.000000000000000000e+00 0.000000000000000000e+00 0.000000000000000000e+00 0.000000000000000000e+00 0.000000000000000000e+00 0.000000000000000000e+00 0.000000000000000000e+00 0.000000000000000000e+00 0.000000000000000000e+00 0.000000000000000000e+00 0.000000000000000000e+00 0.000000000000000000e+00 0.000000000000000000e+00 0.000000000000000000e+00 0.000000000000000000e+00 0.000000000000000000e+00 0.000000000000000000e+00 0.000000000000000000e+00 0.000000000000000000e+00 0.000000000000000000e+00 0.000000000000000000e+00 0.000000000000000000e+00 0.000000000000000000e+00 0.000000000000000000e+00
2.796633520479429258e+00 4.418077231273583649e+00 4.781973527391587986e+00 2.109227780904509331e+01 -1.394539271860568697e+00 -2.505375671690615036e+00 -1.043770715538499694e+01 -7.208692274068660311e+00 1.235161777282405779e+02 2.381649065322088532e+00 -2.967969720184271409e+00 2.632936119066615532e+01 2.169438553866707053e+01 -5.450780370031238498e+00 2.155677159536459442e+00 -1.096599103475599790e+01 -7.649436508444958704e+00 -1.799933264329006022e+00 1.585248316560207371e+00 -4.192292573545126189e+00 6.793782837929536633e+00 2.156972805043093189e+00 -3.917289395764882443e+00 -8.593418216085400019e+00 8.218814543325747479e+01 -9.273493672035343138e+01 -7.761595338789306631e+00 6.146982305211028397e+00 -4.044277628087028731e+00 -2.076823853426148148e+01 -4.185062580841773894e+01 -9.814965528239824266e+00 -3.205794858728862096e+02 0.000000000000000000e+00 0.000000000000000000e+00 0.000000000000000000e+00 0.000000000000000000e+00 0.000000000000000000e+00 0.000000000000000000e+00 0.000000000000000000e+00 0.000000000000000000e+00 0.000000000000000000e+00 0.000000000000000000e+00 0.000000000000000000e+00 0.000000000000000000e+00 0.000000000000000000e+00 0.000000000000000000e+00 0.000000000000000000e+00 0.000000000000000000e+00 0.000000000000000000e+00 0.000000000000000000e+00 0.000000000000000000e+00 0.000000000000000000e+00 0.000000000000000000e+00 0.000000000000000000e+00 0.000000000000000000e+00 0.000000000000000000e+00 0.000000000000000000e+00 0.000000000000000000e+00 0.000000000000000000e+00 0.000000000000000000e+00 0.000000000000000000e+00 0.000000000000000000e+00 0.000000000000000000e+00 0.000000000000000000e+00 0.000000000000000000e+00 0.000000000000000000e+00 0.000000000000000000e+00 0.000000000000000000e+00 0.000000000000000000e+00 0.000000000000000000e+00 0.000000000000000000e+00 0.000000000000000000e+00 0.000000000000000000e+00 0.000000000000000000e+00 0.000000000000000000e+00 0.000000000000000000e+00 0.000000000000000000e+00 0.000000000000000000e+00 0.000000000000000000e+00 0.000000000000000000e+00 0.000000000000000000e+00 0.000000000000000000e+00 0.000000000000000000e+00 0.000000000000000000e+00 0.000000000000000000e+00 0.000000000000000000e+00 0.000000000000000000e+00 0.000000000000000000e+00 0.000000000000000000e+00 0.000000000000000000e+00 0.000000000000000000e+00 0.000000000000000000e+00 0.000000000000000000e+00 0.000000000000000000e+00 0.000000000000000000e+00 0.000000000000000000e+00 0.000000000000000000e+00 0.000000000000000000e+00 0.000000000000000000e+00
7.198181374295411494e+00 -4.310549042916161255e+00 -1.027809302344988573e+00 -3.035739848013528253e+00 -1.803211365987739789e+00 6.645110062000600948e-01 8.897427028021514417e+00 -1.169490827941767641e+01 2.075857704646555533e+02 -1.409169985278694170e+01 5.185387127515030947e-01 8.213256945779102480e+00 -8.888987286205523475e+00 -1.335320482101383810e+01 2.305900669046717866e+00 -2.185848281516694414e+01 -1.895987711955477550e+01 -6.826916496698993697e+00 -7.957958819172382903e+00 1.053157264129258408e+01 -2.900342402632442074e+01 -8.152989619160154078e+00 1.198446703315127948e+01 4.823541641804474978e+00 3.166660603053978562e+00 5.825222615416642213e+01 5.496021784748830186e+00 -8.991074216342326508e+00 8.125101843178484273e+00 6.519231736172010017e+00 5.904342247449075209e+00 1.761690356352075071e+01 5.647169042434529729e+02 -2.545201506438660388e+00 0.000000000000000000e+00 0.000000000000000000e+00 0.000000000000000000e+00 0.000000000000000000e+00 0.000000000000000000e+00 0.000000000000000000e+00 0.000000000000000000e+00 0.000000000000000000e+00 0.000000000000000000e+00 0.000000000000000000e+00 0.000000000000000000e+00 0.000000000000000000e+00 0.000000000000000000e+00 0.000000000000000000e+00 0.000000000000000000e+00 0.000000000000000000e+00 0.000000000000000000e+00 0.000000000000000000e+00 0.000000000000000000e+00 0.000000000000000000e+00 0.000000000000000000e+00 0.000000000000000000e+00 0.000000000000000000e+00 0.000000000000000000e+00 0.000000000000000000e+00 0.000000000000000000e+00 0.000000000000000000e+00 0.000000000000000000e+00 0.000000000000000000e+00 0.000000000000000000e+00 0.000000000000000000e+00 0.000000000000000000e+00 0.000000000000000000e+00 0.000000000000000000e+00 0.000000000000000000e+00 0.000000000000000000e+00 0.000000000000000000e+00 0.000000000000000000e+00 0.000000000000000000e+00 0.000000000000000000e+00 0.000000000000000000e+00 0.000000000000000000e+00 0.000000000000000000e+00 0.000000000000000000e+00 0.000000000000000000e+00 0.000000000000000000e+00 0.000000000000000000e+00 0.000000000000000000e+00 0.000000000000000000e+00 0.000000000000000000e+00 0.000000000000000000e+00 0.000000000000000000e+00 0.000000000000000000e+00 0.000000000000000000e+00 0.000000000000000000e+00 0.000000000000000000e+00 0.000000000000000000e+00 0.000000000000000000e+00 0.000000000000000000e+00 0.000000000000000000e+00 0.000000000000000000e+00 0.000000000000000000e+00 0.000000000000000000e+00 0.000000000000000000e+00 0.000000000000000000e+00 0.000000000000000000e+00
8.110088810907694068e+00 -6.006594590310283976e+00 -4.283196612290662841e+00 -1.675177852526507749e+01 7.579427155487639567e+00 2.761249188863763138e+00 -1.919134512985731789e-02 -3.430376990844189233e+00 7.777912088381661704e+01 -2.133992641644072918e+01 3.627792768570689219e+00 -1.829169341716935193e+01 -3.600595838152458583e+01 -1.581152640400830123e+01 2.575495138259007888e+00 -3.654755800274169530e+01 -1.613929736868051279e+01 -5.729324752610971849e+00 -3.718867797051458979e+00 -5.533304228552317738e+00 -2.026201169345536002e+01 -1.057351202787275568e+01 1.123243387711632835e+01 8.424048566187998688e+00 -4.805612727152134767e+01 8.572756230207704675e+01 6.389658706344331307e+00 -3.087046667045228787e+00 9.481173069911708495e+00 -1.008519883065418732e+00 7.001163030392078213e+00 3.471232307709051668e+00 1.264643007752981134e+02 -4.641249539781689748e+00 -2.092515236634994125e+01 0.000000000000000000e+00 0.000000000000000000e+00 0.000000000000000000e+00 0.000000000000000000e+00 0.000000000000000000e+00 0.000000000000000000e+00 0.000000000000000000e+00 0.000000000000000000e+00 0.000000000000000000e+00 0.000000000000000000e+00 0.000000000000000000e+00 0.000000000000000000e+00 0.000000000000000000e+00 0.000000000000000000e+00 0.000000000000000000e+00 0.000000000000000000e+00 0.000000000000000000e+00 0.000000000000000000e+00 0.000000000000000000e+00 0.000000000000000000e+00 0.000000000000000000e+00 0.000000000000000000e+00 0.000000000000000000e+00 0.000000000000000000e+00 0.000000000000000000e+00 0.000000000000000000e+00 0.000000000000000000e+00 0.000000000000000000e+00 0.000000000000000000e+00 0.000000000000000000e+00 0.000000000000000000e+00 0.000000000000000000e+00 0.000000000000000000e+00 0.000000000000000000e+00 0.000000000000000000e+00 0.000000000000000000e+00 0.000000000000000000e+00 0.000000000000000000e+00 0.000000000000000000e+00 0.000000000000000000e+00 0.000000000000000000e+00 0.000000000000000000e+00 0.000000000000000000e+00 0.000000000000000000e+00 0.000000000000000000e+00 0.000000000000000000e+00 0.000000000000000000e+00 0.000000000000000000e+00 0.000000000000000000e+00 0.000000000000000000e+00 0.000000000000000000e+00 0.000000000000000000e+00 0.000000000000000000e+00 0.000000000000000000e+00 0.000000000000000000e+00 0.000000000000000000e+00 0.000000000000000000e+00 0.000000000000000000e+00 0.000000000000000000e+00 0.000000000000000000e+00 0.000000000000000000e+00 0.000000000000000000e+00 0.000000000000000000e+00 0.000000000000000000e+00 0.000000000000000000e+00
6.796005034386956467e+00 -6.063037686964663386e+00 3.759698581082977498e-01 1.045034428825820427e+00 -9.687314928176782303e-01 -1.780151638036270523e+00 6.216856276863039099e+00 -1.259396231958699275e+01 2.132441307669992057e+02 -6.246377641185021368e-01 7.061853824538655289e-02 -4.437961595290103034e+00 -4.721000656955800068e+00 -1.140780010973567471e+01 -2.137256510481172711e+00 -2.986936488029490633e+00 5.602211172509006687e+00 3.280803499933599099e+00 -5.018597372113251076e+00 4.797652189968601100e+00 -1.841029821608232453e+01 -1.595144364587996755e+01 1.457381244868547832e+01 -7.000185811149361115e+00 1.640726300800642719e+02 -5.559351907558676942e+01 3.436245908669721238e+00 -1.037685341654775684e+01 1.784773976666682316e+01 -3.264790196510906739e+00 -3.784320710116536901e+01 -2.228545952521229623e+01 -7.297762352366310097e+02 -1.492660799919613801e+01 -9.711972410941584144e+01 7.817537883118130537e+01 0.000000000000000000e+00 0.000000000000000000e+00 0.000000000000000000e+00 0.000000000000000000e+00 0.000000000000000000e+00 0.000000000000000000e+00 0.000000000000000000e+00 0.000000000000000000e+00 0.000000000000000000e+00 0.000000000000000000e+00 0.000000000000000000e+00 0.000000000000000000e+00 0.000000000000000000e+00 0.000000000000000000e+00 0.000000000000000000e+00 0.000000000000000000e+00 0.000000000000000000e+00 0.000000000000000000e+00 0.000000000000000000e+00 0.000000000000000000e+00 0.000000000000000000e+00 0.000000000000000000e+00 0.000000000000000000e+00 0.000000000000000000e+00 0.000000000000000000e+00 0.000000000000000000e+00 0.000000000000000000e+00 0.000000000000000000e+00 0.000000000000000000e+00 0.000000000000000000e+00 0.000000000000000000e+00 0.000000000000000000e+00 0.000000000000000000e+00 0.000000000000000000e+00 0.000000000000000000e+00 0.000000000000000000e+00 0.000000000000000000e+00 0.000000000000000000e+00 0.000000000000000000e+00 0.000000000000000000e+00 0.000000000000000000e+00 0.000000000000000000e+00 0.000000000000000000e+00 0.000000000000000000e+00 0.000000000000000000e+00 0.000000000000000000e+00 0.000000000000000000e+00 0.000000000000000000e+00 0.000000000000000000e+00 0.000000000000000000e+00 0.000000000000000000e+00 0.000000000000000000e+00 0.000000000000000000e+00 0.000000000000000000e+00 0.000000000000000000e+00 0.000000000000000000e+00 0.000000000000000000e+00 0.000000000000000000e+00 0.000000000000000000e+00 0.000000000000000000e+00 0.000000000000000000e+00 0.000000000000000000e+00 0.000000000000000000e+00 0.000000000000000000e+00
8.750677554898130595e+00 -4.061462910175107410e+00 -7.813734801056233970e+00 -2.270216052450673061e+01 -8.214908778428268832e+00 5.079872209027081809e+00 1.417556760910190050e+01 3.261724225369629693e+00 -4.214794037101893309e+01 -2.440415100411839333e+01 -2.529337416685222273e+00 4.602158246559403665e+01 2.143607127294295367e+01 -1.146786899942881810e+01 2.829016140296837456e+00 -3.637560813184505548e+01 -1.896820503589752249e+01 -1.345621381280770734e+01 -9.701839224241917137e+00 1.330893951625408711e+01 -4.257103559281892302e+01 6.127587804400764782e-01 1.281884803612613766e+01 1.066242951666519900e+01 -8.403253178452310124e+01 1.093442795744879845e+02 2.225603389268895782e+00 -9.466279546289388946e-01 -5.219977271059065060e+00 4.160619571936921446e+00 3.005522087931590391e+01 2.380528820833280434e+01 7.699319739822069550e+02 1.085913312976595790e+01 8.298512130914149054e+01 -7.652761552548825819e+01 2.783736171540251547e+00 0.000000000000000000e+00 0.000000000000000000e+00 0.000000000000000000e+00 0.000000000000000000e+00 0.000000000000000000e+00 0.000000000000000000e+00 0.000000000000000000e+00 0.000000000000000000e+00 0.000000000000000000e+00 0.000000000000000000e+00 0.000000000000000000e+00 0.000000000000000000e+00 0.000000000000000000e+00 0.000000000000000000e+00 0.000000000000000000e+00 0.000000000000000000e+00 0.000000000000000000e+00 0.000000000000000000e+00 0.000000000000000000e+00 0.000000000000000000e+00 0.000000000000000000e+00 0.000000000000000000e+00 0.000000000000000000e+00 0.000000000000000000e+00 0.000000000000000000e+00 0.000000000000000000e+00 0.000000000000000000e+00 0.000000000000000000e+00 0.000000000000000000e+00 0.000000000000000000e+00 0.000000000000000000e+00 0.000000000000000000e+00 0.000000000000000000e+00 0.000000000000000000e+00 0.000000000000000000e+00 0.000000000000000000e+00 0.000000000000000000e+00 0.000000000000000000e+00 0.000000000000000000e+00 0.000000000000000000e+00 0.000000000000000000e+00 0.000000000000000000e+00 0.000000000000000000e+00 0.000000000000000000e+00 0.000000000000000000e+00 0.000000000000000000e+00 0.000000000000000000e+00 0.000000000000000000e+00 0.000000000000000000e+00 0.000000000000000000e+00 0.000000000000000000e+00 0.000000000000000000e+00 0.000000000000000000e+00 0.000000000000000000e+00 0.000000000000000000e+00 0.000000000000000000e+00 0.000000000000000000e+00 0.000000000000000000e+00 0.000000000000000000e+00 0.000000000000000000e+00 0.000000000000000000e+00 0.000000000000000000e+00 0.000000000000000000e+00
4.921200784421702501e+00 -2.052325628109382905e+00 -2.722445105108184826e+00 -4.387263495649709633e+00 -6.267186198025253674e+00 3.762861103300693788e+00 2.710516193991826306e+00 1.032643246223537048e+01 -1.637710953919568340e+02 -4.398482602245548989e+00 -4.237341940904180149e-01 3.310948260673345800e+00 -3.577764382396463105e+00 -3.345670779494664515e+00 7.025668879481070661e+00 -2.945279511206576473e+01 -9.320104479604925274e+00 1.910317791595794290e+00 3.330933571023510176e+00 -5.310246437040857082e+00 2.497109911038589303e+01 1.681744535634590676e+01 -4.495215433291554596e+00 -1.364244425872832522e+01 1.277268275683682361e+02 -1.346128153430807686e+02 -1.614082924961878440e+00 2.670013766188266047e+01 -1.132242458699885823e+01 -1.688201715676726522e+01 -6.397215193274406353e+00 6.496633001422262410e+00 2.275647875348573166e+02 3.250167041586301764e+00 2.217086895734028928e+01 -2.592690774812395915e+01 8.372650307821260185e+00 2.454201466278204080e+01 0.000000000000000000e+00 0.000000000000000000e+00 0.000000000000000000e+00 0.000000000000000000e+00 0.000000000000000000e+00 0.000000000000000000e+00 0.000000000000000000e+00 0.000000000000000000e+00 0.000000000000000000e+00 0.000000000000000000e+00 0.000000000000000000e+00 0.000000000000000000e+00 0.000000000000000000e+00 0.000000000000000000e+00 0.000000000000000000e+00 0.000000000000000000e+00 0.000000000000000000e+00 0.000000000000000000e+00 0.000000000000000000e+00 0.000000000000000000e+00 0.000000000000000000e+00 0.000000000000000000e+00 0.000000000000000000e+00 0.000000000000000000e+00 0.000000000000000000e+00 0.000000000000000000e+00 0.000000000000000000e+00 0.000000000000000000e+00 0.000000000000000000e+00 0.000000000000000000e+00 0.000000000000000000e+00 0.000000000000000000e+00 0.000000000000000000e+00 0.000000000000000000e+00 0.000000000000000000e+00 0.000000000000000000e+00 0.000000000000000000e+00 0.000000000000000000e+00 0.000000000000000000e+00 0.000000000000000000e+00 0.000000000000000000e+00 0.000000000000000000e+00 0.000000000000000000e+00 0.000000000000000000e+00 0.000000000000000000e+00 0.000000000000000000e+00 0.000000000000000000e+00 0.000000000000000000e+00 0.000000000000000000e+00 0.000000000000000000e+00 0.000000000000000000e+00 0.000000000000000000e+00 0.000000000000000000e+00 0.000000000000000000e+00 0.000000000000000000e+00 0.000000000000000000e+00 0.000000000000000000e+00 0.000000000000000000e+00 0.000000000000000000e+00 0.000000000000000000e+00 0.000000000000000000e+00 0.000000000000000000e+00
3.376026239952403252e+00 -2.580122905507564735e+00 3.418602254525274997e+00 1.154611520929154445e+01 2.946766406580731079e+00 5.859769995466757031e+00 1.545003597333323242e+01 1.213464842837953306e+01 -1.881449870702790008e+02 5.598191605294273288e+00 -3.130095378989224741e+00 1.694192836749690656e+01 1.899360830778314124e+01 -1.981482507995710129e+00 9.564724029900997238e+00 -2.859871679423277158e+01 2.039920289009888776e+01 1.242704058536933331e+01 -1.057943241425717940e+00 2.974719611735565650e-01 -3.448750402009002514e+00 -1.386056728295556439e+01 1.507334411775556404e+01 3.657510724015278214e+00 2.923560187837051672e+01 4.057977286959543051e+01 4.732425441398125265e+00 -2.143825648821858820e+01 1.957765489283879035e+01 -1.081040480970368378e+01 -4.453487750491901664e+01 -2.617581500548785556e+01 -8.338372114913009909e+02 -4.506988457059873809e+01 -2.839011237082273169e+02 1.640901932928347549e+02 -2.326761078241759151e+01 -1.435315739941110564e+02 -2.358429201387072283e+02 0.000000000000000000e+00 0.000000000000000000e+00 0.000000000000000000e+00 0.000000000000000000e+00 0.000000000000000000e+00 0.000000000000000000e+00 0.000000000000000000e+00 0.000000000000000000e+00 0.000000000000000000e+00 0.000000000000000000e+00 0.000000000000000000e+00 0.000000000000000000e+00 0.000000000000000000e+00 0.000000000000000000e+00 0.000000000000000000e+00 0.000000000000000000e+00 0.000000000000000000e+00 0.000000000000000000e+00 0.000000000000000000e+00 0.000000000000000000e+00 0.000000000000000000e+00 0.000000000000000000e+00 0.000000000000000000e+00 0.000000000000000000e+00 0.000000000000000000e+00 0.000000000000000000e+00 0.000000000000000000e+00 0.000000000000000000e+00 0.000000000000000000e+00 0.000000000000000000e+00 0.000000000000000000e+00 0.000000000000000000e+00 0.000000000000000000e+00 0.000000000000000000e+00 0.000000000000000000e+00 0.000000000000000000e+00 0.000000000000000000e+00 0.000000000000000000e+00 0.000000000000000000e+00 0.000000000000000000e+00 0.000000000000000000e+00 0.000000000000000000e+00 0.000000000000000000e+00 0.000000000000000000e+00 0.000000000000000000e+00 0.000000000000000000e+00 0.000000000000000000e+00 0.000000000000000000e+00 0.000000000000000000e+00 0.000000000000000000e+00 0.000000000000000000e+00 0.000000000000000000e+00 0.000000000000000000e+00 0.000000000000000000e+00 0.000000000000000000e+00 0.000000000000000000e+00 0.000000000000000000e+00 0.000000000000000000e+00 0.000000000000000000e+00 0.000000000000000000e+00 0.000000000000000000e+00
2.242972543922521211e+00 2.118127996438348148e+00 5.249182874720688119e+00 1.885319478657904213e+01 2.582748472535965512e+00 3.954239536062953420e-02 9.462299341526216878e-01 -3.572549454964669025e+00 6.392828403125859893e+01 3.502066555505997769e+00 -7.481321570548482569e+00 7.196872540727267165e+01 6.634087419143438069e+01 -1.375485838322791921e+00 -3.833315453242070348e+00 4.987212433296537739e+00 -6.339743656433775243e+00 -6.793445442331123019e+00 -5.782114947653196779e+00 1.033219607462582346e+01 -3.400500466529824450e+01 -8.248234904602661288e+00 6.533762771839606742e+00 4.148181925177972573e+00 -8.535219216397395670e+00 5.505013469770241841e+01 3.815693730409284612e+00 -5.148019667375142383e+00 5.361677134386955146e-02 1.049202316597640561e+01 2.151968457011382796e+01 1.522171103085899979e+01 4.742463787970462477e+02 2.080136642496623267e+01 1.341100267074799604e+02 -1.026813931274948004e+02 3.964120064204362137e+00 2.128341014485489779e+01 4.283268106787009089e+01 1.386654345407434619e+01 0.000000000000000000e+00 0.000000000000000000e+00 0.000000000000000000e+00 0.000000000000000000e+00 0.000000000000000000e+00 0.000000000000000000e+00 0.000000000000000000e+00 0.000000000000000000e+00 0.000000000000000000e+00 0.000000000000000000e+00 0.000000000000000000e+00 0.000000000000000000e+00 0.000000000000000000e+00 0.000000000000000000e+00 0.000000000000000000e+00 0.000000000000000000e+00 0.000000000000000000e+00 0.000000000000000000e+00 0.000000000000000000e+00 0.000000000000000000e+00 0.000000000000000000e+00 0.000000000000000000e+00 0.000000000000000000e+00 0.000000000000000000e+00 0.000000000000000000e+00 0.000000000000000000e+00 0.000000000000000000e+00 0.000000000000000000e+00 0.000000000000000000e+00 0.000000000000000000e+00 0.000000000000000000e+00 0.000000000000000000e+00 0.000000000000000000e+00 0.000000000000000000e+00 0.000000000000000000e+00 0.000000000000000000e+00 0.000000000000000000e+00 0.000000000000000000e+00 0.000000000000000000e+00 0.000000000000000000e+00 0.000000000000000000e+00 0.000000000000000000e+00 0.000000000000000000e+00 0.000000000000000000e+00 0.000000000000000000e+00 0.000000000000000000e+00 0.000000000000000000e+00 0.000000000000000000e+00 0.000000000000000000e+00 0.000000000000000000e+00 0.000000000000000000e+00 0.000000000000000000e+00 0.000000000000000000e+00 0.000000000000000000e+00 0.000000000000000000e+00 0.000000000000000000e+00 0.000000000000000000e+00 0.000000000000000000e+00 0.000000000000000000e+00 0.000000000000000000e+00
3.405616625701451738e+00 2.628799088737663325e+00 2.423430987666822745e+00 1.150672812555337465e+01 3.229578048235520527e+00 -6.075859707043894886e+00 -3.283291345082964341e+01 -5.500011917714543230e+00 8.553428106103726236e+01 1.276735539028294397e+01 1.302968677622382998e+00 -3.058172200498337290e+01 -2.065715476968294340e+01 -1.000000988110230615e+01 -5.099219367650207779e+00 1.019467815832748236e+01 6.318634843992906980e+00 4.409772240599560966e+00 7.224425156987364538e+00 -1.446744413311197697e+01 3.498968473431231274e+01 1.700116283552471685e+00 -6.374856089554198135e+00 -5.726253916448431625e+00 4.282139133756810168e+01 -5.700977141498982803e+01 -3.255493957918653258e+00 1.040686678044057878e+01 -1.187452959511428219e+01 3.846689051131191306e-01 4.704338643257989894e+00 -4.469637159890414324e+00 -1.376960834049698690e+02 -1.155341621824454457e+01 -6.478740357186146070e+01 6.348270239837336959e+01 1.945657746867193083e+01 8.457041554654415449e+01 7.868189631793777039e+01 -4.111980784742607398e+01 -6.037419920790185301e+00 0.000000000000000000e+00 0.000000000000000000e+00 0.000000000000000000e+00 0.000000000000000000e+00 0.000000000000000000e+00 0.000000000000000000e+00 0.000000000000000000e+00 0.000000000000000000e+00 0.000000000000000000e+00 0.000000000000000000e+00 0.000000000000000000e+00 0.000000000000000000e+00 0.000000000000000000e+00 0.000000000000000000e+00 0.000000000000000000e+00 0.000000000000000000e+00 0.000000000000000000e+00 0.000000000000000000e+00 0.000000000000000000e+00 0.000000000000000000e+00 0.000000000000000000e+00 0.000000000000000000e+00 0.000000000000000000e+00 0.000000000000000000e+00 0.000000000000000000e+00 0.000000000000000000e+00 0.000000000000000000e+00 0.000000000000000000e+00 0.000000000000000000e+00 0.000000000000000000e+00 0.000000000000000000e+00 0.000000000000000000e+00 0.000000000000000000e+00 0.000000000000000000e+00 0.000000000000000000e+00 0.000000000000000000e+00 0.000000000000000000e+00 0.000000000000000000e+00 0.000000000000000000e+00 0.000000000000000000e+00 0.000000000000000000e+00 0.000000000000000000e+00 0.000000000000000000e+00 0.000000000000000000e+00 0.000000000000000000e+00 0.000000000000000000e+00 0.000000000000000000e+00 0.000000000000000000e+00 0.000000000000000000e+00 0.000000000000000000e+00 0.000000000000000000e+00 0.000000000000000000e+00 0.000000000000000000e+00 0.000000000000000000e+00 0.000000000000000000e+00 0.000000000000000000e+00 0.000000000000000000e+00 0.000000000000000000e+00 0.000000000000000000e+00
9.192163509644991848e+00 -5.555123293144601959e+00 -5.103823497129642561e+00 -1.622713169878675998e+01 -2.860734659966126081e+00 5.184132079114700531e+00 1.008875109357284039e+01 8.363958692650198756e+00 -1.325034310542253309e+02 -2.152311701567014524e+01 -5.744674431083671706e-01 2.451605356013494230e+01 3.922207415565715394e+00 -3.832148389319947057e-01 7.869594329599456373e+00 -3.122002526760923047e+01 -1.778458252418723617e+01 -1.113548206011182984e+01 -1.052939655105997829e+01 1.436400954387350382e+01 -4.597782596044272907e+01 -7.057734795912466552e+00 8.867489328269808624e+00 1.711650590029756813e+01 -1.596819191134310643e+02 1.850473241072631083e+02 5.708886000614121770e-02 -2.061907503923924523e+00 -1.148524509868636301e+01 1.561592326763226168e+01 5.194447377541335698e+01 3.399208363241385200e+01 1.091681681704645598e+03 2.572969924335783531e+01 1.707735930553958497e+02 -1.134443475690360543e+02 1.433637381551263879e+01 6.303973559740740740e+01 8.337978506325279682e+01 -1.018291530854443749e+01 7.206443802345667393e+00 7.735094969793020425e+01 0.000000000000000000e+00 0.000000000000000000e+00 0.000000000000000000e+00 0.000000000000000000e+00 0.000000000000000000e+00 0.000000000000000000e+00 0.000000000000000000e+00 0.000000000000000000e+00 0.000000000000000000e+00 0.000000000000000000e+00 0.000000000000000000e+00 0.000000000000000000e+00 0.000000000000000000e+00 0.000000000000000000e+00 0.000000000000000000e+00 0.000000000000000000e+00 0.000000000000000000e+00 0.000000000000000000e+00 0.000000000000000000e+00 0.000000000000000000e+00 0.000000000000000000e+00 0.000000000000000000e+00 0.000000000000000000e+00 0.000000000000000000e+00 0.000000000000000000e+00 0.000000000000000000e+00 0.000000000000000000e+00 0.000000000000000000e+00 0.000000000000000000e+00 0.000000000000000000e+00 0.000000000000000000e+00 0.000000000000000000e+00 0.000000000000000000e+00 0.000000000000000000e+00 0.000000000000000000e+00 0.000000000000000000e+00 0.000000000000000000e+00 0.000000000000000000e+00 0.000000000000000000e+00 0.000000000000000000e+00 0.000000000000000000e+00 0.000000000000000000e+00 0.000000000000000000e+00 0.000000000000000000e+00 0.000000000000000000e+00 0.000000000000000000e+00 0.000000000000000000e+00 0.000000000000000000e+00 0.000000000000000000e+00 0.000000000000000000e+00 0.000000000000000000e+00 0.000000000000000000e+00 0.000000000000000000e+00 0.000000000000000000e+00 0.000000000000000000e+00 0.000000000000000000e+00 0.000000000000000000e+00 0.000000000000000000e+00
9.402735774893708154e+00 -9.569528678133700339e+00 -2.764902032080856387e+00 -1.192347289227364726e+01 4.103412464702103080e-01 2.857930702993276562e+00 1.742981020538007897e+01 -8.566531679769877172e+00 1.591606043783868358e+02 -8.872640982560128009e+00 2.588525147961215467e+00 -1.401975061030416114e+01 -2.330040704321298506e+01 -1.172826074516460082e+01 -3.754031959206950653e+00 -4.389333647646012082e-01 -1.382992844058009396e+01 -3.923671168851292634e+00 -1.219259013213386034e+00 -2.800016754338328084e+00 -2.181838676631163665e+01 3.327986433307987824e-01 -2.501671448102090967e+00 -1.745998577879158020e+00 8.296210899598541744e+00 -2.826184890060791233e+01 -5.700368970552112557e+00 2.614230151295886095e+00 6.550163838238352909e+00 -2.137063442102111566e+01 -4.536626034935139273e+01 -2.007456588657345264e+01 -6.399613250585899777e+02 -3.658426488064595805e+00 -4.205560333808958262e+01 3.751870044416065753e+01 -1.158363112895101743e+00 -1.507908445169505107e+01 -5.684002399328704058e+01 -1.209786502225551397e+00 2.401162635851390803e+01 2.077533175181677905e+02 2.316532025503975945e+01 0.000000000000000000e+00 0.000000000000000000e+00 0.000000000000000000e+00 0.000000000000000000e+00 0.000000000000000000e+00 0.000000000000000000e+00 0.000000000000000000e+00 0.000000000000000000e+00 0.000000000000000000e+00 0.000000000000000000e+00 0.000000000000000000e+00 0.000000000000000000e+00 0.000000000000000000e+00 0.000000000000000000e+00 0.000000000000000000e+00 0.000000000000000000e+00 0.000000000000000000e+00 0.000000000000000000e+00 0.000000000000000000e+00 0.000000000000000000e+00 0.000000000000000000e+00 0.000000000000000000e+00 0.000000000000000000e+00 0.000000000000000000e+00 0.000000000000000000e+00 0.000000000000000000e+00 0.000000000000000000e+00 0.000000000000000000e+00 0.000000000000000000e+00 0.000000000000000000e+00 0.000000000000000000e+00 0.000000000000000000e+00 0.000000000000000000e+00 0.000000000000000000e+00 0.000000000000000000e+00 0.000000000000000000e+00 0.000000000000000000e+00 0.000000000000000000e+00 0.000000000000000000e+00 0.000000000000000000e+00 0.000000000000000000e+00 0.000000000000000000e+00 0.000000000000000000e+00 0.000000000000000000e+00 0.000000000000000000e+00 0.000000000000000000e+00 0.000000000000000000e+00 0.000000000000000000e+00 0.000000000000000000e+00 0.000000000000000000e+00 0.000000000000000000e+00 0.000000000000000000e+00 0.000000000000000000e+00 0.000000000000000000e+00 0.000000000000000000e+00 0.000000000000000000e+00 0.000000000000000000e+00
7.751162778247637775e+00 -7.556820684844224978e+00 -8.641042389397313173e-02 1.145105167621203179e+00 -3.151255531051519121e+00 -1.123103316628372816e+00 4.039883430998740366e+00 -1.001254849379093059e+01 1.625710059008311532e+02 -7.994038748616355328e+00 -2.055004579794088571e-01 3.391692407452878033e+00 -6.707300152168420126e+00 -1.713373004053944726e+01 -5.299940467288614343e+00 6.990445976813929541e+00 -1.026958922060363832e+01 -1.038765640300961834e+01 -8.037322839172968969e+00 6.971752903910454435e+00 -5.219522931412177513e+01 -2.215557691577788191e+01 1.077317164652633430e+01 1.298365405756859303e+01 -8.437931165981527215e+01 1.341422964889688387e+02 8.815161106634779031e-01 -2.303581973804961081e+01 4.815052355972442300e+00 1.472710258468099198e+01 1.248048320442022785e+01 9.262021489550640752e+00 2.772872264136979084e+02 1.108684281915518532e+01 7.193736136820146498e+01 -5.126091540350862630e+01 -3.963590268741798539e+00 -7.993039501269752378e+00 2.083138287781589426e+01 2.223337600760632426e+01 -5.026209844865267229e+00 -6.487674729339212831e+01 -1.199583706352730772e+01 -5.532031369666972509e+00 0.000000000000000000e+00 0.000000000000000000e+00 0.000000000000000000e+00 0.000000000000000000e+00 0.000000000000000000e+00 0.000000000000000000e+00 0.000000000000000000e+00 0.000000000000000000e+00 0.000000000000000000e+00 0.000000000000000000e+00 0.000000000000000000e+00 0.000000000000000000e+00 0.000000000000000000e+00 0.000000000000000000e+00 0.000000000000000000e+00 0.000000000000000000e+00 0.000000000000000000e+00 0.000000000000000000e+00 0.000000000000000000e+00 0.000000000000000000e+00 0.000000000000000000e+00 0.000000000000000000e+00 0.000000000000000000e+00 0.000000000000000000e+00 0.000000000000000000e+00 0.000000000000000000e+00 0.000000000000000000e+00 0.000000000000000000e+00 0.000000000000000000e+00 0.000000000000000000e+00 0.000000000000000000e+00 0.000000000000000000e+00 0.000000000000000000e+00 0.000000000000000000e+00 0.000000000000000000e+00 0.000000000000000000e+00 0.000000000000000000e+00 0.000000000000000000e+00 0.000000000000000000e+00 0.000000000000000000e+00 0.000000000000000000e+00 0.000000000000000000e+00 0.000000000000000000e+00 0.000000000000000000e+00 0.000000000000000000e+00 0.000000000000000000e+00 0.000000000000000000e+00 0.000000000000000000e+00 0.000000000000000000e+00 0.000000000000000000e+00 0.000000000000000000e+00 0.000000000000000000e+00 0.000000000000000000e+00 0.000000000000000000e+00 0.000000000000000000e+00 0.000000000000000000e+00
8.394536203363038851e+00 -5.460771700470846035e+00 -8.268913740425345438e+00 -2.883934310884947649e+01 -3.330695185566086902e+00 1.070513557607214228e+00 1.197501411786375591e+01 -9.161234361117379876e+00 1.670016199239146886e+02 -1.208365790597303935e+01 8.861391183366285063e-01 2.007971500005453880e+00 -4.503426956081607813e+00 1.221260545039061896e+00 2.883498847859701009e+00 -1.772978641951571888e+01 -6.945216034642040626e+00 -5.253164731070610216e+00 -5.661848294976863372e-01 -6.028089907019338334e+00 -4.473762253164608182e+00 -4.814922309867346151e+00 5.843883088532129122e-01 3.095778598244125934e+00 -2.995094014987247633e+01 3.169715704093613695e+01 3.331271525140891754e+00 2.051784189514817669e+00 -3.163236141090246534e-01 1.261287775367184416e+01 2.468414109800624701e+01 -4.780377397907873416e+00 -1.514253212567635956e+02 -2.052529652274099448e+00 -1.804112847901099315e+01 3.316279721805381087e+01 1.130640633585340282e+01 5.448132791530836272e+01 5.978450827733338713e+01 -3.051322554781141605e+01 6.135199250348318145e+00 8.355568811120002692e+01 6.077853771612044653e+00 1.883641325762187790e+00 1.066036547673949286e+01 0.000000000000000000e+00 0.000000000000000000e+00 0.000000000000000000e+00 0.000000000000000000e+00 0.000000000000000000e+00 0.000000000000000000e+00 0.000000000000000000e+00 0.000000000000000000e+00 0.000000000000000000e+00 0.000000000000000000e+00 0.000000000000000000e+00 0.000000000000000000e+00 0.000000000000000000e+00 0.000000000000000000e+00 0.000000000000000000e+00 0.000000000000000000e+00 0.000000000000000000e+00 0.000000000000000000e+00 0.000000000000000000e+00 0.000000000000000000e+00 0.000000000000000000e+00 0.000000000000000000e+00 0.000000000000000000e+00 0.000000000000000000e+00 0.000000000000000000e+00 0.000000000000000000e+00 0.000000000000000000e+00 0.000000000000000000e+00 0.000000000000000000e+00 0.000000000000000000e+00 0.000000000000000000e+00 0.000000000000000000e+00 0.000000000000000000e+00 0.000000000000000000e+00 0.000000000000000000e+00 0.000000000000000000e+00 0.000000000000000000e+00 0.000000000000000000e+00 0.000000000000000000e+00 0.000000000000000000e+00 0.000000000000000000e+00 0.000000000000000000e+00 0.000000000000000000e+00 0.000000000000000000e+00 0.000000000000000000e+00 0.000000000000000000e+00 0.000000000000000000e+00 0.000000000000000000e+00 0.000000000000000000e+00 0.000000000000000000e+00 0.000000000000000000e+00 0.000000000000000000e+00 0.000000000000000000e+00 0.000000000000000000e+00 0.000000000000000000e+00
8.500823083454882578e+00 -4.634725008375897737e+00 -3.561704947306409963e-02 3.907557777770499285e+00 -9.549504815538725211e+00 8.436949568159666235e-01 1.118540448196684167e+01 -7.828386830131499607e+00 1.340350423598123086e+02 -1.292506709721323865e+01 -1.777739579808307546e+00 2.885339312078425067e+01 9.751484364433441243e+00 -1.221223929413865150e+01 2.868809643727682435e+00 -2.183364683222312408e+01 -2.045574754979361387e+01 -1.440642739257773286e+01 -1.326755555237738449e+01 2.097948847094809111e+01 -5.439458100248049277e+01 -5.392322281005533569e+00 1.390718498265627545e+01 -1.074364252797703756e-01 6.267676781914253326e+01 2.011661851278871538e+01 5.929649013132479496e+00 1.015971267275840617e+01 1.362283695811199813e+01 7.657700488759893176e-01 2.554557045688966355e+00 -9.771214087818179905e+00 -3.110769343829357467e+02 1.906859342660130352e+01 1.174245813091090014e+02 -6.654361017356681884e+01 2.542562623109774123e+01 1.458009057603300676e+02 2.253625749717369331e+02 -1.634845669175058447e+01 -3.066036267399345405e+01 -2.188008509652111400e+02 -3.064857420623745554e+01 4.820818762934880652e+01 -4.628295388913660702e+01 -1.228166675673266752e+02 0.000000000000000000e+00 0.000000000000000000e+00 0.000000000000000000e+00 0.000000000000000000e+00 0.000000000000000000e+00 0.000000000000000000e+00 0.000000000000000000e+00 0.000000000000000000e+00 0.000000000000000000e+00 0.000000000000000000e+00 0.000000000000000000e+00 0.000000000000000000e+00 0.000000000000000000e+00 0.000000000000000000e+00 0.000000000000000000e+00 0.000000000000000000e+00 0.000000000000000000e+00 0.000000000000000000e+00 0.000000000000000000e+00 0.000000000000000000e+00 0.000000000000000000e+00 0.000000000000000000e+00 0.000000000000000000e+00 0.000000000000000000e+00 0.000000000000000000e+00 0.000000000000000000e+00 0.000000000000000000e+00 0.000000000000000000e+00 0.000000000000000000e+00 0.000000000000000000e+00 0.000000000000000000e+00 0.000000000000000000e+00 0.000000000000000000e+00 0.000000000000000000e+00 0.000000000000000000e+00 0.000000000000000000e+00 0.000000000000000000e+00 0.000000000000000000e+00 0.000000000000000000e+00 0.000000000000000000e+00 0.000000000000000000e+00 0.000000000000000000e+00 0.000000000000000000e+00 0.000000000000000000e+00 0.000000000000000000e+00 0.000000000000000000e+00 0.000000000000000000e+00 0.000000000000000000e+00 0.000000000000000000e+00 0.000000000000000000e+00 0.000000000000000000e+00 0.000000000000000000e+00 0.000000000000000000e+00 0.000000000000000000e+00
4.949865580836576129e+00 -4.661782499023395587e+00 -3.367821462645757880e+00 -1.133811704214503457e+01 -3.291061804593587770e+00 8.892577943395616913e+00 3.259097525300786913e+01 7.836867714292174547e+00 -1.051153444250470983e+02 -1.147089589886802941e+01 -6.437173432677820273e+00 7.157875777190621136e+01 5.669446316349959147e+01 3.286350970973811236e+00 1.004166794281892905e+01 -3.513588201931734289e+01 -8.884232962516874110e+00 -1.118344440054412026e+01 -1.386243028534133437e+01 2.657451853301522959e+01 -6.432441212509534978e+01 -3.482892751219351268e+00 1.882811266951294726e+01 1.531697924321420956e+01 -1.068598962124791427e+02 1.703242135252548906e+02 1.068681696777883161e+01 -3.344035187801118525e+00 1.384842853431146992e+01 1.582897680747160418e+00 3.353022039919524389e+01 2.856291168280904458e+01 9.516729968877289139e+02 -1.745319829286815505e+00 8.775175486463712815e+00 -4.854423588042438809e+01 -1.586991789704575417e+01 -1.004453953939920012e+02 -1.340168672031019241e+02 1.591685377160330006e+01 -2.152383406764442597e+01 -2.008247637017387035e+02 -3.152048038333591862e+01 5.910987158061865188e+01 -4.357543806651324303e+01 -1.334685907546923715e+02 -1.345806048108213915e+01 0.000000000000000000e+00 0.000000000000000000e+00 0.000000000000000000e+00 0.000000000000000000e+00 0.000000000000000000e+00 0.000000000000000000e+00 0.000000000000000000e+00 0.000000000000000000e+00 0.000000000000000000e+00 0.000000000000000000e+00 0.000000000000000000e+00 0.000000000000000000e+00 0.000000000000000000e+00 0.000000000000000000e+00 0.000000000000000000e+00 0.000000000000000000e+00 0.000000000000000000e+00 0.000000000000000000e+00 0.000000000000000000e+00 0.000000000000000000e+00 0.000000000000000000e+00 0.000000000000000000e+00 0.000000000000000000e+00 0.000000000000000000e+00 0.000000000000000000e+00 0.000000000000000000e+00 0.000000000000000000e+00 0.000000000000000000e+00 0.000000000000000000e+00 0.000000000000000000e+00 0.000000000000000000e+00 0.000000000000000000e+00 0.000000000000000000e+00 0.000000000000000000e+00 0.000000000000000000e+00 0.000000000000000000e+00 0.000000000000000000e+00 0.000000000000000000e+00 0.000000000000000000e+00 0.000000000000000000e+00 0.000000000000000000e+00 0.000000000000000000e+00 0.000000000000000000e+00 0.000000000000000000e+00 0.000000000000000000e+00 0.000000000000000000e+00 0.000000000000000000e+00 0.000000000000000000e+00 0.000000000000000000e+00 0.000000000000000000e+00 0.000000000000000000e+00 0.000000000000000000e+00 0.000000000000000000e+00
9.286023327366129010e+00 -6.769332706006522038e+00 -7.598125557978645972e+00 -2.659791137915094339e+01 1.440821132263106819e+00 1.674121614900663246e-01 -3.933378006815929417e+00 -1.234643954619322415e+00 2.493731779047052299e+01 -8.761801925348143172e+00 8.433639330486215613e-01 -7.708718487065695513e-01 -9.121952784433110750e+00 -4.606801459439019197e+00 -2.769776087639611362e+00 -8.867321179850346624e+00 -1.694774996847510096e+01 -8.634399788794056008e+00 -2.216040064004483057e-01 -3.209167306495847249e+00 1.996193704610016439e-03 -3.093614889518794264e-01 4.306264925276630962e+00 1.195443137126979494e+01 -1.298400890365008991e+02 1.207068659448414252e+02 1.857871689025027528e+00 6.429495646088277283e+00 -1.081938492733288903e+01 1.154658851850590118e+01 4.610387748333842950e+01 2.003313459017236653e+01 6.608805899139421172e+02 7.249049887245874402e+00 5.261569975638861507e+01 -4.127356819683241440e+01 1.188457112178908126e+01 4.452895885424663902e+01 4.033477943107279629e+01 -2.025751005678731786e+01 -9.027101002825055787e+00 -5.610549448969299391e+01 -1.500002136252420648e+01 1.009670208858532092e+01 -1.228037130977853941e+00 -2.959388683722340119e+01 -5.910975461294501798e+00 3.685931361702413867e+00 0.000000000000000000e+00 0.000000000000000000e+00 0.000000000000000000e+00 0.000000000000000000e+00 0.000000000000000000e+00 0.000000000000000000e+00 0.000000000000000000e+00 0.000000000000000000e+00 0.000000000000000000e+00 0.000000000000000000e+00 0.000000000000000000e+00 0.000000000000000000e+00 0.000000000000000000e+00 0.000000000000000000e+00 0.000000000000000000e+00 0.000000000000000000e+00 0.000000000000000000e+00 0.000000000000000000e+00 0.000000000000000000e+00 0.000000000000000000e+00 0.000000000000000000e+00 0.000000000000000000e+00 0.000000000000000000e+00 0.000000000000000000e+00 0.000000000000000000e+00 0.000000000000000000e+00 0.000000000000000000e+00 0.000000000000000000e+00 0.000000000000000000e+00 0.000000000000000000e+00 0.000000000000000000e+00 0.000000000000000000e+00 0.000000000000000000e+00 0.000000000000000000e+00 0.000000000000000000e+00 0.000000000000000000e+00 0.000000000000000000e+00 0.000000000000000000e+00 0.000000000000000000e+00 0.000000000000000000e+00 0.000000000000000000e+00 0.000000000000000000e+00 0.000000000000000000e+00 0.000000000000000000e+00 0.000000000000000000e+00 0.000000000000000000e+00 0.000000000000000000e+00 0.000000000000000000e+00 0.000000000000000000e+00 0.000000000000000000e+00 0.000000000000000000e+00 0.000000000000000000e+00
8.679917592947564486e+00 -5.504662166704172854e+00 -2.265469734582634231e+00 -1.184020700713250740e+01 9.144824228742516325e+00 -1.523576032484461606e-01 -7.717483052830145240e+00 -6.063029817909821872e-01 1.036020902655612375e+01 9.282260637931472047e-02 -8.654203099410100464e-01 1.044830922393991202e+01 3.724375028030521229e+00 -1.436488880019155623e+01 -3.461734259282898130e+00 -8.361509970790024227e+00 -2.907228327946107527e-01 -6.873280016343414900e-01 -1.007664117210001820e+00 1.276492372865913438e+00 -1.021859876025750147e+01 -7.001104820267341822e+00 6.289702617563783349e+00 1.257201350412906216e+01 -1.228439552058140833e+02 1.209545914384155196e+02 -3.799105564479842378e+00 -1.396534935571575708e+01 -1.961161751816847598e+00 9.990127660196410631e-01 -4.744901414523122973e+00 -3.714975606858661905e+00 -1.187186390368950413e+02 -2.867798182341012492e+01 -1.687795248076608345e+02 1.171851037611705380e+02 -3.946179319125224794e-01 -2.449097052152310994e+01 -7.280430027769227763e+01 -3.062760080636190807e+01 5.866638998152679640e+00 7.601318679508483456e+01 5.356537697840581203e+00 -1.356804364714173161e+01 1.162584906400050855e+01 2.948743015601850459e+01 6.801827177103012545e-01 -4.196363296815343702e+00 8.965623137521781416e+00 0.000000000000000000e+00 0.000000000000000000e+00 0.000000000000000000e+00 0.000000000000000000e+00 0.000000000000000000e+00 0.000000000000000000e+00 0.000000000000000000e+00 0.000000000000000000e+00 0.000000000000000000e+00 0.000000000000000000e+00 0.000000000000000000e+00 0.000000000000000000e+00 0.000000000000000000e+00 0.000000000000000000e+00 0.000000000000000000e+00 0.000000000000000000e+00 0.000000000000000000e+00 0.000000000000000000e+00 0.000000000000000000e+00 0.000000000000000000e+00 0.000000000000000000e+00 0.000000000000000000e+00 0.000000000000000000e+00 0.000000000000000000e+00 0.000000000000000000e+00 0.000000000000000000e+00 0.000000000000000000e+00 0.000000000000000000e+00 0.000000000000000000e+00 0.000000000000000000e+00 0.000000000000000000e+00 0.000000000000000000e+00 0.000000000000000000e+00 0.000000000000000000e+00 0.000000000000000000e+00 0.000000000000000000e+00 0.000000000000000000e+00 0.000000000000000000e+00 0.000000000000000000e+00 0.000000000000000000e+00 0.000000000000000000e+00 0.000000000000000000e+00 0.000000000000000000e+00 0.000000000000000000e+00 0.000000000000000000e+00 0.000000000000000000e+00 0.000000000000000000e+00 0.000000000000000000e+00 0.000000000000000000e+00 0.000000000000000000e+00 0.000000000000000000e+00
7.080156859433911265e+00 -5.884945759965319212e+00 -4.670761917501825344e+00 -1.073604875597038699e+01 -1.732640953659365124e+01 1.194112873812105491e+01 5.022922190258368147e+01 1.347993829517975151e+01 -2.054587725303110233e+02 -2.498755701846693000e+01 -8.211691680641084901e+00 9.742235297560949903e+01 6.716349961430964299e+01 3.365712609515309595e+00 2.525964017695773833e+01 -7.571082929134631456e+01 -1.777261053894890708e+01 -1.215078691293440372e+01 -1.072310329281277141e+01 1.806259305683460070e+01 -4.308771539594005162e+01 2.774155498982668000e+00 1.643054692395087280e+00 7.747045508522447221e+00 -9.766757370653076009e+01 6.943471679758690129e+01 1.841869068123979325e+00 -5.475826319947498355e+00 1.201800559779928790e+01 -8.451296098905858756e+00 -8.062613391855023792e+00 -1.516847376275995529e+00 -3.603116514306177720e+01 -7.163711323278302956e+00 -5.129873113779464688e+01 2.883666452302404792e+01 -1.258329481513289672e+01 -6.715998851741592546e+01 -1.017134212969528306e+02 3.808521564776645718e+00 2.234099115811492808e+01 1.787343438216549316e+02 2.547502487152416961e+01 -7.949520328207923647e+00 1.042224543945887305e+01 3.108725938773935482e+01 4.214955777591476327e+00 -3.472267948612035138e+00 5.733370291059234347e+00 -4.011381954957714768e+00 0.000000000000000000e+00 0.000000000000000000e+00 0.000000000000000000e+00 0.000000000000000000e+00 0.000000000000000000e+00 0.000000000000000000e+00 0.000000000000000000e+00 0.000000000000000000e+00 0.000000000000000000e+00 0.000000000000000000e+00 0.000000000000000000e+00 0.000000000000000000e+00 0.000000000000000000e+00 0.000000000000000000e+00 0.000000000000000000e+00 0.000000000000000000e+00 0.000000000000000000e+00 0.000000000000000000e+00 0.000000000000000000e+00 0.000000000000000000e+00 0.000000000000000000e+00 0.000000000000000000e+00 0.000000000000000000e+00 0.000000000000000000e+00 0.000000000000000000e+00 0.000000000000000000e+00 0.000000000000000000e+00 0.000000000000000000e+00 0.000000000000000000e+00 0.000000000000000000e+00 0.000000000000000000e+00 0.000000000000000000e+00 0.000000000000000000e+00 0.000000000000000000e+00 0.000000000000000000e+00 0.000000000000000000e+00 0.000000000000000000e+00 0.000000000000000000e+00 0.000000000000000000e+00 0.000000000000000000e+00 0.000000000000000000e+00 0.000000000000000000e+00 0.000000000000000000e+00 0.000000000000000000e+00 0.000000000000000000e+00 0.000000000000000000e+00 0.000000000000000000e+00 0.000000000000000000e+00 0.000000000000000000e+00 0.000000000000000000e+00
2.953141868126520020e+00 2.683638293131223485e+00 3.551020608563266734e+00 1.830580892511634516e+01 -1.255918685136935942e+01 6.491369591481612744e+00 2.627715762803616073e+01 1.046497173860860386e+01 -1.694929471680172526e+02 -8.138003979147221401e+00 -6.718080107947706381e+00 6.848634970424735968e+01 5.304402318722625864e+01 3.306078178730228245e+00 1.853368129047477453e+01 -4.530954584366811133e+01 5.269529601484830295e+00 6.085423912555993908e-01 -5.726119198636058449e+00 1.746541228231451726e+01 -1.380141145051465301e+01 2.627353807644772665e+00 -5.956442763215727965e+00 3.787511084139143946e+00 -7.479362906462495175e+01 3.334985767733686401e+01 -7.974638514795273636e-02 -7.453476246586758336e+00 5.903105165225424500e+00 3.067386917313115191e-01 -4.511689366625031283e+00 -8.582421680879583903e-01 -3.005845853678280832e+01 1.793907369128978857e+00 3.835749372123781420e+00 2.388579536354084354e+01 2.880473062035346032e+00 2.799328990528776018e+01 5.529121261137959209e+01 -9.207196317387923656e+00 9.799336663217379950e+00 9.062073585270067611e+01 9.766156251714733116e+00 -1.719636560544074300e+01 1.797754943465496780e+01 4.537181923909543713e+01 5.458478747860178615e+00 -8.765547176449864253e+00 4.594521203297299294e+00 1.557559181422956662e+01 7.982258418000351696e+01 0.000000000000000000e+00 0.000000000000000000e+00 0.000000000000000000e+00 0.000000000000000000e+00 0.000000000000000000e+00 0.000000000000000000e+00 0.000000000000000000e+00 0.000000000000000000e+00 0.000000000000000000e+00 0.000000000000000000e+00 0.000000000000000000e+00 0.000000000000000000e+00 0.000000000000000000e+00 0.000000000000000000e+00 0.000000000000000000e+00 0.000000000000000000e+00 0.000000000000000000e+00 0.000000000000000000e+00 0.000000000000000000e+00 0.000000000000000000e+00 0.000000000000000000e+00 0.000000000000000000e+00 0.000000000000000000e+00 0.000000000000000000e+00 0.000000000000000000e+00 0.000000000000000000e+00 0.000000000000000000e+00 0.000000000000000000e+00 0.000000000000000000e+00 0.000000000000000000e+00 0.000000000000000000e+00 0.000000000000000000e+00 0.000000000000000000e+00 0.000000000000000000e+00 0.000000000000000000e+00 0.000000000000000000e+00 0.000000000000000000e+00 0.000000000000000000e+00 0.000000000000000000e+00 0.000000000000000000e+00 0.000000000000000000e+00 0.000000000000000000e+00 0.000000000000000000e+00 0.000000000000000000e+00 0.000000000000000000e+00 0.000000000000000000e+00 0.000000000000000000e+00 0.000000000000000000e+00 0.000000000000000000e+00
4.471934089635847265e+00 -4.151560480216289761e+00 -1.805946845429733383e+00 -6.557591117236018619e+00 -3.542979254421911861e-01 7.298681718435243937e+00 2.047414884754916642e+01 9.130618038008446291e+00 -1.302518774611152992e+02 -1.141055658704148357e+01 3.324813458526911347e+00 -2.616677517155297750e+01 -2.644882383661254011e+01 2.982943073541109769e+00 1.029183016491391633e+01 -2.880102824061483346e+01 1.908319914416147611e+01 1.308528947571427814e+01 4.055006439489542203e+00 -1.740691411594917426e+01 -2.936951193782904035e+00 -6.503206865750473575e+00 -5.376885668409663310e-01 -2.306151427734096870e+00 2.766490090280843361e+01 -4.974009169122245311e+01 -2.195559560434404034e+00 -6.482677097077230499e+00 8.250359589843274222e+00 -2.012421696368918589e+01 -4.694068592095543124e+01 -2.203459897089222963e+01 -7.036752325959949985e+02 -1.709459643835463893e+01 -1.225864009155359327e+02 5.943758931227376507e+01 -2.045003701184347022e+01 -1.127427109627428194e+02 -1.734595341340314860e+02 2.799410485657627135e+01 7.020016118230435254e+00 2.089327528676551538e+01 -4.366086246659118153e+00 7.741326104415129805e+00 -1.960115359027949467e+01 -2.849869674451846890e+01 3.156202621260035812e+00 1.063488785431298211e+00 -2.331772337951551322e+01 2.234751446051535595e+01 2.696458411260288912e+01 -1.102358931138058296e+01 0.000000000000000000e+00 0.000000000000000000e+00 0.000000000000000000e+00 0.000000000000000000e+00 0.000000000000000000e+00 0.000000000000000000e+00 0.000000000000000000e+00 0.000000000000000000e+00 0.000000000000000000e+00 0.000000000000000000e+00 0.000000000000000000e+00 0.000000000000000000e+00 0.000000000000000000e+00 0.000000000000000000e+00 0.000000000000000000e+00 0.000000000000000000e+00 0.000000000000000000e+00 0.000000000000000000e+00 0.000000000000000000e+00 0.000000000000000000e+00 0.000000000000000000e+00 0.000000000000000000e+00 0.000000000000000000e+00 0.000000000000000000e+00 0.000000000000000000e+00 0.000000000000000000e+00 0.000000000000000000e+00 0.000000000000000000e+00 0.000000000000000000e+00 0.000000000000000000e+00 0.000000000000000000e+00 0.000000000000000000e+00 0.000000000000000000e+00 0.000000000000000000e+00 0.000000000000000000e+00 0.000000000000000000e+00 0.000000000000000000e+00 0.000000000000000000e+00 0.000000000000000000e+00 0.000000000000000000e+00 0.000000000000000000e+00 0.000000000000000000e+00 0.000000000000000000e+00 0.000000000000000000e+00 0.000000000000000000e+00 0.000000000000000000e+00 0.000000000000000000e+00 0.000000000000000000e+00
6.223927721557109827e+00 -2.372970993786107208e+00 -5.198326852190096048e-01 -1.308519000867303106e+00 -1.322350878167172006e+00 5.330515476294075405e+00 1.439295339362504933e+01 6.742411927125255389e+00 -9.694281683419383455e+01 -1.042088367708590191e+01 -4.559185860973524740e-01 7.972332770590758955e+00 -4.159171629555260097e+00 -1.093105171058057756e+01 8.936232126187015012e+00 -3.591640429115339828e+01 -1.967231281688876621e+00 -2.844578041834398441e+00 -6.753037850355214644e+00 8.197051365855262617e+00 -2.426837580045444298e+01 -7.098322250897307839e+00 1.499138189890124906e+01 5.253554727352428344e+00 1.665981085955634100e+00 5.618990748424083392e+01 1.048194402157512961e+01 -1.030521934272269924e+01 1.065383855862615903e+01 2.656467027478686127e+00 1.825318901760924817e+01 1.434243413157059877e+01 4.684637786633402357e+02 1.503367842486314743e+01 1.004066358796567755e+02 -1.268623512371049173e+02 -2.929218289605812231e+01 -1.312554612618525027e+02 -1.263711573434434854e+02 7.043480871435534141e+01 -1.789971809311080619e+01 -2.150454681724247052e+02 -2.364142903538448337e+01 2.702889274912078932e+01 -3.788458858143621910e+01 -8.068260450063785072e+01 5.060538260143411016e+00 3.764801680865684119e+00 -2.672611194577881832e+01 1.648031816620390089e+01 5.596924711377983641e+00 -2.405649549747329985e+01 -7.276240960314598283e+01 0.000000000000000000e+00 0.000000000000000000e+00 0.000000000000000000e+00 0.000000000000000000e+00 0.000000000000000000e+00 0.000000000000000000e+00 0.000000000000000000e+00 0.000000000000000000e+00 0.000000000000000000e+00 0.000000000000000000e+00 0.000000000000000000e+00 0.000000000000000000e+00 0.000000000000000000e+00 0.000000000000000000e+00 0.000000000000000000e+00 0.000000000000000000e+00 0.000000000000000000e+00 0.000000000000000000e+00 0.000000000000000000e+00 0.000000000000000000e+00 0.000000000000000000e+00 0.000000000000000000e+00 0.000000000000000000e+00 0.000000000000000000e+00 0.000000000000000000e+00 0.000000000000000000e+00 0.000000000000000000e+00 0.000000000000000000e+00 0.000000000000000000e+00 0.000000000000000000e+00 0.000000000000000000e+00 0.000000000000000000e+00 0.000000000000000000e+00 0.000000000000000000e+00 0.000000000000000000e+00 0.000000000000000000e+00 0.000000000000000000e+00 0.000000000000000000e+00 0.000000000000000000e+00 0.000000000000000000e+00 0.000000000000000000e+00 0.000000000000000000e+00 0.000000000000000000e+00 0.000000000000000000e+00 0.000000000000000000e+00 0.000000000000000000e+00 0.000000000000000000e+00
8.483571169368500975e+00 -3.282908083764874974e+00 -4.388826750641508845e+00 -1.405143814778224254e+01 -6.015616754260797450e+00 -4.627476544216695409e-01 2.655677301087761677e+00 -6.858058594686373688e+00 1.124031989496838690e+02 -1.085909837190363803e+01 -1.702140941530094764e+00 3.127118280165785791e+01 1.485177851530826665e+01 -8.506213431633572242e+00 1.555808657546039697e+00 -1.378594241381629892e+01 -1.378757136999891486e+01 -9.581238101958234665e+00 -6.169642970199595844e+00 1.017675549709016636e+01 -2.734982407644039171e+01 1.315233391849988998e+00 -4.793412595216078209e+00 -9.063467334190202784e-01 -4.980826781444489981e+00 -4.375962120429141677e+00 -1.034793885028804539e+00 9.238525397727240573e+00 -7.798861148033132906e+00 8.593033031855036086e+00 2.615459006271401776e+01 1.474231251960359579e+01 4.672060777271499319e+02 3.320860275211190782e+01 2.038746408262111629e+02 -1.025617468120546363e+02 1.937452709094529624e+01 1.236297616085684155e+02 2.029837723619024246e+02 -3.868748875294302003e+00 2.207808520394809904e+00 2.861342096063046370e+01 4.941561485417098609e-01 -6.961962531966323198e+00 1.577244728370358118e+01 2.040445075993737944e+01 5.402278863235590478e+00 1.320255285338367024e+01 -4.420928164153191631e+01 3.092944605345589082e+01 6.170337230522895311e+01 -4.667042416766729929e+00 -1.803569623238092490e+01 2.763749460837541960e+01 0.000000000000000000e+00 0.000000000000000000e+00 0.000000000000000000e+00 0.000000000000000000e+00 0.000000000000000000e+00 0.000000000000000000e+00 0.000000000000000000e+00 0.000000000000000000e+00 0.000000000000000000e+00 0.000000000000000000e+00 0.000000000000000000e+00 0.000000000000000000e+00 0.000000000000000000e+00 0.000000000000000000e+00 0.000000000000000000e+00 0.000000000000000000e+00 0.000000000000000000e+00 0.000000000000000000e+00 0.000000000000000000e+00 0.000000000000000000e+00 0.000000000000000000e+00 0.000000000000000000e+00 0.000000000000000000e+00 0.000000000000000000e+00 0.000000000000000000e+00 0.000000000000000000e+00 0.000000000000000000e+00 0.000000000000000000e+00 0.000000000000000000e+00 0.000000000000000000e+00 0.000000000000000000e+00 0.000000000000000000e+00 0.000000000000000000e+00 0.000000000000000000e+00 0.000000000000000000e+00 0.000000000000000000e+00 0.000000000000000000e+00 0.000000000000000000e+00 0.000000000000000000e+00 0.000000000000000000e+00 0.000000000000000000e+00 0.000000000000000000e+00 0.000000000000000000e+00 0.000000000000000000e+00 0.000000000000000000e+00 0.000000000000000000e+00
8.788323086288674091e+00 -8.658643942624340895e+00 -8.540791490628059535e+00 -2.744278703774639538e+01 -1.367689935352981223e+01 1.198412259280955006e+01 4.697401222511484775e+01 1.131140185283596900e+01 -1.585127568899243613e+02 -2.524229852683436093e+01 3.854209789796341212e+00 -2.116082616475886269e+01 -3.490904027706412904e+01 -5.858090888965321597e+00 1.706716692153723258e+01 -5.520572924378146240e+01 3.481023908489766505e+00 8.984733111992788679e-01 -8.079836758253904350e+00 1.324204234255257617e+01 -2.847028786363595643e+01 -2.852801749026414591e-01 1.793287672567931423e+01 3.660553911480759481e+00 1.818333498889700905e+01 3.141467261079197115e+01 1.055264679357621915e+01 -6.797952781010928369e+00 2.606045875116770105e+01 -8.629935458234198720e+00 -2.397761678805547092e+01 -2.654407513967210974e+01 -8.293253497450583609e+02 -2.582944488457587795e+01 -1.725597952368370898e+02 8.374223764294086436e+01 -1.275695999872134578e+01 -8.984273646401402402e+01 -1.599587023798136443e+02 4.624919667242213706e+00 -1.537145281333388169e+01 -1.344567629196801875e+02 -2.262026433193991437e+01 4.232405367322750323e+01 -4.463491026570827813e+01 -1.197214947382651502e+02 -5.694830221606194343e+00 -4.246101262845437319e+00 1.708469419126769751e+01 -2.515693491034095075e+01 -8.221559986142951004e+01 -3.080198880374676662e+01 -9.891638652100185425e+01 -4.072959724879363108e+01 2.147251062491025309e+01 0.000000000000000000e+00 0.000000000000000000e+00 0.000000000000000000e+00 0.000000000000000000e+00 0.000000000000000000e+00 0.000000000000000000e+00 0.000000000000000000e+00 0.000000000000000000e+00 0.000000000000000000e+00 0.000000000000000000e+00 0.000000000000000000e+00 0.000000000000000000e+00 0.000000000000000000e+00 0.000000000000000000e+00 0.000000000000000000e+00 0.000000000000000000e+00 0.000000000000000000e+00 0.000000000000000000e+00 0.000000000000000000e+00 0.000000000000000000e+00 0.000000000000000000e+00 0.000000000000000000e+00 0.000000000000000000e+00 0.000000000000000000e+00 0.000000000000000000e+00 0.000000000000000000e+00 0.000000000000000000e+00 0.000000000000000000e+00 0.000000000000000000e+00 0.000000000000000000e+00 0.000000000000000000e+00 0.000000000000000000e+00 0.000000000000000000e+00 0.000000000000000000e+00 0.000000000000000000e+00 0.000000000000000000e+00 0.000000000000000000e+00 0.000000000000000000e+00 0.000000000000000000e+00 0.000000000000000000e+00 0.000000000000000000e+00 0.000000000000000000e+00 0.000000000000000000e+00 0.000000000000000000e+00 0.000000000000000000e+00
2.988385062450829466e+00 2.735189319188393142e+00 5.282889863327767443e+00 2.111217174292710652e+01 1.152332090166829914e-01 2.502930091759376197e+00 2.557278025654240672e+00 -2.324061448629843873e-01 1.547614129474865763e+01 -1.564552080891919417e+01 -6.967289203373834283e-01 1.878551921073707121e+01 -2.136819676328841844e+00 -1.193020185443655201e+01 7.887510119148108956e+00 -4.455969550078462049e+01 -1.102321354699823175e+01 3.009793859102829927e+00 -1.558858941906350104e+00 -5.166095567519608522e-01 3.608455144388273084e+00 5.277028027111963837e+00 7.533174870739506090e+00 -5.734997461631283322e+00 9.213835798700675639e+01 -4.947943050512184016e+01 8.876878779727320534e+00 5.660902307232653641e+00 9.413437808368687598e+00 -2.292259502442712815e+00 -2.548135161208427313e+00 -5.094807470764536106e+00 -1.546735398795779304e+02 -1.360878339225925160e+01 -7.694972942795152449e+01 4.109100507222747467e+01 7.250862776489577222e-01 -1.524446779550089559e+00 -1.951467846777266146e+01 3.823266580971399264e+00 7.240105687461397821e+00 5.701811261066427505e+01 8.966802444978767994e+00 -2.557594608960516780e+01 1.563978702504162932e+01 5.898493535698890611e+01 9.112895428376285523e+00 1.253619606623826144e+01 -4.662493902816073188e+01 3.468646799181237839e+01 4.281676149082080940e+01 6.385196639497493720e+00 4.766016891529087474e+01 3.511651264113393722e+01 -2.157687661244251842e+01 -4.859791696492553825e+00 0.000000000000000000e+00 0.000000000000000000e+00 0.000000000000000000e+00 0.000000000000000000e+00 0.000000000000000000e+00 0.000000000000000000e+00 0.000000000000000000e+00 0.000000000000000000e+00 0.000000000000000000e+00 0.000000000000000000e+00 0.000000000000000000e+00 0.000000000000000000e+00 0.000000000000000000e+00 0.000000000000000000e+00 0.000000000000000000e+00 0.000000000000000000e+00 0.000000000000000000e+00 0.000000000000000000e+00 0.000000000000000000e+00 0.000000000000000000e+00 0.000000000000000000e+00 0.000000000000000000e+00 0.000000000000000000e+00 0.000000000000000000e+00 0.000000000000000000e+00 0.000000000000000000e+00 0.000000000000000000e+00 0.000000000000000000e+00 0.000000000000000000e+00 0.000000000000000000e+00 0.000000000000000000e+00 0.000000000000000000e+00 0.000000000000000000e+00 0.000000000000000000e+00 0.000000000000000000e+00 0.000000000000000000e+00 0.000000000000000000e+00 0.000000000000000000e+00 0.000000000000000000e+00 0.000000000000000000e+00 0.000000000000000000e+00 0.000000000000000000e+00 0.000000000000000000e+00 0.000000000000000000e+00
1.460543753354433871e+00 2.455799382377729767e+00 2.035485962561550011e+00 9.539690817790805966e+00 -1.429493329005562252e+00 -5.248139556219251212e-01 -6.189121395700538208e+00 2.147274724514488753e+00 -3.547311439909628916e+01 9.538156379074360203e+00 -3.606659537607921351e-01 -9.372409959977359151e+00 1.583500235578484627e+00 2.627303756066207363e+00 2.418479689511816133e+00 5.300048157828911144e+00 1.389053542852276912e+01 1.289536319424992605e+01 6.844132798882583302e+00 -4.771780706208428313e+00 3.754260834617685560e+01 8.087548046986530181e+00 -4.295227097807222449e+00 -4.939880586795014850e+00 3.566226331098404501e+01 -5.384067227086750052e+01 1.511174556370933786e+00 -3.527818625648391659e+00 -2.256041594737519418e+00 -1.804607842998137812e+00 -1.351900795040000602e+00 1.199310014341802599e+01 3.924792131814859317e+02 -1.609493826026871233e+01 -9.441831526342961922e+01 4.556977808771183192e+01 -1.767083315065234927e+01 -1.102851352969088055e+02 -1.764443483828027297e+02 1.392947674596604202e+01 1.621554065908146924e+01 1.136536138590392397e+02 1.135914465894038905e+01 -9.997346359638383362e+00 -3.046519552052059154e+00 1.495859564456251078e+01 -4.729491298146053957e+00 -9.871441932083175885e+00 2.436362255093932916e+01 -1.115810479249232401e+01 -1.728325635570829633e+01 -8.900812491421840278e+00 -3.050976923465420043e+01 -1.627770993954768386e+01 -5.725798634761498640e+00 -1.541516880516369881e+01 -1.522337436490279927e+01 0.000000000000000000e+00 0.000000000000000000e+00 0.000000000000000000e+00 0.000000000000000000e+00 0.000000000000000000e+00 0.000000000000000000e+00 0.000000000000000000e+00 0.000000000000000000e+00 0.000000000000000000e+00 0.000000000000000000e+00 0.000000000000000000e+00 0.000000000000000000e+00 0.000000000000000000e+00 0.000000000000000000e+00 0.000000000000000000e+00 0.000000000000000000e+00 0.000000000000000000e+00 0.000000000000000000e+00 0.000000000000000000e+00 0.000000000000000000e+00 0.000000000000000000e+00 0.000000000000000000e+00 0.000000000000000000e+00 0.000000000000000000e+00 0.000000000000000000e+00 0.000000000000000000e+00 0.000000000000000000e+00 0.000000000000000000e+00 0.000000000000000000e+00 0.000000000000000000e+00 0.000000000000000000e+00 0.000000000000000000e+00 0.000000000000000000e+00 0.000000000000000000e+00 0.000000000000000000e+00 0.000000000000000000e+00 0.000000000000000000e+00 0.000000000000000000e+00 0.000000000000000000e+00 0.000000000000000000e+00 0.000000000000000000e+00 0.000000000000000000e+00 0.000000000000000000e+00
4.860884143573297678e+00 -4.798217829589160210e+00 1.098254413461399182e-01 5.791938520771287457e+00 -1.686929811353727260e+01 1.040907068530522572e+01 4.450032885868898802e+01 1.098763934361858752e+01 -1.687549686314225994e+02 -1.718637173046632682e+01 -7.947527330905691301e+00 8.822970494253152651e+01 6.068715836456395607e+01 -9.538527543806454290e+00 1.748538981442876405e+01 -5.740553337124457300e+01 -1.086173146896022246e+01 -1.212350865451003656e+01 -9.893816682045908806e+00 1.525892352566164334e+01 -4.878471046400355249e+01 1.599078255557055073e+00 -4.531381351310246330e-01 -4.917640905439260024e+00 4.894872034624458479e+01 -5.811645824208729749e+01 4.446848918688042218e+00 1.002385208579127784e+01 1.580614032440862537e+01 -1.124768882205379938e+01 -1.900236968914518343e+01 -2.433985330792650359e+01 -7.727692768133277923e+02 4.526047396342455009e+00 1.390265209753264131e+01 -2.094751324092948508e+00 1.135706978585336380e+01 6.130878162818282107e+01 7.942847227878908711e+01 -8.333916569782534367e+00 -4.951069748740971832e+00 -1.830944667961024308e+01 4.227886030377071336e+00 1.664619436618587400e+01 -2.158481794652574592e+01 -4.437436481036704805e+01 2.716531007669590103e+00 -8.854808562504619118e+00 3.002736102854784406e+01 -1.957522662751845388e+01 -2.773045090827586279e+01 1.535666910888742187e+00 -8.575135688722522076e+00 8.434450423489234794e-01 -1.057405884786878580e+01 -1.759440077906454292e+01 -5.722005303020103639e+01 -3.296745792101105366e+01 0.000000000000000000e+00 0.000000000000000000e+00 0.000000000000000000e+00 0.000000000000000000e+00 0.000000000000000000e+00 0.000000000000000000e+00 0.000000000000000000e+00 0.000000000000000000e+00 0.000000000000000000e+00 0.000000000000000000e+00 0.000000000000000000e+00 0.000000000000000000e+00 0.000000000000000000e+00 0.000000000000000000e+00 0.000000000000000000e+00 0.000000000000000000e+00 0.000000000000000000e+00 0.000000000000000000e+00 0.000000000000000000e+00 0.000000000000000000e+00 0.000000000000000000e+00 0.000000000000000000e+00 0.000000000000000000e+00 0.000000000000000000e+00 0.000000000000000000e+00 0.000000000000000000e+00 0.000000000000000000e+00 0.000000000000000000e+00 0.000000000000000000e+00 0.000000000000000000e+00 0.000000000000000000e+00 0.000000000000000000e+00 0.000000000000000000e+00 0.000000000000000000e+00 0.000000000000000000e+00 0.000000000000000000e+00 0.000000000000000000e+00 0.000000000000000000e+00 0.000000000000000000e+00 0.000000000000000000e+00 0.000000000000000000e+00 0.000000000000000000e+00
7.489805972628619912e+00 -8.352042082473134954e+00 3.371884325819376471e-01 -8.524640313279836512e-01 5.940091761000002357e+00 -2.801953252080788825e+00 -5.288889565752830535e+00 -1.463345471927015140e+01 2.521647956701573037e+02 -3.888535940098734045e+00 3.911269528649581328e+00 -3.317256829685341302e+01 -4.041142143894438021e+01 -1.435856525013147333e+01 -4.200657946757399230e+00 -1.323907199353069331e+01 -1.480710514101667563e+01 1.122575198932596052e+00 2.176577899100571312e+00 -7.923654749908450867e+00 2.993604986541775403e+01 7.205903066480492392e+00 7.403745260258642880e+00 -6.298301543674368119e+00 1.041777848612646267e+02 -4.167008290625357603e+01 1.197925400623848624e+01 2.663562820225364725e+00 3.704387911061817640e+00 1.185622747064497418e+01 3.256786542575121501e+01 1.937394357318931526e+01 6.281749429448909723e+02 -2.227287923001579628e+00 4.876765415728083752e-01 -3.728975668352785533e+01 -2.229367185394932704e+01 -1.038905426545819921e+02 -1.175841227213126103e+02 4.395785309938683838e+01 3.705242282345412974e+00 -2.421608271211947283e+01 2.272619129011289374e+00 -1.208630559727528286e+01 6.222070534629680516e+00 3.364206776990393166e+01 1.981882741767316958e+01 3.623495403142007376e+01 -1.196631010204520749e+02 6.347687050957202359e+01 3.364677815089675050e+01 -6.861235016086579819e+00 3.438175526122673631e+01 3.899190228818300596e+01 -1.895757692716238907e+01 2.042846029494621973e+01 8.641546728063792671e+01 6.098710309522627426e+01 1.822402002321586423e+01 0.000000000000000000e+00 0.000000000000000000e+00 0.000000000000000000e+00 0.000000000000000000e+00 0.000000000000000000e+00 0.000000000000000000e+00 0.000000000000000000e+00 0.000000000000000000e+00 0.000000000000000000e+00 0.000000000000000000e+00 0.000000000000000000e+00 0.000000000000000000e+00 0.000000000000000000e+00 0.000000000000000000e+00 0.000000000000000000e+00 0.000000000000000000e+00 0.000000000000000000e+00 0.000000000000000000e+00 0.000000000000000000e+00 0.000000000000000000e+00 0.000000000000000000e+00 0.000000000000000000e+00 0.000000000000000000e+00 0.000000000000000000e+00 0.000000000000000000e+00 0.000000000000000000e+00 0.000000000000000000e+00 0.000000000000000000e+00 0.000000000000000000e+00 0.000000000000000000e+00 0.000000000000000000e+00 0.000000000000000000e+00 0.000000000000000000e+00 0.000000000000000000e+00 0.000000000000000000e+00 0.000000000000000000e+00 0.000000000000000000e+00 0.000000000000000000e+00 0.000000000000000000e+00 0.000000000000000000e+00 0.000000000000000000e+00
5.023369484363090720e+00 -5.109745248072736779e+00 -1.722580127989943755e+00 1.047388796392368704e+00 -1.619758924831449320e+01 1.198009287947520463e+01 4.723494980985795166e+01 9.483012052175768147e+00 -1.287350490190015080e+02 -3.457001873613509701e+01 1.989972689924854876e-01 2.246561217283467471e+01 -2.437609319207245662e+00 -2.738747506923592923e+00 1.607855875367304677e+01 -6.259561939297277888e+01 -8.433464085853721315e+00 -3.892989894776930804e+00 -6.722354350691460922e+00 -1.143351574550766525e+00 -3.399393888390510199e+01 -9.487209829366815228e+00 8.781143656127660790e+00 4.780989287689546785e+00 -1.006128443644435855e+01 4.572038490741646655e+01 -3.303604695390090829e+00 -1.202587006350496246e+01 -6.015727268714944564e+00 2.595851706593317321e+00 8.201386392117157698e+00 3.345511329750539886e+01 1.059406825595843657e+03 1.069384194418271505e+01 8.429156538234946083e+01 -7.970817694341481285e+01 -1.347870479876769423e+01 -7.328022176237757890e+01 -7.904973896340121087e+01 3.250233715514494293e+01 2.681246481396559744e+00 -1.710948193266429485e+01 -6.259647245508938695e+00 1.112070260742159000e+01 -1.744729529539943158e+01 -2.417500079932324653e+01 -3.235281501309178687e+00 -2.511843397290985713e+00 -4.635580279715012963e+00 1.145345655288761400e+01 2.893321872269418549e+01 8.416016619106493124e+00 5.026269825669406544e+01 5.847564793810311912e+00 -2.198541380625271202e+01 -1.164616366788447976e+01 -1.099473185654428775e+01 1.851912170772225608e+01 -1.376276091115352074e+01 -1.147387659479284565e+02 0.000000000000000000e+00 0.000000000000000000e+00 0.000000000000000000e+00 0.000000000000000000e+00 0.000000000000000000e+00 0.000000000000000000e+00 0.000000000000000000e+00 0.000000000000000000e+00 0.000000000000000000e+00 0.000000000000000000e+00 0.000000000000000000e+00 0.000000000000000000e+00 0.000000000000000000e+00 0.000000000000000000e+00 0.000000000000000000e+00 0.000000000000000000e+00 0.000000000000000000e+00 0.000000000000000000e+00 0.000000000000000000e+00 0.000000000000000000e+00 0.000000000000000000e+00 0.000000000000000000e+00 0.000000000000000000e+00 0.000000000000000000e+00 0.000000000000000000e+00 0.000000000000000000e+00 0.000000000000000000e+00 0.000000000000000000e+00 0.000000000000000000e+00 0.000000000000000000e+00 0.000000000000000000e+00 0.000000000000000000e+00 0.000000000000000000e+00 0.000000000000000000e+00 0.000000000000000000e+00 0.000000000000000000e+00 0.000000000000000000e+00 0.000000000000000000e+00 0.000000000000000000e+00 0.000000000000000000e+00
2.086635387880057646e+00 -4.689374669135140117e-01 4.674661040175870141e+00 2.241151559000719118e+01 -1.451440459156738427e+01 4.617639880572285804e+00 3.170677284475875979e+01 3.518667821870408829e+00 -5.542841054095133302e+01 1.792319956797784997e+00 -9.583610404770675828e+00 8.176007908953428682e+01 7.730690216681402660e+01 3.317178897497714551e+00 1.250965608764281711e+01 -2.790077736245108753e+01 1.426473245219201402e+01 4.654455004378737826e+00 -2.903679153514994837e+00 6.371103736143553853e+00 -1.551667894557933636e+01 -1.378835935968448467e+01 -3.307575564926378497e+00 5.739149551671823168e+00 -6.449993032264262638e+01 5.165372585265262728e+01 -1.226687499720298646e+01 -1.692025147455373002e+01 -6.933720885520865629e+00 1.911802206044465269e+00 -1.837830563863997213e+01 9.703137729374175180e+00 2.872275789622005391e+02 -1.112412469920837310e+01 -6.003171254611277163e+01 8.141414885243584365e+01 3.996271019608564679e+00 1.402012819216648865e+01 2.231102395281855166e+01 -3.222349202984467809e+01 3.086602432623433145e-01 1.815012116410976972e+01 -7.113489688003284073e+00 6.231372496143080753e+00 1.103131952619535028e+01 4.837934332665172477e+00 -1.213995442325663454e+01 -4.386236419124998065e-01 1.234176677327533866e+01 -5.400392161155132875e+00 1.561824956388874241e+01 2.765066544476046673e+01 9.258346626443589855e+01 -3.640525364849403367e+00 -6.561113951183151549e+00 5.572257534384466027e-01 3.529725986342129573e+01 5.314770765760096793e+01 -8.712842834135386738e+00 -1.162116593174879995e+02 2.088964416362286869e+01 0.000000000000000000e+00 0.000000000000000000e+00 0.000000000000000000e+00 0.000000000000000000e+00 0.000000000000000000e+00 0.000000000000000000e+00 0.000000000000000000e+00 0.000000000000000000e+00 0.000000000000000000e+00 0.000000000000000000e+00 0.000000000000000000e+00 0.000000000000000000e+00 0.000000000000000000e+00 0.000000000000000000e+00 0.000000000000000000e+00 0.000000000000000000e+00 0.000000000000000000e+00 0.000000000000000000e+00 0.000000000000000000e+00 0.000000000000000000e+00 0.000000000000000000e+00 0.000000000000000000e+00 0.000000000000000000e+00 0.000000000000000000e+00 0.000000000000000000e+00 0.000000000000000000e+00 0.000000000000000000e+00 0.000000000000000000e+00 0.000000000000000000e+00 0.000000000000000000e+00 0.000000000000000000e+00 0.000000000000000000e+00 0.000000000000000000e+00 0.000000000000000000e+00 0.000000000000000000e+00 0.000000000000000000e+00 0.000000000000000000e+00 0.000000000000000000e+00 0.000000000000000000e+00
5.654950009655489218e+00 1.504829871480058756e+00 3.177142446538345766e-01 1.733130539842805629e+00 5.752151976577648540e+00 -3.486970714089991930e+00 -1.922596348543657996e+01 -4.732398329489329925e+00 7.802236583264745207e+01 1.448864580805673263e+00 -6.735759465888361497e+00 6.373399976888810414e+01 4.740142708068392352e+01 -7.793150185953358289e+00 6.393534347245394933e+00 -4.087623336640285743e+01 -2.028106521883031377e+01 -1.667782597042583248e+00 5.221613512159590798e+00 -1.230445751069457572e+01 3.384367557783851055e+01 5.521885119433477485e+00 -1.078452957537860257e+01 4.233803120017931576e-02 -4.780149291661658140e+01 -3.891515190198795437e+00 -1.154198555773923829e+00 7.151882817900435896e+00 -1.250748313341613027e+01 8.765133768319827823e+00 2.962271020951072487e+01 2.155493141811160385e+01 6.927683669839575487e+02 8.653673818605604140e+00 5.703704679315656989e+01 -3.458749222128460588e+01 4.848377695661167941e+00 1.397764364009385218e+01 3.644177802553511647e+00 -9.650871241509204168e+00 8.021664773213036170e+00 7.474575583853140870e+01 9.483977218114940655e-01 -6.680182436923965739e+00 1.116687277304826509e+01 1.236883882055878203e+01 3.435185544246920131e+00 1.876256125969068123e+01 -5.076145935270942999e+01 2.246400067592135841e+01 6.777128747013940746e+00 -4.161790213511171288e+00 6.958685348437212426e+00 9.900724034256576545e+00 -3.082643204114648761e+00 -1.916780846110162528e+00 3.742156709891348498e+01 4.567889975464397878e+01 5.280080459518654123e+00 -4.230576703782759296e+01 1.403563741549345600e+01 2.592118165791185813e+00 0.000000000000000000e+00 0.000000000000000000e+00 0.000000000000000000e+00 0.000000000000000000e+00 0.000000000000000000e+00 0.000000000000000000e+00 0.000000000000000000e+00 0.000000000000000000e+00 0.000000000000000000e+00 0.000000000000000000e+00 0.000000000000000000e+00 0.000000000000000000e+00 0.000000000000000000e+00 0.000000000000000000e+00 0.000000000000000000e+00 0.000000000000000000e+00 0.000000000000000000e+00 0.000000000000000000e+00 0.000000000000000000e+00 0.000000000000000000e+00 0.000000000000000000e+00 0.000000000000000000e+00 0.000000000000000000e+00 0.000000000000000000e+00 0.000000000000000000e+00 0.000000000000000000e+00 0.000000000000000000e+00 0.000000000000000000e+00 0.000000000000000000e+00 0.000000000000000000e+00 0.000000000000000000e+00 0.000000000000000000e+00 0.000000000000000000e+00 0.000000000000000000e+00 0.000000000000000000e+00 0.000000000000000000e+00 0.000000000000000000e+00 0.000000000000000000e+00
1.792695416413846665e+00 2.436703231200476161e+00 5.393226053502075956e-01 1.003789841215245993e+01 -1.025981510229185467e+01 5.548486057819002504e+00 1.021236936930023020e+01 1.330985690508851782e+01 -2.091997229670548393e+02 -1.078126294190819046e+01 -5.989616493245973672e+00 5.856242385754877944e+01 3.894142601751000399e+01 -2.642180491580194968e-01 2.960735093321412847e+01 -8.798811420543883344e+01 -1.329182746202528520e+00 1.146625783388854458e+00 -3.219323150408124334e-01 -6.875995048448520386e+00 3.636751898787563775e+00 -5.371000038071091609e+00 -1.633806198165488865e+01 -1.415048631532109802e+00 -4.056628572651877818e+01 -2.344770559853438385e+01 -8.759616321350362611e+00 9.950551492977815826e+00 -1.660149008741996113e+00 -4.043716333161790466e+00 -2.479830307721367788e+01 -2.034911248543629370e+01 -6.621291221424643254e+02 2.439721840091185534e+00 1.932636287569232891e+00 7.246441953942590430e+01 5.090486298785062047e+01 2.510033817532753346e+02 3.010478832595603080e+02 -7.852338754920806707e+01 -4.904453152233398505e+00 5.292015343462328048e+01 5.974025409999406122e-02 -7.714926582854708670e+00 1.919489320583890546e+01 1.947701169311923053e+01 3.872048929408338225e+00 -5.733780109949264236e+00 2.151713486445639845e+01 -7.807074823066042057e+00 1.782638793301921964e+01 1.862316434298019630e+01 3.087520608272044242e+01 1.948837534367264368e+01 -6.839301456745703334e+00 -2.560075799986023526e+00 -2.390931843759852171e+01 -1.876351761916090410e+01 -1.749865059353057806e+00 -1.635644111378913301e+00 -8.163742861243118654e+00 1.991977695319024377e+01 -1.658458324401226491e+02 0.000000000000000000e+00 0.000000000000000000e+00 0.000000000000000000e+00 0.000000000000000000e+00 0.000000000000000000e+00 0.000000000000000000e+00 0.000000000000000000e+00 0.000000000000000000e+00 0.000000000000000000e+00 0.000000000000000000e+00 0.000000000000000000e+00 0.000000000000000000e+00 0.000000000000000000e+00 0.000000000000000000e+00 0.000000000000000000e+00 0.000000000000000000e+00 0.000000000000000000e+00 0.000000000000000000e+00 0.000000000000000000e+00 0.000000000000000000e+00 0.000000000000000000e+00 0.000000000000000000e+00 0.000000000000000000e+00 0.000000000000000000e+00 0.000000000000000000e+00 0.000000000000000000e+00 0.000000000000000000e+00 0.000000000000000000e+00 0.000000000000000000e+00 0.000000000000000000e+00 0.000000000000000000e+00 0.000000000000000000e+00 0.000000000000000000e+00 0.000000000000000000e+00 0.000000000000000000e+00 0.000000000000000000e+00 0.000000000000000000e+00
6.625355781876333339e+00 -1.228989214184169398e+00 7.468504062474332628e-01 2.011880269701260104e+00 8.666375236975621732e+00 -5.710405869879989105e+00 -2.929841695677968971e+01 -6.914662280658429694e+00 1.112868010972597688e+02 9.080607858152626832e+00 3.202451088344613339e-01 -1.405620921612561247e+01 -1.203881046531456889e+01 -1.299604161899959465e+01 -2.816483831552377026e+00 -7.609849599633008665e+00 -3.107292929275429216e-02 5.306845431727528428e+00 7.025673294018004889e+00 -2.064948420190306422e+01 2.930740597904587474e+01 -1.104576514187221292e+01 -6.250358874145446997e+00 2.669998326604101635e+00 -4.334140920723286428e+01 1.876590142522425708e+01 -8.767073373220517496e+00 -1.516517574333271057e+00 -1.540882241827313948e+01 8.775291517562241239e+00 -1.125825317042267848e+00 -4.461700169929398996e+00 -1.622601067932891681e+02 3.198691559524187156e-01 2.307660880394941216e+00 4.988167126609891966e+01 3.301279443561037397e+01 1.598180953519454306e+02 1.823184629585406924e+02 -5.648441930845707759e+01 1.014602255436413181e+01 1.506578451273533119e+02 9.542113243222923202e+00 -2.681394722401405417e+01 1.883777810760997795e+01 4.291757060025398118e+01 1.020108143695437164e+01 -1.950875374458778122e+00 -1.329348707574438571e+00 2.759752582547543298e+00 1.424655418738025148e+00 -1.038068953903619196e+01 -4.196410332956939726e+01 -2.614961318712690996e+00 -4.088138631893769137e+00 -8.676180455919158874e+00 -1.150038499993215702e+01 -1.213847502781117349e+01 5.875533457343267152e-01 4.071555947500091577e+01 2.464246863715217728e+01 3.853539847016583586e+00 -3.671588982572577464e+01 2.844619042445668100e+01 0.000000000000000000e+00 0.000000000000000000e+00 0.000000000000000000e+00 0.000000000000000000e+00 0.000000000000000000e+00 0.000000000000000000e+00 0.000000000000000000e+00 0.000000000000000000e+00 0.000000000000000000e+00 0.000000000000000000e+00 0.000000000000000000e+00 0.000000000000000000e+00 0.000000000000000000e+00 0.000000000000000000e+00 0.000000000000000000e+00 0.000000000000000000e+00 0.000000000000000000e+00 0.000000000000000000e+00 0.000000000000000000e+00 0.000000000000000000e+00 0.000000000000000000e+00 0.000000000000000000e+00 0.000000000000000000e+00 0.000000000000000000e+00 0.000000000000000000e+00 0.000000000000000000e+00 0.000000000000000000e+00 0.000000000000000000e+00 0.000000000000000000e+00 0.000000000000000000e+00 0.000000000000000000e+00 0.000000000000000000e+00 0.000000000000000000e+00 0.000000000000000000e+00 0.000000000000000000e+00 0.000000000000000000e+00
8.147404313005750964e+00 -5.834511830263213739e+00 -1.421871151860626625e+00 -1.499573497351210705e+00 -1.198530812166895565e+01 5.031976745548546681e+00 3.258346243324807290e+01 -8.989831824734727306e+00 1.643961715455376407e+02 -2.846067050153150291e+01 -1.749611953223543903e+00 3.805496739835503206e+01 3.279450158318329311e+00 -2.309431623308048387e+01 1.174146405088953493e+01 -5.922348856254789951e+01 -2.256336822128865549e+01 -1.390640333282506624e+01 -1.820768216567134701e+01 2.524084107527367138e+01 -7.589737489882605814e+01 -1.352204501401153536e+01 2.526111480763919204e+01 -1.951811085379188349e+00 1.392924786947326368e+02 6.340237495666231737e+00 1.447908157819109043e+01 -1.315482058382882791e+00 3.765386244739286781e+01 -1.145523466402323365e+01 -3.040926472121702417e+01 -2.754091716242401588e+01 -8.635155772525212114e+02 -1.474722766616164371e+01 -9.719985593095366028e+01 5.620915702143698667e+01 -6.413946985079880037e+00 -3.111625842165716449e+01 -4.080205809672009565e+01 1.114469844248461428e+01 -9.037892857112066025e+00 -8.215717638854464155e+01 -5.286910274535936871e+00 1.953075041698980030e+01 -2.000595335776132089e+01 -4.547106644905029782e+01 7.702445583840201948e+00 3.018691044269109724e+00 -4.683465749782737220e+00 1.726483609135467390e+00 -8.917138353502187087e+00 1.317378439634702936e+01 4.841525448720616254e+01 1.773160724559043544e+01 -1.000659863064779209e+01 -9.617361868079075116e-01 1.008498725681106478e+01 2.338970302552300140e+01 2.295541550219117966e+01 8.887883588231899168e+00 -6.802147823769081114e+00 2.335358379845947852e+00 1.770186644287613831e+01 -1.922305659372231190e+01 1.732679727900446665e+00 0.000000000000000000e+00 0.000000000000000000e+00 0.000000000000000000e+00 0.000000000000000000e+00 0.000000000000000000e+00 0.000000000000000000e+00 0.000000000000000000e+00 0.000000000000000000e+00 0.000000000000000000e+00 0.000000000000000000e+00 0.000000000000000000e+00 0.000000000000000000e+00 0.000000000000000000e+00 0.000000000000000000e+00 0.000000000000000000e+00 0.000000000000000000e+00 0.000000000000000000e+00 0.000000000000000000e+00 0.000000000000000000e+00 0.000000000000000000e+00 0.000000000000000000e+00 0.000000000000000000e+00 0.000000000000000000e+00 0.000000000000000000e+00 0.000000000000000000e+00 0.000000000000000000e+00 0.000000000000000000e+00 0.000000000000000000e+00 0.000000000000000000e+00 0.000000000000000000e+00 0.000000000000000000e+00 0.000000000000000000e+00 0.000000000000000000e+00 0.000000000000000000e+00 0.000000000000000000e+00
4.289279877072269542e+00 2.122773224468614828e-01 -3.520185447613593421e+00 -1.362094701068554059e+01 7.527817152020924496e+00 7.169349305640277947e-01 -8.108415379652548438e+00 2.772332520878624251e-01 1.174646959365527543e+01 2.432329106182077538e+00 -1.801898883438202148e+00 1.959444517379483131e+01 1.303977732836261438e+01 -5.215042334169883276e+00 1.081298734577255161e+01 -4.501972159924964956e+01 4.365403685815438806e+00 4.083736680314604683e+00 -1.947829098162671801e+00 6.093736117460845314e+00 -8.589655914240754697e-01 4.765339626694822250e+00 1.000215301744293228e+01 -1.690115372709929176e+00 4.960322176336008937e+01 -1.797587143823618305e+01 7.145644583043271325e+00 4.238771265747234729e+00 1.526291853930172238e+01 -1.248763141850052172e+01 -2.536760447463117529e+01 -1.863814602924456665e+01 -5.808781543212268161e+02 -1.710499545214670292e+01 -1.116028504625883784e+02 5.022497581244996212e+01 -1.332726819926993045e+00 -2.891685938064003381e+01 -7.461985653766902260e+01 -1.527946238320165939e+01 -1.035906626855784118e+01 -6.206344024923068048e+01 -5.523822873969426617e+00 2.804738104614218841e+01 -3.145962127021427079e+01 -8.375203582167723937e+01 -3.757192390439405116e+00 -1.491786108347912432e+01 4.924586999581218549e+01 -4.643023876410258310e+01 -9.667742566861872433e+01 -3.053560052050674045e+01 -1.240950886204026631e+02 -5.170726015059218383e+01 2.963431804744346820e+01 -9.478810063223816584e+00 -3.297833531465319368e+01 -2.722476905881508813e+01 -2.309410381225763587e+00 3.338452691017180740e+01 1.060421613982409816e+01 5.932367167656146911e+00 -5.135850445130449771e+01 1.394291315206550586e+01 -8.116636023945286382e+00 1.549844975618349281e+02 0.000000000000000000e+00 0.000000000000000000e+00 0.000000000000000000e+00 0.000000000000000000e+00 0.000000000000000000e+00 0.000000000000000000e+00 0.000000000000000000e+00 0.000000000000000000e+00 0.000000000000000000e+00 0.000000000000000000e+00 0.000000000000000000e+00 0.000000000000000000e+00 0.000000000000000000e+00 0.000000000000000000e+00 0.000000000000000000e+00 0.000000000000000000e+00 0.000000000000000000e+00 0.000000000000000000e+00 0.000000000000000000e+00 0.000000000000000000e+00 0.000000000000000000e+00 0.000000000000000000e+00 0.000000000000000000e+00 0.000000000000000000e+00 0.000000000000000000e+00 0.000000000000000000e+00 0.000000000000000000e+00 0.000000000000000000e+00 0.000000000000000000e+00 0.000000000000000000e+00 0.000000000000000000e+00 0.000000000000000000e+00 0.000000000000000000e+00 0.000000000000000000e+00
6.350594417928157043e+00 -4.671574491447572086e-02 -1.457828079234973373e+00 -7.513145509426877311e-01 -9.610708892251205171e+00 2.526009241859054733e+00 1.716246515783125659e+01 -6.965203678814466670e+00 1.269845149700309008e+02 -1.945634653047063267e+01 7.516744183283599057e-01 8.043045803936225369e+00 -1.385515211312744199e+01 -1.269096324384356400e+01 8.755302960311075466e+00 -4.638201670161966916e+01 -1.911920914497584079e+01 -5.205007043331807637e+00 1.773970600511987072e+00 -1.025908003319770145e+01 1.126255495684178953e+01 7.067291016896604106e+00 -1.001037456907159573e+01 -6.372336294372354715e+00 3.141257308721072405e+01 -6.613880154932552102e+01 4.918029913539072595e-01 7.268052474268785090e+00 4.138841634986665241e-01 1.018592438753801233e+00 6.935986486236794590e+00 4.720330664951966071e-02 7.453454453214298780e-01 1.081161676843314012e+01 5.626080395685283264e+01 -4.029694120365524412e+01 -1.151043563326151542e+01 -3.982533899189405702e+01 -2.802610032684289365e+01 2.746326923042791179e+01 1.121692559579198445e+01 5.488563128139178815e+01 6.742575258962681950e+00 -6.605362645271599220e+00 9.396670897911620912e+00 2.846358099688070098e+01 1.020525307006767335e+01 2.641335970378392872e+01 -7.797461284587029695e+01 3.812408442561494581e+01 2.856224025570132241e+01 -2.567972568216195128e+00 3.938237823609053834e+01 1.148232000677886688e+01 8.097214199815400804e+00 1.376778888668190248e+01 7.411600087601667042e+01 7.379878360559330019e+01 1.867043710237273668e+00 -8.688544632200135709e+01 8.171594228180790509e+00 5.326421047995175684e-01 9.014698453785699783e+00 -3.125015654141175148e+01 7.432668841196427678e+00 -1.642934970977725584e+02 5.464510018074530961e+01 0.000000000000000000e+00 0.000000000000000000e+00 0.000000000000000000e+00 0.000000000000000000e+00 0.000000000000000000e+00 0.000000000000000000e+00 0.000000000000000000e+00 0.000000000000000000e+00 0.000000000000000000e+00 0.000000000000000000e+00 0.000000000000000000e+00 0.000000000000000000e+00 0.000000000000000000e+00 0.000000000000000000e+00 0.000000000000000000e+00 0.000000000000000000e+00 0.000000000000000000e+00 0.000000000000000000e+00 0.000000000000000000e+00 0.000000000000000000e+00 0.000000000000000000e+00 0.000000000000000000e+00 0.000000000000000000e+00 0.000000000000000000e+00 0.000000000000000000e+00 0.000000000000000000e+00 0.000000000000000000e+00 0.000000000000000000e+00 0.000000000000000000e+00 0.000000000000000000e+00 0.000000000000000000e+00 0.000000000000000000e+00 0.000000000000000000e+00
2.527481844781980236e+00 -8.045642798341399171e-01 3.676490250592573172e+00 1.898642106893553105e+01 -1.345130111576812126e+01 3.594968421177615170e+00 2.025774876410140379e+01 2.589676164607315201e-01 -1.344376220043437709e+00 -7.139628960202950125e+00 -7.680056305219343571e+00 7.719726718963372036e+01 5.420819776707850934e+01 -1.619878414642271380e+01 7.355653793320230172e+00 -3.364473019765451767e+01 -1.479376108606149032e+01 -1.570409509560520966e+01 -9.739563650463736622e+00 1.941755110615037694e+01 -4.104435955354569643e+01 2.777830377868086842e-01 9.499713809735176540e+00 3.660125944709250234e+00 -1.106360484173319669e+01 4.108157767410757089e+01 1.005839322324922236e+01 -1.194372541116452968e+00 2.003760921307760867e+01 5.649495706873953083e+00 6.825241778207541188e+00 -2.122439861631041680e+01 -6.763102983333442353e+02 -1.508889634353835163e+00 -1.893354569658172792e+01 -1.539103878944088066e+01 -4.494527544190258794e+00 -1.591334544986609245e+01 -7.341301455250243357e+00 1.173166206371711873e+01 -2.251592710284747412e+01 -1.922413948967388535e+02 -1.395773377734999876e+01 2.602269338689447054e+01 -2.069809947798722050e+01 -6.599685731779538855e+01 1.041293320847245241e-01 2.626468823248372164e+00 1.313909934501774401e+01 -3.064855743879246219e+01 -9.177262764126602690e+01 -1.983325240314812632e+01 -8.180639119760957101e+01 -1.805342688134595619e+01 2.434789060452806098e+01 2.141799247282827778e+00 -1.211114588547355453e+01 -4.297838127099091743e+00 2.249383351021046806e+00 -8.183449803458689331e+00 -9.432157300698174041e+00 6.381714056149512260e-02 6.918011901415735743e+00 -2.731993260437255344e+01 1.834133833653116596e+01 -3.578506271136381542e+02 2.912038175504094539e+01 9.313309540797057196e+00 0.000000000000000000e+00 0.000000000000000000e+00 0.000000000000000000e+00 0.000000000000000000e+00 0.000000000000000000e+00 0.000000000000000000e+00 0.000000000000000000e+00 0.000000000000000000e+00 0.000000000000000000e+00 0.000000000000000000e+00 0.000000000000000000e+00 0.000000000000000000e+00 0.000000000000000000e+00 0.000000000000000000e+00 0.000000000000000000e+00 0.000000000000000000e+00 0.000000000000000000e+00 0.000000000000000000e+00 0.000000000000000000e+00 0.000000000000000000e+00 0.000000000000000000e+00 0.000000000000000000e+00 0.000000000000000000e+00 0.000000000000000000e+00 0.000000000000000000e+00 0.000000000000000000e+00 0.000000000000000000e+00 0.000000000000000000e+00 0.000000000000000000e+00 0.000000000000000000e+00 0.000000000000000000e+00 0.000000000000000000e+00
6.909490550878822468e+00 -4.343748543162242903e+00 -2.043494648357842003e+00 -4.579426437616938017e+00 -4.086657339691201152e+00 4.521002039609173906e+00 1.100972148158507480e+01 5.414482066138262439e+00 -8.283029084980263690e+01 -1.772262924162032505e+01 -1.488083002183942405e+00 2.942185936087368248e+01 6.404713673019799103e+00 -7.065678724281889700e+00 7.566787215218051088e+00 -3.696073534344655798e+01 -2.399657955940967469e+01 -1.007800908518501615e+01 -8.054934908150450212e+00 1.640112575270549655e+01 -1.701466416478210419e+01 9.113384261693937560e+00 1.002590481946350209e+01 4.093296991687125796e+00 -2.288374051014569943e+01 6.182455413664220600e+01 9.591613112846918199e+00 9.484469420318120569e+00 1.153012753665746537e+01 4.958713627932759493e+00 2.506862244654236349e+01 -7.656787270299723502e+00 -2.245688613015775275e+02 -1.604061989353749773e+00 -1.015613663633691388e+01 -6.759662639240264781e-01 1.312079678147310524e+01 5.654235048373975303e+01 6.109316752914871529e+01 -2.005062544102412048e+01 -9.197494818183706400e+00 -4.405583377878017615e+01 -7.396177656996216321e+00 1.841846277330995463e+01 -1.699981835114976292e+01 -4.795543753972643231e+01 4.835089335719983339e+00 5.854708911855498243e+00 -1.278592497298302533e+01 -1.552473178296311929e+00 -2.387444287786139796e+01 -3.540533454023909066e+00 -4.218596178274813369e+00 -3.332361998131924352e+00 -2.217146160718010961e-01 3.097102361707165130e+00 1.841224844784416348e+01 1.301462519921666861e+01 1.068452026851045034e+01 1.651292191542511034e+01 -2.225044021315663478e+00 -7.323920578254947245e+00 6.996054144524671869e+01 7.183130486107440760e+00 -4.228517570346501664e+00 1.010944218917201454e+02 -8.264430150472206194e+00 6.773142689029255870e+00 6.868966552159292860e+00 0.000000000000000000e+00 0.000000000000000000e+00 0.000000000000000000e+00 0.000000000000000000e+00 0.000000000000000000e+00 0.000000000000000000e+00 0.000000000000000000e+00 0.000000000000000000e+00 0.000000000000000000e+00 0.000000000000000000e+00 0.000000000000000000e+00 0.000000000000000000e+00 0.000000000000000000e+00 0.000000000000000000e+00 0.000000000000000000e+00 0.000000000000000000e+00 0.000000000000000000e+00 0.000000000000000000e+00 0.000000000000000000e+00 0.000000000000000000e+00 0.000000000000000000e+00 0.000000000000000000e+00 0.000000000000000000e+00 0.000000000000000000e+00 0.000000000000000000e+00 0.000000000000000000e+00 0.000000000000000000e+00 0.000000000000000000e+00 0.000000000000000000e+00 0.000000000000000000e+00 0.000000000000000000e+00
9.527481660737146640e+00 -1.237146619244564327e+01 -4.391103187367648708e+00 -1.554152970024533076e+01 -1.410053227523357933e+00 3.554155284942787318e+00 1.755243735857741783e+01 1.380975365972135549e+00 -1.769730735670852440e+01 -1.030764015211772566e+01 3.417279092220178782e+00 -3.089740019699475937e+01 -3.448037813053906575e+01 -9.143576151203316016e+00 -1.974801907112864185e+00 -4.525727162622567690e+00 3.135316029866695331e+00 6.351965969106275089e+00 2.939261164009005611e+00 -1.193733885497246483e+01 6.962441260066048798e+00 -1.546170509791316228e+01 -8.101767948287674770e-01 9.077354336230403220e+00 -9.762594038071893010e+01 8.250913055927814810e+01 -2.962147236172173237e+00 -1.579133765853010729e+01 1.457712036520343801e+01 -7.521589404486553221e+00 -4.320706586106354052e+01 -2.435337102957247879e+01 -7.853684076503730012e+02 -2.469876701900007276e+01 -1.636010576706150061e+02 1.346793447070894274e+02 1.526346785245003446e+00 -4.085809271919173646e+00 -3.103845865135590287e+01 -2.766426295001678426e+01 4.651315800796371747e+00 6.277975209236517173e+01 -3.086454233036956651e+00 -9.834092543832110067e+00 1.692100310663559881e+01 2.775267591590235483e+01 -8.272614603305932235e-01 7.873148980790285023e+00 -1.585374882444173394e+01 2.426815214171652002e+01 6.268839659959999722e+01 4.197684956099724474e+01 1.477413402996725438e+02 5.065346730918446383e+01 -2.852320799314022537e+01 -2.646920254369220515e+00 8.304979255779130654e+00 2.190607650844310683e+01 1.071207803668325553e+01 -1.654911285180763869e+01 9.663524711682057955e+00 -9.102618714470239070e+00 9.541782345754360506e+01 -2.021810692526188724e+00 8.787081052768360934e+00 -1.357658209939416736e+02 -1.030173724609178620e+01 -5.260852354899803629e+00 -3.114418191968433902e+01 -2.838578136654202666e+01 0.000000000000000000e+00 0.000000000000000000e+00 0.000000000000000000e+00 0.000000000000000000e+00 0.000000000000000000e+00 0.000000000000000000e+00 0.000000000000000000e+00 0.000000000000000000e+00 0.000000000000000000e+00 0.000000000000000000e+00 0.000000000000000000e+00 0.000000000000000000e+00 0.000000000000000000e+00 0.000000000000000000e+00 0.000000000000000000e+00 0.000000000000000000e+00 0.000000000000000000e+00 0.000000000000000000e+00 0.000000000000000000e+00 0.000000000000000000e+00 0.000000000000000000e+00 0.000000000000000000e+00 0.000000000000000000e+00 0.000000000000000000e+00 0.000000000000000000e+00 0.000000000000000000e+00 0.000000000000000000e+00 0.000000000000000000e+00 0.000000000000000000e+00 0.000000000000000000e+00
9.085271065726090001e+00 -8.482100217319469948e+00 -2.901323836897826247e+00 -9.334117551145206804e+00 -2.285555961604883279e+00 7.285782710039452326e-01 2.744369286833638011e+00 -3.642766413486757671e+00 6.780276619489191603e+01 -7.109541602209143107e+00 3.257881934166540816e+00 -3.167908394173507602e+01 -4.203851721622211812e+01 -2.259251217927958777e+01 7.706835518386855988e+00 -3.608675626934572733e+01 -6.797207763356283294e-01 3.252323216397538630e+00 1.872111183635452925e+00 -7.109740541053499285e+00 1.724236606160041774e+01 -4.711651545368119365e+00 -2.823742645440411536e+00 -2.284643084431457360e+00 8.045574709672852265e+00 -4.009344555747238559e+01 -6.888713474291506600e+00 2.360340026034998040e+00 1.909141465415906680e+01 -2.475946704751677885e+01 -8.644243927042565190e+01 -8.207064677883809622e+01 -2.627064237141052217e+03 -4.565965122416248789e+01 -3.209904106183088857e+02 2.828422868990919596e+02 3.514546037677707346e+01 1.503001018911431572e+02 9.883389980908449957e+01 -8.840718702072145163e+01 2.126458358869318488e+01 2.834555155543163210e+02 3.019392848889044956e+01 -2.910090129321561747e+01 2.721453555485303610e+01 5.849960559414220285e+01 3.718591515025054584e+00 -9.397714622865208867e+00 4.409330393119125802e+01 -2.069281971576645773e+01 -1.750719676558627569e+01 3.494178454991158844e+01 7.917060776333104855e+01 3.096906313171686520e+01 -2.138822774038872154e+01 -1.167347357800364627e+01 -2.896084653010692733e+01 -2.339076261903056420e+01 1.537506216227859035e+01 7.436454892736368549e+01 -6.887959515509569641e-01 3.461555125271301492e+00 -1.555807050210739284e+01 9.347157120133838148e+00 -7.601285875034598405e+00 1.963412665653422096e+02 -4.015917400627101586e+01 -1.781457396853644326e+01 -5.276804845547626144e+01 -3.222599251581359425e+01 2.484753344525176999e+01 0.000000000000000000e+00 0.000000000000000000e+00 0.000000000000000000e+00 0.000000000000000000e+00 0.000000000000000000e+00 0.000000000000000000e+00 0.000000000000000000e+00 0.000000000000000000e+00 0.000000000000000000e+00 0.000000000000000000e+00 0.000000000000000000e+00 0.000000000000000000e+00 0.000000000000000000e+00 0.000000000000000000e+00 0.000000000000000000e+00 0.000000000000000000e+00 0.000000000000000000e+00 0.000000000000000000e+00 0.000000000000000000e+00 0.000000000000000000e+00 0.000000000000000000e+00 0.000000000000000000e+00 0.000000000000000000e+00 0.000000000000000000e+00 0.000000000000000000e+00 0.000000000000000000e+00 0.000000000000000000e+00 0.000000000000000000e+00 0.000000000000000000e+00
7.378211489282578306e+00 -5.412170580966725986e+00 -2.791609194476823319e+00 -6.722151432488809419e+00 -7.926676117385589748e+00 3.672487636740771499e+00 1.836055174092124176e+01 2.651337273870678857e+00 -4.520109666805870319e+01 -9.908906444154389703e+00 -9.535317127663187620e+00 9.466701495847974002e+01 7.591546507304238389e+01 -7.772972327555720540e-01 2.260536817304742652e+00 -1.338270615716888656e+01 -2.201027191278701878e+01 -9.031533129163605622e+00 -7.294154801954192635e+00 1.041590627197729901e+01 -4.258747969679747314e+01 4.376435316754978544e-02 7.566120104650202904e+00 1.949512059752434467e+00 1.238070498271067166e+01 3.432544288340186256e+01 8.682601176719876079e+00 -3.997564846977908815e+00 3.478189781256045610e+00 1.041185925002749713e+01 4.016613876866969690e+01 2.782276116312224090e+01 8.913586548888158632e+02 2.312092276873801211e+01 1.541468020633683977e+02 -1.551154670725859717e+02 -2.667838659269706980e+01 -1.223422304270593912e+02 -1.125617413769651876e+02 7.004892074889468745e+01 -8.979769914269803976e+00 -1.510432523422410327e+02 -2.305053526599119706e+01 2.082861356990612123e+01 -2.888994470887006472e+01 -5.763964476529888969e+01 2.712605402702529922e+00 1.798116432260860975e+01 -6.113760853576022214e+01 4.065818039046763488e+01 3.877257804163761534e+01 1.184105057727431465e+00 3.787270867375899996e+01 3.453310105559427967e+01 -2.472372705796502501e+01 -1.168672363931555047e+00 1.172677870015442636e+01 1.075645867748151829e+01 5.218074273200592472e+00 1.579256187585214732e+01 2.038894090063718423e+01 -1.517872691027796606e+01 1.149806041095271496e+02 4.878743069891015693e+00 2.759710759847040151e+01 -5.368189073066256469e+02 1.715015977579905027e+01 7.593405986536598817e+00 -7.424621522030243170e+00 1.251399380350579271e+01 2.675807027788297177e+01 -9.979532682641817587e+00 0.000000000000000000e+00 0.000000000000000000e+00 0.000000000000000000e+00 0.000000000000000000e+00 0.000000000000000000e+00 0.000000000000000000e+00 0.000000000000000000e+00 0.000000000000000000e+00 0.000000000000000000e+00 0.000000000000000000e+00 0.000000000000000000e+00 0.000000000000000000e+00 0.000000000000000000e+00 0.000000000000000000e+00 0.000000000000000000e+00 0.000000000000000000e+00 0.000000000000000000e+00 0.000000000000000000e+00 0.000000000000000000e+00 0.000000000000000000e+00 0.000000000000000000e+00 0.000000000000000000e+00 0.000000000000000000e+00 0.000000000000000000e+00 0.000000000000000000e+00 0.000000000000000000e+00 0.000000000000000000e+00 0.000000000000000000e+00
8.553695284634613927e+00 -6.106313876352910341e+00 -6.329476729832444803e+00 -1.988404474243240116e+01 -4.909983113528562093e+00 2.718529437304779250e+00 8.414392180318635894e+00 3.783770868395722076e+00 -5.996193310329484660e+01 -1.093658913183831416e+01 3.183725977574342281e+00 -2.780218029933377366e+01 -2.999882006230941300e+01 -3.909487612815335744e+00 1.608054682517865430e-01 -1.379330622308245324e+00 -6.248511782354347233e+00 -5.535515550741420654e+00 2.725597489178710475e-01 -4.717820424616453678e+00 1.664831177324376910e+00 -4.980513951526935656e+00 -3.250027643021356383e+00 4.566354978773219386e+00 -6.654709546506330753e+01 4.084949354029308921e+01 -4.236541340610757267e+00 -3.291855203260331209e+00 2.104370339938345325e+00 -5.021821353194939164e+00 -1.361396176498099209e+01 -1.723896811870782386e+01 -5.497901885840069554e+02 -6.881564120707937882e+00 -5.385309035489316898e+01 4.958559584619071359e+01 1.046976176330690933e+01 3.869720427595431289e+01 2.155855280133268437e+01 -2.263704507313902070e+01 7.773125239209567994e+00 9.891303450863465230e+01 6.475445582153551705e+00 2.571250616091576902e+00 4.611447460697082334e-01 -6.422282302397269049e+00 4.707077580282792439e-01 3.306112640644827572e+00 6.045512274037401212e-01 -5.097669511898647698e+00 -1.305632469198060619e+01 1.687640894769332434e+01 4.607066542296301037e+01 9.465002010531373244e+00 -7.790568962890624505e+00 4.610866590021052147e-01 1.793238751411512766e+01 2.148168916062713407e+01 4.197789449419945029e+00 -2.039134019983283963e+01 1.794461977730976265e+00 5.586292346834019540e+00 -4.057274698807039925e+01 -3.270315605446687535e+00 2.827788293157086130e+00 -4.615816516486432874e+01 4.363870748660810150e+00 6.686487143384267640e+00 1.306669698030756344e+01 7.658201352176279286e+00 -6.606255368052890375e+00 1.152585975566227816e+01 -4.856334739171481729e+00 0.000000000000000000e+00 0.000000000000000000e+00 0.000000000000000000e+00 0.000000000000000000e+00 0.000000000000000000e+00 0.000000000000000000e+00 0.000000000000000000e+00 0.000000000000000000e+00 0.000000000000000000e+00 0.000000000000000000e+00 0.000000000000000000e+00 0.000000000000000000e+00 0.000000000000000000e+00 0.000000000000000000e+00 0.000000000000000000e+00 0.000000000000000000e+00 0.000000000000000000e+00 0.000000000000000000e+00 0.000000000000000000e+00 0.000000000000000000e+00 0.000000000000000000e+00 0.000000000000000000e+00 0.000000000000000000e+00 0.000000000000000000e+00 0.000000000000000000e+00 0.000000000000000000e+00 0.000000000000000000e+00
4.988607083574850165e+00 -3.601790624690141662e+00 1.744275061489494405e+00 1.139020329523874686e+01 -1.413746408646240837e+01 3.807295811503154326e+00 2.173438050896039897e+01 2.208914764891595883e+00 -3.211377396094086834e+01 -2.070807590944696130e+00 -7.520739813896826220e+00 6.725269102121734477e+01 5.062326192401017977e+01 -1.438702728862775615e+01 1.545450067458893173e+01 -5.368410900841298172e+01 7.365226633109129395e+00 -1.197816988731321253e+00 -1.693433029376189225e+00 -1.845900033298494503e+00 -1.408039498281737778e+01 -6.804848818905931296e+00 -7.614587126132084549e+00 -2.722053524086091691e+00 -9.218743230002481859e-01 -5.041152796255492774e+01 -5.914896370510392742e+00 4.051579739415624104e+00 1.733270654185673365e+01 -1.025366241951020285e+01 -5.724206069781415351e+01 -7.178842667489185203e+01 -2.315076953472712376e+03 -1.471684833013361349e+01 -1.296957948047193838e+02 1.506291029288760512e+02 3.392295319401673481e+01 1.807823073602022248e+02 2.195582261531674817e+02 -6.088363543863716387e+01 -1.423374763558299350e+01 -3.791849364133452838e+01 -1.786849698349742255e+01 1.643511274118579024e+01 -2.262280790966418209e+01 -6.029584808095243176e+01 -8.712983210382119204e-01 -3.774386379926033541e+00 1.046561363208054907e+01 3.541841587379831680e+00 1.899474508516892257e+01 1.006052083502420302e+01 3.007215249124185874e+01 2.169474353857594195e+01 -1.555547607505137897e+01 -2.415455488244341353e+01 -5.274560261264080907e+01 -1.978951916771697483e+01 -1.706507269402663951e+01 -4.901334242515932260e+01 1.857895217686456846e+01 -8.924564017377631941e-01 1.163222964690242911e+01 2.095223730304009990e+01 2.861883843261331606e+00 -4.210168771416256561e+01 1.297076001713580951e+00 -1.482405531155955281e+01 -5.681206788235219562e+01 -7.032021298097730266e+01 -1.964659820671458590e+01 8.327807884967164398e-02 9.154658136412585634e+00 -1.084351391865320835e+01 0.000000000000000000e+00 0.000000000000000000e+00 0.000000000000000000e+00 0.000000000000000000e+00 0.000000000000000000e+00 0.000000000000000000e+00 0.000000000000000000e+00 0.000000000000000000e+00 0.000000000000000000e+00 0.000000000000000000e+00 0.000000000000000000e+00 0.000000000000000000e+00 0.000000000000000000e+00 0.000000000000000000e+00 0.000000000000000000e+00 0.000000000000000000e+00 0.000000000000000000e+00 0.000000000000000000e+00 0.000000000000000000e+00 0.000000000000000000e+00 0.000000000000000000e+00 0.000000000000000000e+00 0.000000000000000000e+00 0.000000000000000000e+00 0.000000000000000000e+00 0.000000000000000000e+00
2.050725098078103770e+00 1.395921506868983197e+00 7.046251022194898184e+00 3.116253151497178919e+01 -5.855355897253243569e+00 3.771217550193664003e+00 4.287491524907238727e+00 1.121690259349006524e+01 -1.808021796846018105e+02 -7.731361552974066242e+00 1.212201638310261842e-03 -5.918069133216775413e+00 -1.226919504083810963e+01 -2.069372403664747395e+00 1.029580918244842991e+01 -3.359431702517954221e+01 1.582753090312461808e+00 8.580651083357036413e+00 2.355940454308504073e+00 -8.965535681567185833e+00 2.376149170854650805e+01 -1.223552777263643421e+00 -5.970123323272682470e-01 -8.275586947336947219e+00 9.885551107564445772e+01 -7.371875515111145205e+01 5.421552570507207847e+00 1.010567982055565395e+01 4.336644298640739414e+00 -4.045818842818738936e+00 -1.006486829914768677e+00 -2.691120019731343405e+00 -7.511874309034097053e+01 1.452762173178731686e+00 1.151043633183371817e+01 -3.727420104684061819e+00 1.049728652743679724e+01 5.447374201592959508e+01 7.156763053362945470e+01 -3.767195755518674360e+00 -1.606887435889730931e+00 1.377732449805605164e+00 -1.180628136243964121e-01 -1.464663969301369661e+01 -3.295815499913448576e+00 2.151766747110266209e+01 2.634317860032080461e+00 -1.572481199821878839e+01 3.321153555868903595e+01 1.081963101209298728e+00 5.072441183421327082e+01 1.880508072493748273e+01 4.742167642270626260e+01 2.144178450134260316e+01 -2.923873440945028079e+01 -1.649925978984934716e+01 -5.226505245511681608e+01 -4.189855284515765987e+01 -7.354288401464054381e+00 2.061556567837201470e+01 -1.322654526133740127e+01 -2.637395239810842007e+00 8.248911248940171248e+00 1.258220250933386630e+01 -3.493788692229671256e-01 2.585096614555284944e+01 -1.907295084760041703e+01 4.615970141849237152e-01 -1.912849153506843436e+01 -1.679715477702038839e+01 5.562912805313997566e+00 1.233391912356582409e+01 -1.210411823509567775e+00 -5.863288456322134579e+00 -9.958428668150894225e+00 0.000000000000000000e+00 0.000000000000000000e+00 0.000000000000000000e+00 0.000000000000000000e+00 0.000000000000000000e+00 0.000000000000000000e+00 0.000000000000000000e+00 0.000000000000000000e+00 0.000000000000000000e+00 0.000000000000000000e+00 0.000000000000000000e+00 0.000000000000000000e+00 0.000000000000000000e+00 0.000000000000000000e+00 0.000000000000000000e+00 0.000000000000000000e+00 0.000000000000000000e+00 0.000000000000000000e+00 0.000000000000000000e+00 0.000000000000000000e+00 0.000000000000000000e+00 0.000000000000000000e+00 0.000000000000000000e+00 0.000000000000000000e+00 0.000000000000000000e+00
7.674012338408050304e+00 -6.240176384452442271e+00 2.092948202302302718e-02 2.675433095192126132e+00 -7.339821275346617213e+00 1.257932613440153169e+00 1.234305574207434830e+01 -5.934927383697184311e+00 1.045625008424337778e+02 -4.385567902917205885e+00 -3.163016457391480962e+00 3.319869585701971459e+01 1.791288720097849207e+01 -2.054407306945369527e+01 2.864979622448222685e+00 -2.351202794935545626e+01 -1.116066935452823294e+01 -1.066553002322584831e+01 -8.713590372134127904e+00 1.206416922625434651e+01 -4.230113119700054369e+01 -9.880882452463634280e+00 1.088427362712451796e+01 2.143130593054633160e+00 2.080073122700306953e+01 1.650890034518914007e+01 -1.909476789656689988e+00 -2.743694651506181081e+00 1.948588526303953827e+01 -1.239548969817570878e+01 -5.016919793279956252e+01 -3.776239973803395600e+01 -1.215671490418775647e+03 -1.328866201377677569e+01 -9.516214526150160680e+01 7.831447731148632840e+01 1.132663986867739681e+01 5.401320342189786317e+01 5.412797256152201442e+01 -2.432347131022590503e+01 -1.278222278594310346e+01 -7.076112918536422569e+01 -8.025404635115805263e+00 2.420651296536783192e+01 -2.970521169701568098e+01 -7.002517488877607832e+01 -1.196705432507576106e+00 -1.057471064555302220e+01 4.656204384422071030e+01 -3.329615341721410715e+01 -5.836939178677016571e+01 6.948157082919232508e+00 1.379255970959549771e+00 -8.871893761924848576e+00 8.073085602244184145e+00 -7.225237363623586262e+00 -1.799250220447903459e+01 3.703422446152183412e+00 -1.916891382510567565e+00 -3.034108140125186281e+01 1.247709435674285494e+00 2.227671636782012854e+00 -1.025045609585727746e+01 -1.201537644228306334e+01 1.357319788681411055e+01 -2.505091244652463160e+02 3.301754145220537850e+01 -7.057250771558274849e+00 -3.738904390117397725e+01 -3.657767323731845721e+01 -6.953119290864320234e+00 7.385607071091917497e-01 5.340009258027400563e+00 -8.297172977490687273e+00 -8.823837851087855455e+00 8.613251125181131229e+00 0.000000000000000000e+00 0.000000000000000000e+00 0.000000000000000000e+00 0.000000000000000000e+00 0.000000000000000000e+00 0.000000000000000000e+00 0.000000000000000000e+00 0.000000000000000000e+00 0.000000000000000000e+00 0.000000000000000000e+00 0.000000000000000000e+00 0.000000000000000000e+00 0.000000000000000000e+00 0.000000000000000000e+00 0.000000000000000000e+00 0.000000000000000000e+00 0.000000000000000000e+00 0.000000000000000000e+00 0.000000000000000000e+00 0.000000000000000000e+00 0.000000000000000000e+00 0.000000000000000000e+00 0.000000000000000000e+00 0.000000000000000000e+00
7.709668719888171928e+00 -4.466358169312706572e+00 -1.255287718851694656e+00 -7.108992915121265632e+00 1.000401454055138828e+01 -3.193071972667423708e+00 -2.028329426637069233e+01 -4.965719601241585401e+00 8.373899754208892432e+01 3.369999294952648938e+00 1.371123850295274949e-01 -8.558061333775917490e+00 -1.047506915460735577e+01 -1.300073406012004362e+01 -5.398652983538751116e+00 -2.678999632399273523e+00 -4.683763729647530738e+00 4.560865263351701948e+00 9.799935248780268893e+00 -2.249120606314079396e+01 4.653483053843490325e+01 2.176063145487169059e+00 -8.902616987553937378e+00 2.725819462894559564e+00 -7.367232535670109428e+01 1.585793013262774309e+01 3.438510035421369793e+00 -2.460172795112681055e+00 -4.328876661081640265e+00 7.769114959469042958e+00 2.002788966779652924e+01 -5.267809564883053852e+00 -1.604632526155321557e+02 -7.685265079840679192e+00 -5.368988887687783063e+01 3.586407546812730374e+01 -6.009334665804761499e+00 -2.610354455281960639e+01 -4.997209668487656131e+01 1.186646497788886379e+01 1.799062111319209478e+01 1.363847203542255215e+02 8.912141562820520946e+00 -4.875008640102455360e+01 3.866903709198281547e+01 1.063543801618287432e+02 1.426608709530948893e+01 2.918791443418708909e+01 -1.061961137152157306e+02 7.959184260106798092e+01 1.154825482411242632e+02 5.713887391660397164e+00 5.092024937322858591e+01 8.247341111386145940e+01 -3.345201085714166567e+01 2.221208429345011837e+00 -2.445930717675445010e+00 -2.462240627639640422e+01 -5.493859149728306690e+00 4.839619235771388617e+01 -4.913008236480258972e+00 1.499938201099722868e+00 -3.328535923230759863e+01 2.206289986766969946e+01 4.123324920468000698e+00 -7.918132942216260517e+01 -7.813902812168195489e+00 -2.715604307859219801e+00 -2.050339106780175769e+01 -3.522927141854326294e+01 -2.956382897348568051e+01 3.372298910773321268e+01 7.361761722612598646e-01 -1.045970814775969870e+00 -9.541898312867694187e+01 8.315984704552775497e+00 1.168964432848434285e+02 0.000000000000000000e+00 0.000000000000000000e+00 0.000000000000000000e+00 0.000000000000000000e+00 0.000000000000000000e+00 0.000000000000000000e+00 0.000000000000000000e+00 0.000000000000000000e+00 0.000000000000000000e+00 0.000000000000000000e+00 0.000000000000000000e+00 0.000000000000000000e+00 0.000000000000000000e+00 0.000000000000000000e+00 0.000000000000000000e+00 0.000000000000000000e+00 0.000000000000000000e+00 0.000000000000000000e+00 0.000000000000000000e+00 0.000000000000000000e+00 0.000000000000000000e+00 0.000000000000000000e+00 0.000000000000000000e+00
2.880456211315411075e+00 -2.609897299572069063e+00 -3.288239331296582968e-01 5.351893995403981030e+00 -1.757643858557134564e+01 1.227375224097631445e+01 5.428777964748418583e+01 1.440292278195329345e+01 -2.229210798450820903e+02 -1.776849958372770288e+01 -5.419941070291107721e+00 5.931095932069213461e+01 4.550926072941344813e+01 6.474899908917773672e+00 1.172034087772376409e+01 -2.882820970081113643e+01 -3.743186331945561385e+00 1.156772187347842262e+00 -4.356160304379396386e+00 1.342284985886796811e+01 -1.540845664514249513e+01 7.454542562851696808e+00 3.550248603107589496e+00 -2.755537453803801995e+00 3.693389762769368900e+01 -3.006382785938136237e+01 6.652426129524888765e+00 -2.409793980575922312e+00 1.362719348713878631e+01 -1.855854639599982647e+01 -2.120399773098729312e+01 1.357707715207229882e+01 4.522808520958604390e+02 -8.738432411439360337e+00 -4.342718356353152842e+01 -1.547405195912578790e+01 -2.300389920849136161e+01 -1.305238889032946474e+02 -1.734843048828942358e+02 3.943227502644697324e+01 -9.330462443500167069e-01 -5.769479022309779737e+01 5.106978094917677069e+00 -2.064104919755709755e+00 4.226635441500359747e+00 2.303164471392927481e+01 2.020748562884323363e+00 -8.700839728325913569e+00 2.383674663920670866e+01 -1.496467405744298063e+01 -9.617762281252034029e+00 8.508267583003130241e+00 3.258408561479287613e+01 -1.608050277147344076e+01 1.144869155893708701e+01 1.356576108596648034e+01 2.198378684634165836e+01 2.378950284593915399e+01 2.047614196877789894e+00 -6.059916846793818479e+01 -3.382366414358470763e+01 4.166458008649216005e+00 -3.127781855592807858e+01 -3.805978381747613071e+01 2.910338923113751974e+00 -5.775769632216645277e+01 2.724781218535414240e+01 6.721871636506238090e+00 7.893143433886798732e+00 1.879325462770269795e+00 -1.357243264765596003e+01 9.693536502988138182e+00 -3.073147619878747960e+00 1.939449115995419604e+01 -4.160435530357177214e+01 -3.933791174415208047e+01 8.538600806700921808e+00 1.340246993304925809e+02 0.000000000000000000e+00 0.000000000000000000e+00 0.000000000000000000e+00 0.000000000000000000e+00 0.000000000000000000e+00 0.000000000000000000e+00 0.000000000000000000e+00 0.000000000000000000e+00 0.000000000000000000e+00 0.000000000000000000e+00 0.000000000000000000e+00 0.000000000000000000e+00 0.000000000000000000e+00 0.000000000000000000e+00 0.000000000000000000e+00 0.000000000000000000e+00 0.000000000000000000e+00 0.000000000000000000e+00 0.000000000000000000e+00 0.000000000000000000e+00 0.000000000000000000e+00 0.000000000000000000e+00
4.344864533343672619e+00 -1.731807074584969186e+00 6.209927712568177327e-01 5.576406031358200011e+00 -7.667005179875697962e+00 7.396628680096203112e+00 3.065892326154115466e+01 8.011687209270920818e+00 -1.200249998727909428e+02 -1.459645569654281694e+01 -1.572118253929016163e+00 2.483574054510620499e+01 1.394420800545262829e+01 3.253318405733303109e+00 1.173621869537262086e+01 -3.583111937681529469e+01 -6.972270418849366713e-01 7.671219469752102782e+00 -1.914888376092785727e+00 -1.904367408764413572e+00 -6.031323385675902315e+00 -5.321906452390834374e+00 4.808649221843896981e+00 -1.170526694352720121e+01 1.653226142697773753e+02 -1.231843946654056907e+02 -2.444757822591057561e+00 -9.427394892840805340e+00 1.483538887378201565e+01 -2.615905617099809888e+01 -7.550819471496572532e+01 -1.711013742311130770e+01 -5.574357798725689008e+02 -2.890838250554773126e+01 -1.825647970130262934e+02 1.225392275296152746e+02 -1.040548001885793994e+01 -7.107679710062663503e+01 -1.325076302431294550e+02 4.012706019183594819e+00 2.447528428666579003e+01 1.944195094680650300e+02 3.500674233659358947e+01 -3.566957483800474904e+01 3.215327248048913589e+01 1.030980241001861515e+02 -3.109616819327078119e+00 -1.948476410854883767e+01 6.407771958125854894e+01 -2.688804051786789273e+01 7.296414547521749228e+00 2.174304399815193989e+01 5.536215653310455309e+01 2.862976735794696026e+00 -4.752863992424734008e-01 -3.811170857134442258e+00 -5.138524057906220577e+01 -3.224443482010214268e+01 -1.336175765423342909e+01 -5.487372872732677109e+01 -4.543186992043038686e+01 -7.550080431556420280e+00 4.952450442459057456e+01 -3.822477442183240726e+01 1.455126076855377093e+01 -2.825411304863268924e+02 2.630415334889217860e+01 7.757054238470665553e+00 4.314026474366628783e+00 -9.487892580758824579e+00 -1.803493969321512225e+01 1.583294555378691548e+01 9.444875249991127930e+00 -2.553570860212438021e+01 -7.093788816382942741e+01 6.140476663524160728e+01 1.117056020401940373e+02 -1.482389000352790731e+02 4.363380137745669352e+00 0.000000000000000000e+00 0.000000000000000000e+00 0.000000000000000000e+00 0.000000000000000000e+00 0.000000000000000000e+00 0.000000000000000000e+00 0.000000000000000000e+00 0.000000000000000000e+00 0.000000000000000000e+00 0.000000000000000000e+00 0.000000000000000000e+00 0.000000000000000000e+00 0.000000000000000000e+00 0.000000000000000000e+00 0.000000000000000000e+00 0.000000000000000000e+00 0.000000000000000000e+00 0.000000000000000000e+00 0.000000000000000000e+00 0.000000000000000000e+00 0.000000000000000000e+00
4.861747550396854578e+00 6.844554460344864921e-01 -3.194468694205950587e+00 -1.005850924654012246e+01 1.955497526950935594e+00 4.148871035107566385e-01 -1.030270232699469979e+01 2.274703394681068858e+00 -3.020611335981804757e+01 -6.041838543817428686e+00 -2.280965306293778916e+00 2.466061878035589316e+01 1.755663619028559452e+01 -7.174145797364225530e+00 3.640874796971511618e+00 -2.382938255414476103e+01 -2.834213109461450664e+00 -3.175165083770144392e+00 -2.118233735414469798e+00 2.523142286712182880e+00 -2.716531763262555188e+00 -2.281211241304812454e-01 1.218559762001887314e+01 2.667182225667795503e+00 3.669389225999528215e+00 2.244293731222084531e+01 2.013132778855652560e+00 2.115213331049845102e+00 9.967681020933905955e+00 -1.415604485679437907e+01 -2.593562660238035278e+01 -2.665693253908152727e+01 -8.360176210398610692e+02 -2.767675428608376365e+01 -1.675880349620751986e+02 1.042799875559212097e+02 4.059757732302474942e+00 1.497975173631820311e+00 -3.469080852038784712e+01 -2.890512371713868589e+01 -5.005978713216212128e+00 1.688846473513523350e+00 -7.224082405455245492e-01 1.019746228813964350e+01 -1.582660412487723534e+01 -3.813367233395175049e+01 2.881897090114696525e+00 -1.948395445219990307e-01 -1.209715687026953423e+00 -1.488741229291795420e+01 -6.205680921864593813e+01 -1.201555756657523766e+01 -5.933041774698565263e+01 -8.302001713063020816e+00 -8.798480166897528321e+00 -1.486151430460711609e+01 -1.869762717008185859e+01 -1.584245356092843338e+01 -1.087805802430048807e+01 5.668982282381696436e+00 3.240881463490138259e+01 2.681111635090826795e+01 -2.328796647535698980e+02 5.601983931308934217e+01 -2.144247519722758000e+01 4.143147549784797548e+02 -3.125446895475272413e+01 2.287859676054135871e-01 7.831028954127750907e+00 1.335312853842056668e+00 -1.580518140713599351e+01 3.281029171558114399e+01 -1.807671046238334611e+01 4.849860686239550489e+01 -4.839933717862607665e+01 -8.689690135878008448e+01 3.715590410879732985e+01 1.978845474316163688e+02 1.756760823726348519e+01 2.678022874669211006e+01 0.000000000000000000e+00 0.000000000000000000e+00 0.000000000000000000e+00 0.000000000000000000e+00 0.000000000000000000e+00 0.000000000000000000e+00 0.000000000000000000e+00 0.000000000000000000e+00 0.000000000000000000e+00 0.000000000000000000e+00 0.000000000000000000e+00 0.000000000000000000e+00 0.000000000000000000e+00 0.000000000000000000e+00 0.000000000000000000e+00 0.000000000000000000e+00 0.000000000000000000e+00 0.000000000000000000e+00 0.000000000000000000e+00 0.000000000000000000e+00
9.268025431656903734e+00 -6.895157148134720693e+00 -6.857952197176426345e+00 -2.196766145455638508e+01 -8.152798929898501967e+00 7.844345069436949203e+00 3.115117323573191754e+01 1.706827260490623388e+00 -6.951630420740441352e+00 -2.805183467570521216e+01 -3.164378341797466021e+00 5.212315390311911045e+01 2.285069686168158043e+01 -8.682122212038530407e+00 9.215135574884820713e+00 -4.723183651049470200e+01 -2.422859971839021398e+01 -2.061619138541576035e+01 -2.191243388108557610e+01 2.526473843228107086e+01 -1.053564341361501278e+02 -2.523351723366210564e+01 3.285206880790327233e+01 1.572384783177442813e+01 -3.111684187932958423e+01 1.814921199462505115e+02 1.368447847602439182e+01 -1.394085889798038735e+01 2.728379237600751495e+01 5.935558129960337936e+00 1.166068595895579918e+01 -6.203131975151844557e+00 -1.900931368497994356e+02 7.712595972539252998e+00 5.348327125504345503e+01 -6.428415763759497281e+01 -7.243259084109787693e-02 5.340074215149893888e+00 2.952942715448344657e+01 2.351043130704973549e+01 -2.101006570267455942e+01 -1.879043166942301468e+02 -2.449099951493219862e+01 2.392683182956456633e+01 -2.571328090641514663e+01 -6.427888227474028326e+01 8.286207675377658788e+00 1.486743213496263394e+01 -3.145060540332552179e+01 9.411564745269798138e+00 -2.314474057041987010e+01 1.348601131313941437e+01 5.325879023861671158e+01 2.931971627925444324e+01 -8.307664579615584799e+00 1.207292078700021953e+01 2.930370199251642660e+01 2.279074823114830295e+01 1.404496285807125311e+01 2.834493447461123417e+00 -1.951275834515037744e+01 9.017912933860905422e-01 5.826791268641047239e+00 -2.241648127756519671e+01 1.211642398112161700e+01 -2.112681067521467071e+02 1.926342787507039134e+01 4.522022422602853808e+00 -2.205600164583838563e+00 -3.116087004316150821e+00 -4.755387508104340633e+00 1.576214762102136824e+01 -5.125516067991179092e+00 4.232469602175243040e+00 -2.636198570250844853e+01 4.080218832503224036e+00 3.764362007375583374e+01 -1.537911136815729485e+01 1.859258022342885042e+01 1.871012378079037575e+01 3.224897021834571831e-02 0.000000000000000000e+00 0.000000000000000000e+00 0.000000000000000000e+00 0.000000000000000000e+00 0.000000000000000000e+00 0.000000000000000000e+00 0.000000000000000000e+00 0.000000000000000000e+00 0.000000000000000000e+00 0.000000000000000000e+00 0.000000000000000000e+00 0.000000000000000000e+00 0.000000000000000000e+00 0.000000000000000000e+00 0.000000000000000000e+00 0.000000000000000000e+00 0.000000000000000000e+00 0.000000000000000000e+00 0.000000000000000000e+00
9.379458387573494704e+00 -9.711098366797616066e+00 -7.177687426751937494e-01 -7.041603474857794254e+00 5.695582280040053291e+00 -3.275396524727761438e+00 1.252260306089121755e+00 -1.863266584253954150e+01 3.094237510416436976e+02 -5.460042147896858822e+00 8.300496813233957383e+00 -6.703268147653871267e+01 -6.698147762867120036e+01 -9.484019823183286846e+00 -1.554130601586641447e+01 3.608113348812867827e+01 -1.074175200489827731e+01 2.166359507147944896e+00 4.871717061071100474e+00 -6.639427423904814773e+00 2.550134163045704838e+01 8.159893377062299891e+00 -8.174515168053085645e+00 -5.519271044812408711e+00 3.214322868779984788e+01 -4.937253359643818129e+01 -6.659950517001716364e+00 1.611890531400824500e+00 -4.961238871239205039e+00 9.703724392347723438e-02 -1.479771809621285250e+01 -2.520317464943051533e-01 -2.227982278238769354e+01 -2.898752458565047263e+00 -2.990506156643063207e+01 4.927059057283811683e+01 -9.091542267604171279e-01 -8.245566355436942274e+00 -2.600628149324262495e+01 -9.316954038782526482e+00 2.901839859887514450e+01 2.416917986795604918e+02 2.798347769367919824e+01 -1.951371851776893251e+01 2.847190227239030946e+01 7.232702163770825621e+01 5.421220761937336263e+00 1.674875411103067790e+01 -4.211805475214842431e+01 1.212267001527346011e+01 -9.827288669016107647e-01 1.321801508575850903e+01 8.529340860194446350e+01 -1.277024991107005114e+01 1.168239038074871416e+01 1.986125045641324505e+01 8.628636121565327244e+01 7.975154020050429438e+01 9.205000143409527880e+00 -7.251027933229792666e+01 2.228523584228420162e+01 -6.622437507282831426e+00 6.423357057221767263e+01 -1.839996846413953335e+01 9.489134467456665334e+00 -1.995743619649033178e+02 3.634310783661321409e+01 1.608297337534247262e+01 3.558527696815114894e+01 3.048646908858650306e+01 1.914344436621373102e+00 -2.423895943234867900e+00 -6.106967046393029008e+00 -5.138762506220004411e+00 4.383564583419025240e+01 2.043679348321612110e+01 -4.251259082486219398e+01 -6.809227618929983805e+01 3.160237532804206495e+00 -3.525401031555851716e+00 -2.467198575698954244e+01 -9.827702949573109436e+03 0.000000000000000000e+00 0.000000000000000000e+00 0.000000000000000000e+00 0.000000000000000000e+00 0.000000000000000000e+00 0.000000000000000000e+00 0.000000000000000000e+00 0.000000000000000000e+00 0.000000000000000000e+00 0.000000000000000000e+00 0.000000000000000000e+00 0.000000000000000000e+00 0.000000000000000000e+00 0.000000000000000000e+00 0.000000000000000000e+00 0.000000000000000000e+00 0.000000000000000000e+00 0.000000000000000000e+00
4.368076688344045166e+00 -2.636678204665744651e+00 -1.761608347989942036e+00 -6.321463889957978033e+00 6.022864416859786019e+00 5.386463598265107677e-01 -9.669847461205893779e+00 7.906067968094518505e+00 -1.291252110733111920e+02 6.118943679738364949e+00 -2.985994241313155939e+00 2.227588642132486640e+01 2.607768214903270376e+01 5.544042891336587786e+00 1.541749961627147059e+00 -9.297936059951002363e+00 2.103402813231995516e+00 5.436617260528008977e+00 4.625359181926130603e+00 -8.029935801737005718e+00 2.747198889779934561e+01 6.525026490704468607e+00 -3.676128361583052673e+00 -3.196617226464286254e+00 2.136932440744909201e+01 -2.614050109213788176e+01 1.507242904716843412e+00 4.006619910005568386e+00 -1.136242308941744561e+01 2.249964726460762066e+00 2.605960788752165769e+01 3.187897933170942366e+01 1.031924985001119921e+03 1.597050680119806998e-01 1.529538688960401771e+01 -3.717626558427413386e+01 -1.926389602051500560e+01 -1.092123691330894673e+02 -1.507895180891089240e+02 2.412706306239455500e+01 9.150120422614053339e+00 4.199430390605908769e+01 3.645644547180796557e+00 -3.586725777648746671e+00 9.545378244732384942e+00 2.456433250119006217e+01 -6.695610563294970063e+00 1.330740709776625152e+01 -3.776546353044140858e+01 2.611973191216480217e+01 3.728454773710254244e+01 1.540896654331003823e+01 6.015478522238224457e+01 3.545501371803054269e+01 -2.158146337319073638e+01 1.293414094956551352e+00 -2.274853115770412160e+00 7.148344196770022307e-01 -1.070705088007643369e+01 -5.263758929674169451e+01 -1.371097742431639332e+01 1.317128319495415312e+01 -1.150130163138785093e+02 -8.689387861724604534e-01 -2.419493801319561044e-01 -1.669251442476781122e+01 -5.271200347736046510e+00 7.598466699636792221e+00 3.636135154434671790e+01 1.313660054740593530e+01 -2.656429356441714518e+01 1.205965243139267074e+01 1.804217677981640122e+01 -6.706544316334138500e+01 -4.962472787806090224e+01 1.568556299920561514e+02 1.451926094212305713e+02 -3.754913854515203298e+02 -3.883022767183437907e+01 -2.026987012789384579e+01 2.762623260788520696e+01 1.097604300877913738e+04 -2.197337467565818088e+02 0.000000000000000000e+00 0.000000000000000000e+00 0.000000000000000000e+00 0.000000000000000000e+00 0.000000000000000000e+00 0.000000000000000000e+00 0.000000000000000000e+00 0.000000000000000000e+00 0.000000000000000000e+00 0.000000000000000000e+00 0.000000000000000000e+00 0.000000000000000000e+00 0.000000000000000000e+00 0.000000000000000000e+00 0.000000000000000000e+00 0.000000000000000000e+00 0.000000000000000000e+00
1.671735271073839568e+00 7.483139105653146217e+00 -1.168160865854488417e+00 -2.536843823163648537e+00 7.754473330382532836e+00 -3.431226931594171248e+00 -3.082935942328379753e+01 1.010441078209248111e+00 -1.730980424645546378e+01 6.819091414812930907e+00 -5.093867864294334247e+00 4.429832953182621225e+01 4.261990248792076130e+01 -1.618465196669432338e+00 -4.355148578297039386e+00 -1.539854548954752822e+00 -4.996667996174866566e+00 -4.901878426690720048e+00 -3.876796001661295676e+00 5.523118625163392359e+00 -2.044638446705546642e+01 -1.976992727104359915e+00 1.101049120478739596e+01 2.724804587170371661e+00 1.916189106942601938e+01 4.368584946208616060e+01 5.934846447386251000e+00 8.202654499781655062e+00 -7.741580374831269040e+00 1.504872174900046389e+01 4.997000305422286459e+01 3.439197780357176981e+01 1.102069120703983344e+03 2.444882274054617000e+01 1.697395649215876574e+02 -1.441492635327377911e+02 5.572378568697841317e+00 2.486690800976975879e+01 4.601322543929869369e+01 2.385900729891716310e+01 -2.232841498433130845e+00 -4.707303544785382599e+01 -2.189041032027803091e+00 -6.118630303043636864e+00 -1.037901239905610229e+00 1.559190835281913579e+01 -1.873066667283458386e-01 -3.956539547310488736e+00 1.661422625168107459e+01 -2.064749792222845670e+01 -5.318544369816184769e+01 -4.823514259402083226e+00 -6.057530235572171406e+00 -3.467651503649190659e+01 1.577491315018366258e+01 9.888805182739432098e+00 3.616414783433204860e+01 2.863032265056467551e+01 -2.149717011080126028e+00 -1.885262851368085535e+01 1.863487524116711924e+01 -4.716505461720217340e-01 -6.193061206134826691e+00 -6.073871074177461082e+00 2.642402770182344085e+01 -5.218336320832966067e+02 4.888950086226168423e+01 2.030633106818033085e+01 1.416732843131860520e+01 1.673667411099706470e+01 1.897886761834108427e+00 1.343423635954197515e+01 -9.248312280148951459e+00 1.818200381364888685e+01 -1.698285833607481621e+01 -3.168222572296004813e+01 -1.619617708441944615e+01 1.053221463006705392e+02 -1.852585891822830177e+00 3.540813848623013627e+00 -1.715535470830669951e+01 -6.823128761142063922e+03 -5.916800278860065276e+01 -8.917575094018051374e+00 0.000000000000000000e+00 0.000000000000000000e+00 0.000000000000000000e+00 0.000000000000000000e+00 0.000000000000000000e+00 0.000000000000000000e+00 0.000000000000000000e+00 0.000000000000000000e+00 0.000000000000000000e+00 0.000000000000000000e+00 0.000000000000000000e+00 0.000000000000000000e+00 0.000000000000000000e+00 0.000000000000000000e+00 0.000000000000000000e+00 0.000000000000000000e+00
3.805544717044057723e+00 -5.062714828660563882e-01 2.138161150511498576e+00 1.135199507677297781e+01 -9.548013754574704137e+00 1.009239462649387464e+00 1.013979275234668442e+01 -3.185001074252299169e+00 5.724409695906894058e+01 -4.539811489074233819e+00 4.617240879981537205e+00 -4.060690096807746130e+01 -3.570406598216160177e+01 -1.139005881366076167e+00 2.140207846702413264e+00 5.663270639735777934e+00 1.691361089489821978e+01 3.183905559342106173e+00 -1.067087339478995922e+00 3.174597207315575709e+00 -6.678513620975659038e+00 -7.031048987643144343e+00 -1.607366764251224822e+00 1.414200740091882125e-01 9.079389059852616128e-02 -7.478357377468748624e+00 -1.022563800843747295e+01 -1.465803674289814573e+01 -2.039396724716521447e+00 -4.005660628919931909e+00 -3.829649465451885959e+01 -4.334076976545373938e+00 -1.631186426531903635e+02 -1.306729638299307261e+01 -7.384612088240908179e+01 7.224871405915685330e+01 -5.627493684146056552e-01 7.743386969525637653e+00 2.661807858877138244e+01 -1.707636115177200509e+01 -6.732314498848047890e+00 -4.514437121289142141e+01 -5.391249724509322938e+00 5.939816411341928060e+00 2.413043030746493400e+00 -6.093883278265352921e-01 -1.238485341933064809e+01 -5.455687568671789833e+00 2.276317204830767338e+01 -1.269555410502880477e+01 3.687724638493254048e+00 6.178139918723775992e+00 5.456395482212160530e+00 -2.445096023986053524e+00 9.068658787213076167e+00 -1.337908474264773773e+01 -2.993008308839652898e+01 7.395569058724984046e+00 -3.415831539983842902e+01 -1.589498140034916389e+02 -6.026496552284109853e+00 7.064820864101788445e+00 -5.989718239719505988e+01 -1.664485624881677239e+01 2.841580212802648830e+00 -7.603708646766790480e+01 3.062085775789915942e+01 -9.915007313909910636e+00 -1.664502202643553730e+01 -2.548622284733271215e+01 -2.597049776171256852e+01 1.565365036063304416e+01 -8.412646786094564177e+00 3.552051821477679283e+01 -3.038037801279719474e+01 -6.883166143246175750e+01 2.719407904303900381e+01 1.336663995888786189e+02 5.471567777728152748e+01 3.275942863336220512e+01 -2.958229987640681813e+01 -1.175041116569312362e+04 2.282888440689468439e+02 4.543132628371636450e+00 7.722603495830692566e+01 0.000000000000000000e+00 0.000000000000000000e+00 0.000000000000000000e+00 0.000000000000000000e+00 0.000000000000000000e+00 0.000000000000000000e+00 0.000000000000000000e+00 0.000000000000000000e+00 0.000000000000000000e+00 0.000000000000000000e+00 0.000000000000000000e+00 0.000000000000000000e+00 0.000000000000000000e+00 0.000000000000000000e+00 0.000000000000000000e+00
7.638929812989852408e+00 -9.219018374130513394e+00 -7.074728011479713530e+00 -2.265958423835753877e+01 -1.325339104732037399e+01 7.972787394453899168e+00 3.927919527382809406e+01 5.390451118565529498e+00 -7.372752360733520050e+01 -1.624695600401040707e+01 2.174450591294387891e+00 -6.843865240246372217e+00 -1.444996951593291890e+01 3.212131073130852776e+00 9.512452025117873688e+00 -2.642627436543568464e+01 4.278211405451962435e+00 -2.895734972112259165e+00 -5.344484533789135128e+00 9.551372957876543168e+00 -2.346751250841586156e+01 5.464569951850224427e+00 8.390553152235575851e+00 3.998071761268533919e+00 -2.305943314010336564e+01 3.966726820265712661e+01 4.374841563078328832e+00 -1.005793414313680856e+01 1.881996409806957260e+00 2.411250677793364439e+00 1.367240918590554699e+01 1.522630307901910385e+01 4.959036213617609405e+02 -7.668945845150444640e+00 -3.789109125563287961e+01 -9.475512192589590654e+00 -3.222596924804248175e+01 -1.612848452117629847e+02 -1.941039563801944325e+02 4.028352020380214071e+01 -5.245617042316401246e+00 -9.577661556742005189e+01 -1.117856222560900470e+01 1.829217176148499391e+01 -1.589470189102750552e+01 -3.402130500146142111e+01 3.419048425943550296e+00 1.527551898086783666e+01 -6.123331594962458979e+01 3.517752935379100876e+01 3.112354130450393086e+01 -1.773330437357275358e+01 -2.124611087003200183e+01 7.679225053470611684e+00 -8.982035150294711556e-01 4.249903450752253065e+00 1.875462713466749420e+01 2.920693864343996893e+01 -2.047789626540671648e+01 -1.220640436630452257e+02 2.897967453720456277e+00 -8.019662459863949877e-01 -7.540894327232081196e+00 -2.982975002459568259e+00 6.317236106323372624e+00 -1.433136458654051353e+02 2.862082193596897994e+01 8.783890606045017257e-01 1.007298399296546876e+01 6.264684703638245367e+00 -1.744939815265698968e+01 1.698783989725112775e+01 -4.454532731111258137e+00 2.251482069048380907e+01 -7.567558717795196799e+01 -3.566327898637227634e+01 7.539995161718752570e+01 1.040670180144541490e+02 8.562416285459256926e+00 5.366049065519506556e+00 -4.607319371112822637e+00 -1.828454137062315112e+03 4.423479639874985736e+01 -5.541756528767265877e+00 -4.489777114363332799e+01 6.864563505837592672e+00 0.000000000000000000e+00 0.000000000000000000e+00 0.000000000000000000e+00 0.000000000000000000e+00 0.000000000000000000e+00 0.000000000000000000e+00 0.000000000000000000e+00 0.000000000000000000e+00 0.000000000000000000e+00 0.000000000000000000e+00 0.000000000000000000e+00 0.000000000000000000e+00 0.000000000000000000e+00 0.000000000000000000e+00
9.476205897629856878e+00 -5.997299586975288754e+00 -4.239680747685108386e+00 -1.612660882054500178e+01 5.906485356903344197e+00 -7.454102480031226108e-01 -1.376033936988494588e+01 -3.508502722436642074e+00 6.518670199828576983e+01 -1.134652376945208907e+01 2.650756576852114410e+00 -1.118212920303193592e+01 -2.320386601767961920e+01 -1.044842287946682369e+01 -2.817103322973917301e+00 -4.876282227741711495e+00 -2.141335370633996149e+01 -8.911072268061646540e+00 -8.507761054157247926e+00 1.372712366058624589e+01 -3.172644961035484812e+01 -2.217260726348619926e-01 1.363077045035155876e+01 -5.536096471677209863e-02 5.411709987851160975e+01 1.964107628868200095e+01 1.059055493169246809e+01 1.194358361813987912e+01 1.358381572145219529e+01 -1.294222333162808880e+00 7.750024415612848827e+00 -1.093918948283060821e+01 -3.325648725545253228e+02 5.138366778287844383e+00 2.981075046137679152e+01 -2.447864487278005541e+01 1.851022590615851016e+01 8.948875493417982341e+01 9.888485225112064825e+01 -1.031180229303965845e+01 -9.430806428352767057e-01 1.967728374523613866e+01 2.782870852281729146e+00 -1.167549496186900626e+00 -1.071212728816171378e+01 -1.388632225999142911e+01 4.206409772393502777e+00 -7.678531094948785274e+00 1.948171839803606176e+01 -8.443513107850229460e+00 -1.141123148774713769e+01 -1.433700186126429799e-05 -1.081771550860881348e+01 -3.579066741476340852e+00 -6.088185398416921856e+00 1.173672863598938854e+00 -1.213668712314433584e+01 -3.655881259206957168e+01 1.598461488556166188e+01 1.316719418153910794e+02 -5.496334022162971067e+00 5.612589686753484131e-01 -4.437717026090572503e+00 1.953696879837532663e+01 -9.988729122122517623e+00 2.131094660853008236e+02 -3.656376880282415698e+01 1.719436495577304491e+00 6.522557206404093755e+00 1.233996837271650016e+01 1.136236424634990172e+01 5.937578985778127816e+00 -6.584727674771428063e+00 3.214197500717229872e+00 1.519303905199976867e+01 -7.518921037429191934e+00 -1.762816953371892481e+01 -3.186166241286931822e-01 1.015227593907097159e+01 1.014431508222127754e+01 -5.665470453859165367e+00 -2.257738768891367272e+03 8.012583430809613105e+00 1.476103136369761870e+00 2.358768795813235997e+01 -8.094655497465574001e+00 -6.368445563910201557e+00 0.000000000000000000e+00 0.000000000000000000e+00 0.000000000000000000e+00 0.000000000000000000e+00 0.000000000000000000e+00 0.000000000000000000e+00 0.000000000000000000e+00 0.000000000000000000e+00 0.000000000000000000e+00 0.000000000000000000e+00 0.000000000000000000e+00 0.000000000000000000e+00 0.000000000000000000e+00
7.826664075826570866e+00 -8.292362840699039950e+00 -2.080870268810791401e+00 -5.445685553958374392e+00 -8.805351902392844821e+00 3.654940742130961429e+00 2.650721579383140636e+01 -6.229951264179227621e+00 1.183729723209450810e+02 -1.001818074717568052e+01 2.442858334583243085e+00 -1.809353168402918044e+01 -2.467306491995358897e+01 -1.327732753456190551e+01 -1.699866149483770350e+00 -9.651130965331450540e+00 -5.799051851860560269e+00 -1.238304727994722576e+00 -1.275775664508531193e+00 -5.191157763359972144e+00 -4.766072242499356904e+00 -4.641954222452437051e+00 9.710366067429193393e+00 -1.151119363138291618e+01 1.784439895426067721e+02 -1.164954582967240668e+02 3.211727899550494314e+00 -4.400654969007121053e+00 2.120091465898704186e+01 -2.152430268728107166e+01 -6.292271865886835513e+01 -3.482166243209446321e+01 -1.117896347477170366e+03 -2.077145479616345369e+01 -1.347922625248133670e+02 6.414970062481769730e+01 -1.597475678519989017e+01 -8.086216079572906779e+01 -1.033240413178624237e+02 2.365885660505183807e+01 -1.693752488793838040e+01 -1.596979148803573878e+02 -1.420268142757009500e+01 1.973684940710905522e+01 -2.164665113213704473e+01 -5.442547435048634696e+01 5.170960104466267637e+00 8.511364330663390376e+00 -2.152331079054953022e+01 1.165335092341122092e+00 -3.184706978016716405e+01 -1.048884821877478402e+01 -3.626223511796796117e+01 -3.269480862619000838e+00 9.897350742926835920e+00 1.278228744195956956e+01 2.982915347669919015e+01 2.209336399948323049e+01 1.443191132074120375e+01 8.739021753860715336e+00 -1.379528784031909439e+01 1.030526257900717724e+01 -5.730524699370463537e+01 -8.401515728265213312e+00 -7.902116352005320365e+00 1.773307212416231380e+02 -2.107033316671130052e+01 4.335176691463527021e+00 1.594307316927253027e+01 1.329395970137392879e+01 1.994818337881702597e+00 1.161009250045344032e+01 4.715227815292816871e+00 -2.517481943910291520e+01 -3.952661514523364872e+01 8.933373560182252504e+01 1.080473737691848442e+02 -2.244268490822384763e+02 4.639207542989538524e+00 -2.082143760948723710e+01 -3.164416841794205837e+01 -1.255540593796816574e+04 1.872324015249905926e+02 1.030801765982983653e+01 1.689573254082318385e+02 3.904382851344466587e+01 8.553114701429396227e-01 4.908202496256895841e+01 0.000000000000000000e+00 0.000000000000000000e+00 0.000000000000000000e+00 0.000000000000000000e+00 0.000000000000000000e+00 0.000000000000000000e+00 0.000000000000000000e+00 0.000000000000000000e+00 0.000000000000000000e+00 0.000000000000000000e+00 0.000000000000000000e+00 0.000000000000000000e+00
2.966126553812741484e+00 -1.847916333616326234e+00 4.543551947543051028e+00 2.270480378347587447e+01 -1.669187913270369705e+01 5.346136603929306119e+00 3.446245170817124404e+01 4.899962905781141131e+00 -8.432256334294133637e+01 -8.164672938534229374e+00 -2.796247618430932391e+00 2.774597910733399786e+01 2.380718600155278608e+01 7.277454215978329977e+00 -1.721778998324374976e+00 2.177833207058566956e+01 -6.627602195085009917e+00 2.547024111714815575e+00 5.076236696786459390e+00 -2.511241669876961957e+00 2.863893632141216372e+01 1.424002369881893415e+01 -2.142970602815223202e+01 -1.157168707837729116e+01 4.478325803777497072e+01 -1.155827020625758621e+02 -5.235440999048864619e+00 5.054447022947185175e+00 -5.534225742321681629e+00 1.724386059256016068e+00 -1.268001147389945871e+01 -6.652443230613691583e-01 -5.472003722248263813e+01 1.678138819381576852e+01 1.024168577487936176e+02 -4.536120099164012487e+01 1.333394279365323420e+01 8.216650754599014306e+01 1.341551123721265242e+02 -3.378328610661257336e+00 9.343009689066477108e-01 1.860720356974923817e+01 6.553964106505254072e+00 -9.347570042930154699e+00 2.044957136010800625e+01 5.074695319867817034e+01 6.389801332992157690e+00 1.159913028522188050e+01 -3.607964070090639552e+01 2.660607424081140948e+01 5.526198090719328349e+01 2.673064879268036620e+01 1.125567966056015905e+02 2.329916311860960576e+01 -9.789532666380544867e-01 2.752106752246563204e+01 6.503422086116111700e+01 5.733309919086593709e+01 -2.655443056245955447e+00 -1.153472562770102599e+02 -2.982553586215551178e+01 -2.645313196440712389e+00 2.448129144118030709e+01 -4.146391956881477370e+01 7.584005503620819155e+00 -1.379886115512906315e+02 2.335828620742456962e+01 -7.780264389451124529e+00 -2.746830076019623590e+01 -5.790777170768708793e+00 1.409295306067724418e+01 7.125618710170710912e+00 -1.131261481573343275e+00 1.741789752343242270e+01 -5.019243916896487434e+01 -5.697135237601700197e+01 -1.073694118380610263e+01 2.230556825843029571e+02 -1.990336097840319596e+01 -2.278939791812034343e+01 1.836474808420730298e+01 7.331044456574827564e+03 6.583997499866252667e+01 -2.661899589176011993e+00 -2.187563445516762783e+01 1.530338938137949079e+01 -3.433748055888164785e+00 2.825698928085786221e+01 3.030085185799423186e+01 0.000000000000000000e+00 0.000000000000000000e+00 0.000000000000000000e+00 0.000000000000000000e+00 0.000000000000000000e+00 0.000000000000000000e+00 0.000000000000000000e+00 0.000000000000000000e+00 0.000000000000000000e+00 0.000000000000000000e+00 0.000000000000000000e+00
2.643071785324855760e+00 5.562119974296793501e+00 3.215137893280801240e+00 1.826421214874195087e+01 -7.318569961944247027e+00 -1.156335919588985739e+00 -1.062432823732823195e+01 4.462120370575885175e+00 -8.043762481919513618e+01 5.828208691906985095e+00 -5.109641242706725706e+00 3.986380476822510843e+01 3.265767314687978029e+01 -6.804669590560981085e+00 8.460814494045738599e+00 -3.265462831963611734e+01 -2.752041538501061257e+00 -3.430847695924001517e+00 -2.066882066772769200e+00 7.861681974600084999e+00 1.350095472657061180e+01 1.636947794591502081e+00 5.273410594628730408e+00 1.987147414005646873e+00 -4.494368294986937684e+00 2.895521978662341667e+01 -2.161944955165792770e+00 3.273550503968076342e+00 -2.041012372690158827e+01 9.651334749760877685e+00 3.316247489431385986e+01 2.478820525265040686e+01 7.935199089278893325e+02 1.009960992580448114e+01 7.657005962438341840e+01 -6.212905552705265677e+01 9.942808060060532860e-01 -2.319767011500829312e+00 2.671696035289867766e-01 -7.683492356508939025e+00 -5.716049993258915052e+00 -3.484977143679667932e+01 -5.264720130626184158e+00 -3.492707580713462878e+00 9.302013243483822080e+00 9.461687166495060808e-01 -2.458994165110985008e+00 6.612203896275232751e+00 -1.136188800855194714e+01 5.077872489264230182e-01 -7.236216134668215894e+00 -1.031958877979669964e+01 -6.438939033652667376e+01 8.902378839906804231e+00 6.259170639402642067e+00 4.818391562701641817e+00 -5.411257324772125621e+00 -1.586062563178355767e+01 9.164142053841338509e+00 4.740695635050970935e+01 -6.589231492978381510e+00 1.401371228554201842e+01 -1.027805293340408497e+02 3.905919467045979143e+00 -1.500310817028588417e+01 3.032100638240380590e+02 -4.261396969761694464e+01 4.700900254271473955e+00 3.596647955638476191e+01 4.586477915892263013e+01 1.844025257487619740e+01 -8.908993725751773951e+00 1.116906102116230493e+01 -4.235178427447001326e+01 -8.143104298266569785e+00 1.024234617848744620e+02 6.781507118258461730e+01 -2.251413483511798574e+02 -6.519086445317051925e+01 -4.151408510493929072e+01 6.013538156638575316e+01 2.394219813660623186e+04 -1.722247342422690508e+02 7.291011590992050984e+00 3.488940587869167587e+01 -6.836261874923965642e-01 -2.985089470595586292e+01 1.473856610122523847e+01 -7.159980892746436609e+01 4.132891177608895106e+01 0.000000000000000000e+00 0.000000000000000000e+00 0.000000000000000000e+00 0.000000000000000000e+00 0.000000000000000000e+00 0.000000000000000000e+00 0.000000000000000000e+00 0.000000000000000000e+00 0.000000000000000000e+00 0.000000000000000000e+00
6.773201269353255505e+00 -3.668760211314836539e-01 -6.802745647674157681e+00 -2.396502491000562429e+01 4.188689358980392186e+00 -1.601483316473098384e+00 -1.196031473734745276e+01 -5.877606269094487246e+00 1.073599809673825547e+02 -7.740690674021513118e+00 2.561419767068877640e+00 -1.628394736336827364e+01 -2.525250043694110147e+01 -9.352788715522015295e+00 7.787319253171727240e+00 -3.841941058623147853e+01 -4.292167003738302178e+00 -6.377043244539328803e+00 -3.356849809515622063e+00 -1.181303323343368739e+00 -1.400759064110961916e+01 -8.057289305564188098e+00 1.101473905138123399e+01 1.480007556985879269e+00 2.762927893368878784e+01 1.690502483175825077e+01 8.308160076437930641e+00 -8.227125755668915907e-01 1.903891001264484828e+01 -5.598825243673168472e+00 -1.045462959845543871e+01 -3.282376929792552289e+01 -1.031942725329771065e+03 -1.751752605059023438e+01 -1.208345047929046956e+02 6.621561903174902852e+01 -5.474177246206937575e+00 -3.081269173463939026e+01 -4.943418872437187872e+01 -2.614285705691974826e+00 -7.544856769169903998e+00 -5.882850550232829789e+01 -5.619037525453582482e+00 1.228582937902413974e+01 -1.024120589971392370e+01 -3.864134636978118920e+01 1.254008785922817282e+00 -3.012614728677164067e+00 2.518775879157115227e+01 -2.822800254217168003e+01 -6.311678870847613609e+01 -4.011559405101117193e-01 -1.803187566314381129e+01 -1.792042565060534542e+01 1.588208840536742805e+01 -1.944445707174237370e+00 1.218562740946864409e+01 1.426698818288534554e+01 2.157341490927095862e+01 5.726936422853260922e+01 1.170478612980088684e+01 -2.162993256891428295e+00 4.551965654838789277e+01 -1.410851239163013915e+01 6.627002048732743233e+00 -1.181014709569361116e+02 1.859505021517781742e+01 9.900189338394346450e+00 2.216898320336178330e+01 1.727085274960652583e+01 2.322010461989229668e+00 -1.386630557792161689e+01 -1.134563158397324045e+01 2.526678489735643751e+01 8.035281504797214325e+01 -6.817838934414551488e+01 -1.085343945130215531e+02 1.011349001414503732e+02 2.817222003222837401e+01 3.966680868993940123e+01 -6.855472559106035924e+00 -2.756588375078172248e+03 -7.448240376219224856e+01 5.222977252975262275e+00 -7.997021442926746104e+00 -5.262059835671276886e+01 -3.457335027982143316e+00 -5.662701674898924864e+01 -2.345177572668544741e+01 1.541084054862351849e+01 1.927964457797383346e+01 0.000000000000000000e+00 0.000000000000000000e+00 0.000000000000000000e+00 0.000000000000000000e+00 0.000000000000000000e+00 0.000000000000000000e+00 0.000000000000000000e+00 0.000000000000000000e+00 0.000000000000000000e+00
5.732334566440721701e+00 5.031085037359162015e-04 -5.480872582958555839e-01 4.245178335526900604e+00 -9.105403249627132212e+00 1.254693409955740080e+00 5.031046750713048965e+00 -2.818068999083847892e+00 5.187447930704907151e+01 -1.095452645600671815e+01 -5.409729832887511414e+00 6.045112124028808864e+01 3.413418086279384767e+01 -1.882007884088211114e+01 1.241810384527786582e+01 -6.522937891148278311e+01 -1.077548319067676097e+01 -4.492803810226558170e+00 -6.119096193966642616e+00 1.241094745296564383e+00 -3.323388892205187517e+01 -4.561302840818640902e+00 1.097652529780447317e+01 -7.364157723671677758e+00 1.355209708325357099e+02 -7.886133287035796968e+01 9.388919594135813895e-02 4.110771570900244143e+00 1.008362078530972816e+01 -1.275529464268261393e+01 -3.840061361288719155e+01 -1.647436103173250643e+01 -5.342073500389731180e+02 -9.245529511433902670e+00 -6.392337074278779596e+01 3.579180969804640711e+01 -1.461907956680746246e+00 -1.623998387084991890e+01 -4.159993135257828101e+01 9.909694583648760435e-01 -5.385311044019385207e-01 -4.949553965289562818e+00 -2.274487541022727655e+00 1.300866846163763846e+01 -1.959088828327097076e+01 -3.207265474210707623e+01 -7.807977065963855878e+00 -8.372640061261328981e+00 2.810569945223441124e+01 -1.908575730751664068e+01 -3.706997274894058592e+01 -6.957512733984586362e+00 -1.879267837561380006e+01 -1.044884746249233665e+01 8.730656230368746051e+00 -1.547218013426255645e+01 -5.382303440547246254e+01 -3.015671195834586982e+01 -2.897540157091601287e+01 -5.564566985685294753e+01 1.624727446307183953e+01 -9.146254504898530868e+00 5.197216719649180305e+01 2.119201916616345827e+00 2.113753926842409925e+01 -4.335302535261388925e+02 4.664258648093697701e+01 -7.231806338280013513e+00 -4.077683819691051781e+01 -4.502154641346572106e+01 -1.683683841993701336e+01 5.409646709248439045e+00 8.387925258971549169e+00 -5.876424968931634574e+00 -5.589861306485833836e+01 2.235922581130516917e+01 7.711989801355275631e+01 -4.077547088000571307e+01 1.377062232895885430e+01 2.720159906945681882e+00 -1.843962157631655430e+01 -7.340682902368182113e+03 5.000650609019223225e+01 -5.298343239353403789e+00 -2.300981540380483636e+01 1.767560787183022697e+01 1.714907890283384972e+01 1.397788058067639838e+01 5.661255545893903474e+01 -3.884178571578809880e+01 -3.132328191867176770e+01 -4.375878423698348563e+00 0.000000000000000000e+00 0.000000000000000000e+00 0.000000000000000000e+00 0.000000000000000000e+00 0.000000000000000000e+00 0.000000000000000000e+00 0.000000000000000000e+00 0.000000000000000000e+00
2.931575350408905933e+00 -2.315399990776858541e+00 -1.493424229306023143e+00 1.667603416788806747e+00 -1.595875010958002704e+01 9.242593341369111926e+00 3.483626491061959030e+01 1.883955856092601167e+01 -3.041389919219682270e+02 -7.012473004177324221e+00 -8.454831502761710027e+00 8.302938845908266785e+01 7.639073740732648332e+01 1.768493567761364105e+01 2.043307955478148230e+01 -4.151971577307477901e+01 6.993201946928985002e+00 -3.513181851482700679e-01 -8.402970286706635150e+00 1.964468715615823058e+01 -2.877421062587912104e+01 2.368302318084558600e+00 6.626799435400421601e+00 9.355088829383415572e-01 9.931867636809158739e+00 1.068104451064661475e+01 -4.508280466411974885e+00 -9.516614181031174624e+00 -1.162826484991805742e+01 -1.847887784129131461e+00 3.359866983536619500e+00 2.182713306445591073e+01 6.905021213467698544e+02 -2.512235896716692451e-01 1.037844138378694225e+01 -2.124660053161371565e+01 -1.793137714742989175e+01 -9.325188520932840675e+01 -1.067284402623567132e+02 1.542112058402916475e+01 -2.301978062689226334e+00 -4.324569420805277531e+01 -7.805487215353334562e+00 1.334195338649432827e+01 -5.353018568414329437e+00 -2.064569511324700812e+01 -9.299113368312101002e+00 -4.242405114444821379e+00 -3.163126322681912850e+00 1.609737205843346430e+01 5.625725124247416886e+01 -4.653841476092289042e+00 -1.485445395798468127e+01 1.013274111837943003e+01 -1.064455517409642482e+01 -1.019050186264314561e+01 -4.409101478757321502e+01 -2.555515160505103722e+01 -2.420620161623126876e+01 -7.498816087973487754e+01 -9.062735353335991562e+00 1.876366623747095730e+00 -2.485653781284222674e+01 3.142972112889792058e+00 -3.421818198350245144e+00 4.626347556982494780e+01 -1.254814971964609605e+01 -3.936396407944100062e+00 1.752948070012596204e+01 1.425475733281913548e+01 -5.550342784592171341e+00 -1.559693936894468891e+00 1.627244365104941437e+01 -3.794299071176345706e+01 -5.990716588384789532e+01 8.883161114413627502e+01 1.304207136847126947e+02 -2.094273380473056250e+02 -2.212363797041692948e+01 -2.087503863545943261e+01 2.689131595031944144e+01 1.071142789848854045e+04 -2.463233284013954716e+01 7.487270986574221965e+00 4.823238753048129013e+01 1.060153657767018487e+01 -6.577326360951072814e+00 1.839556881614125317e+01 -5.454854637000837059e+00 1.635827845616748100e+00 -9.123325322088053468e+00 -5.866564553214761446e+00 -2.516579407977670968e+01 0.000000000000000000e+00 0.000000000000000000e+00 0.000000000000000000e+00 0.000000000000000000e+00 0.000000000000000000e+00 0.000000000000000000e+00 0.000000000000000000e+00
6.033022817421194617e+00 -7.842514407776994823e+00 1.219497050316622477e+00 2.401846284371520479e+00 4.749942669853080446e+00 4.329508424599384675e+00 1.093939827224808781e+01 6.295887743033835804e+00 -9.054586612689183767e+01 3.256966309882205479e+00 -1.436914789956448502e+00 8.683543663289560399e+00 6.263564495511786845e+00 -6.709804901371230201e+00 2.174521899380834178e+00 -1.666364071624203902e+01 3.202420979070459417e+00 1.878931669712048613e+00 -1.171834986597328765e-01 -2.321028096549875741e+00 -6.867807765463878056e+00 -5.234205319725729666e+00 2.885495781854163777e+00 9.914261674963574578e+00 -1.049055333141892703e+02 9.503856918674917154e+01 2.029658953962414358e-01 -5.876996392854605844e+00 6.730846446491455026e+00 -7.645326014391249814e+00 -1.404313141200659310e+01 -5.783243169476779855e+00 -1.696166169302545370e+02 -1.980458270591967818e+01 -1.225979860944014916e+02 8.183966876351480835e+01 5.105245959128676958e+00 -1.364451858983493082e-01 -5.538441229244117636e+01 -2.089967131083131235e+01 1.722962253639442665e+00 3.567685932716014463e+01 5.538303112229909786e+00 -4.780910222251399944e-01 3.727168982179325241e+00 5.042945522461225849e+00 8.174912498613906564e+00 6.242252891318960550e+00 -1.828694142716332749e+01 6.986613199799865725e+00 -4.496140631790858322e+00 -6.437556063478321100e+00 -5.175660383606323300e+00 -3.637385127220943204e+00 1.337780929701899524e+01 1.223701182526098563e+01 3.318633862410707991e+01 2.217596095915024179e+01 -1.233295801530633895e-01 -1.869976542750214321e+01 -2.187127301522195921e+00 -1.188180629722667447e+01 8.653327347265506830e+01 -1.780939170068507593e+01 9.914054626970690620e+00 -2.082582252643540812e+02 4.058529104623542594e+01 4.158568210053310565e+00 -4.249605522322397633e+00 -2.683742591002583389e+00 1.089010384764874928e+01 -1.937237520418691261e+01 -8.964619195486045911e+00 2.356074170234776943e+01 8.662717065445207254e+01 -7.166019975079757387e+01 -1.507576032350517892e+02 1.450984974867513984e+02 3.198547943998705279e+01 2.021407783489712529e+01 -4.822144192301156096e+01 -1.920883562337254261e+04 5.893104131406276025e+01 -2.366519170512682635e+01 -1.831609082285558827e+02 1.011916272257988858e+01 4.664048425778755558e+01 -3.132019394809318413e+01 8.119182101189934997e+01 -4.018888353502630650e+01 1.492177818420410240e+01 1.087715799050312171e+01 5.958698039837167926e+01 -7.018629001013950486e+00 0.000000000000000000e+00 0.000000000000000000e+00 0.000000000000000000e+00 0.000000000000000000e+00 0.000000000000000000e+00 0.000000000000000000e+00
1.846460319095698743e+00 4.159993123861527309e-02 1.657351119962732433e+00 1.018958089964497482e+01 -2.652862032983840379e+00 -1.075800126972525916e-02 -2.957993477553299222e+00 1.689675442756456647e+00 -2.846647798257368578e+01 -1.948995809458428763e+00 3.445073701864527216e+00 -3.619131931580744066e+01 -3.167961927447438697e+01 6.913519874628443418e+00 1.697115459052316311e+00 2.744620532758375475e+00 4.346915797501829104e-01 1.131176023289221177e+01 1.614501971233865163e+01 -2.465833720358147829e+01 8.673667071963885178e+01 1.764794628929820774e+01 -2.579308357891419234e+01 -3.590911232738646319e+00 -7.351501133996725912e+01 -4.192663107057347105e+01 -9.634116208381087176e+00 8.748361623308710477e+00 -2.851313083829130690e+01 1.464268338990474838e+01 3.362954808288763076e+01 2.063777247768948087e+01 6.557815422404156607e+02 -9.393709366511604486e-01 -1.254681513895851097e+01 3.847234219115610188e+01 6.871376007353841686e+00 1.699157352632511220e+01 -1.815116759451736428e+01 -3.206284360648022869e+01 3.990929267190122687e+01 3.587194365372960192e+02 3.414744031526421963e+01 -3.929677234322748092e+01 4.227899140389853017e+01 1.033428930842444089e+02 -1.021476662363039978e+01 -3.228099952560530284e-01 9.302522059572194024e+00 -3.869093253074369798e+00 2.342419004119218684e+01 1.762525032106158207e+01 5.248221456255286199e+01 -1.045374362380582234e+00 -6.844790798436672929e+00 -1.546335805598860524e+01 -7.077895312819136642e+00 8.854606355615736391e+00 -1.279299858511268440e+01 -4.814757994149841380e+01 1.116867264124965331e+01 -5.919475586018952740e+00 4.661931473928104452e+01 8.592178038196301770e+00 -3.389469263626884832e+00 5.488447952329990187e+01 -8.832004438594710294e+00 2.828642712873243426e+00 7.080369534518972330e+00 -7.891402956962791926e+00 -1.733502355496705505e+01 6.063174714401814214e+00 2.505320821641312534e-01 -7.872595339433442696e+00 1.894420425280547704e+01 -6.125449640930367146e+00 -2.040651320952709824e+01 -7.721758102142795011e-01 -5.614743455950947926e+00 -4.654085451000637974e-01 1.548859557996137326e+01 6.174221625431679058e+03 -1.589023152871158473e+01 4.725375561131028412e+00 3.026106045252927501e+01 -1.887555775348901221e+01 -2.486892280378941678e+01 7.606171752826931254e+00 -1.175851459220023365e+01 1.140427790403814257e+01 -9.388505357582452859e-01 -5.880716008892401092e+00 -4.681067855495874142e+01 -2.768917537584010446e+01 1.984940456288286725e+01 0.000000000000000000e+00 0.000000000000000000e+00 0.000000000000000000e+00 0.000000000000000000e+00 0.000000000000000000e+00
9.530972007224628229e+00 -1.006649784588864449e+01 -1.059236412548390405e+00 -5.598243317495184890e+00 4.649497127579050648e+00 3.744422669561444650e+00 1.031273930005918515e+01 -4.002765674336528079e+00 8.392481169055740509e+01 -2.354103494012015929e+01 9.393995350968367575e+00 -7.439004089086836302e+01 -8.488489758177023248e+01 -1.606148296604747117e+01 -2.483802850291121800e+00 -1.492867587140240992e+01 -1.188230055072169833e+00 5.803322306776624195e+00 9.926832204610329669e-01 -1.385460527321744095e+01 2.542788640952197809e+00 -1.539978773527517220e+01 8.613693385162871863e+00 7.426787968298524945e+00 -3.512151188359057130e+01 7.599191466878812662e+01 1.993515828551730706e+00 -1.801304561833580209e+01 9.541726152530189964e+00 2.869779441333686343e+00 -1.585858334231663136e+01 -1.141644505518813446e+01 -3.696602512583934868e+02 -2.989967994060002354e+01 -1.856180955867527302e+02 1.254392332495031042e+02 -3.596534661457692295e+00 -4.027702664634990981e+01 -9.697273542663643298e+01 -1.881599506443471626e+01 1.207392049336094075e+01 1.230186630933800842e+02 1.290239940977759403e+01 -2.045913018595351573e+01 1.085318796424787813e+01 4.713123672723815361e+01 8.849250672503181647e+00 8.024337818275476764e+00 -2.158842865478797535e+01 3.212727692302123295e+00 -3.145030308692360776e+01 5.379310201184468454e+00 3.833886603141233707e+01 3.144357531252328641e-02 -9.435785621586493477e+00 -1.395558979901385221e+00 3.816805912398074696e+01 5.383113003622220560e+01 2.812021725859743526e+00 -8.575412918257796946e+01 4.106495409079697012e+00 2.309845459971629822e+00 -2.860333008686106737e-01 1.649730808751202815e+00 -1.269335526975130435e+01 2.654724936611286239e+02 -1.006427028664080048e+01 -8.101557745062038407e+00 -3.424138781114434948e+01 -3.518888897558681350e+01 -2.337285501440535818e+00 5.239775997426075804e+00 -5.170617505230246991e+00 1.063034496071358959e+01 2.311957008421506998e+01 -3.055284143932971475e+01 -6.951186525757243828e+01 8.911331900384500670e+01 1.857021055076829086e+01 9.782570627972564381e-02 -4.796250278630282793e+01 -1.910557220032147234e+04 6.965135452482005007e+01 -3.569830873575869390e+01 -2.296840078480889815e+02 6.665603161788428110e+01 7.450687009759252533e+01 1.005102499935291149e+01 1.165613097736042221e+02 -5.185962159875283106e+01 -1.306025654089280508e+00 8.023726169484685045e+01 5.277485776608168635e+02 1.052850131672109626e+02 -2.257777028723776880e+01 -7.546497650675298701e+02 0.000000000000000000e+00 0.000000000000000000e+00 0.000000000000000000e+00 0.000000000000000000e+00
7.246421045479467082e+00 -4.203865765493657314e+00 -7.213206947907800703e+00 -2.018811816992242925e+01 -9.844813054415428866e+00 6.644308462123155401e+00 1.929320256503075370e+01 5.064725524156411751e+00 -6.166193492579016322e+01 -2.503583369552195492e+01 2.475753870896286735e-01 1.831759558883546646e+01 -3.296441841921945226e+00 -3.497946030076493074e+00 1.209291620786156329e+01 -5.337946332036101893e+01 -1.823080731547994304e+01 -9.606240856513441173e+00 -8.704191819501875926e+00 7.360283036736111839e+00 -3.300924729600122021e+01 7.532352640827459922e-01 9.879550689468663549e+00 -3.596686225548157978e-01 4.446421802519890321e+01 1.279936798387254271e+01 9.508986894604229079e+00 9.767392305732558455e+00 1.182453080393977096e+01 1.849689464269554051e+00 2.023362430529488520e+01 6.353845571551017812e+00 2.170003434473416632e+02 1.969423356316406881e+01 1.245756131933712396e+02 -1.008487994319576018e+02 2.980168506079538648e+00 2.562829859318387093e+01 5.772678130313905598e+01 1.871474206712358068e+01 -7.840415114476565250e+00 -7.155927150252071556e+01 -8.920421517909812081e+00 2.426441189396295073e+01 -2.633564560656593301e+01 -5.872396418266220763e+01 2.691237049273960125e+00 6.028614644006308865e+00 -1.885293191800932888e+01 8.746687184073788757e+00 1.570208056660524321e+00 8.647849352625836872e+00 3.293744254209141076e+01 1.198835368479138808e+01 -1.401086411636880058e+01 8.925478492158227084e+00 2.175756566134170455e+01 8.403183257919817351e+00 7.792013723792296176e+00 2.048283780133865406e+01 -2.094365476964840767e+00 4.082106789495493437e+00 -3.215759610566284721e+01 9.617978478192473091e+00 -3.951517210006126213e+00 8.937302403875878554e+01 -2.704220766258577413e+01 6.169803091867756883e+00 2.376367727935953411e+01 2.434502323669665458e+01 8.245289425444067177e+00 7.124678663992701111e+00 4.408106633268765506e+00 -3.521269676128709136e+01 -1.207883409689324594e+01 8.639214178786933473e+01 6.335189356826883511e+01 -2.143526299847496261e+02 -2.497670255407125950e+01 -1.688763161639518273e+01 8.159630480586496759e+00 3.244247284949762616e+03 -9.929074990848853588e+01 -8.248103898461947026e-01 1.825026238436705484e+01 -4.834809327867680473e+00 2.109713353310764816e+00 -1.565335445595789210e+01 -1.052757151684778059e+01 -4.467256044306882501e+00 5.905900146322778710e+00 -2.041103711918366415e+01 -1.464318567759964083e+02 -9.925822142168756912e+00 -5.770403332750533743e+00 2.309332917012587814e+02 -2.355880775479350930e+01 0.000000000000000000e+00 0.000000000000000000e+00 0.000000000000000000e+00
6.935732747357701733e+00 -7.193893625773089440e+00 6.921089405604368139e-01 2.265926754229563578e-01 6.872596488328125197e+00 2.066259509080086154e+00 1.969523808424677114e+00 -1.899690907049761623e+00 4.756376809550622653e+01 -1.971112155079605799e+00 -3.525986702871974909e+00 3.326212067853167298e+01 2.271886559839945718e+01 -1.775443069079910430e+01 2.198877479646026423e+00 -3.154407078568515743e+01 -4.891140003913259093e-01 -2.453152550385913067e+00 -4.637369952366356074e+00 -1.135151482963507874e-01 -3.115248996529063419e+01 -1.645159676526819226e+01 1.444076217136136364e+01 1.336124093416071723e+01 -8.902662350966225802e+01 1.296477810388639682e+02 -2.741642454483345759e+00 -1.205226161777624760e+01 -4.634226719367196878e+00 5.046490131035588078e+00 7.993860396667599844e+00 2.592838098575311001e+00 8.430264832495186056e+01 -1.221251183035360377e+01 -6.859724423140302463e+01 4.798706460681188446e+01 7.485668574864407177e+00 1.229302113189968715e+01 -2.266288214020471159e+01 -2.397368338298765522e+01 -5.521783416217186158e+00 -2.138127330966272410e+01 -1.148602105221633529e+01 1.008101534915267194e+01 -1.734204626314739173e+01 -4.686934808474391190e+01 7.466426186827899159e+00 5.991961127259535225e+00 -1.959965505290380605e+01 9.730051392158971524e-01 -5.172515096625701858e+01 -1.582265627606901681e+01 -4.090135954158316878e+01 -8.932941900653805334e+00 -1.043187934353727719e+01 -1.168257287929282029e+01 8.179916296809478737e+00 1.566732503215087924e+01 5.626187496523164633e+00 1.607165524117429101e+01 4.893019983046198718e+01 4.615324741561710908e+00 -4.388681529924091507e+01 3.072798510520434334e+01 4.841324310950422927e+00 -1.069076475424634936e+02 6.637132176869517508e+00 -1.792529180474782269e+00 -1.387481983441923816e+01 1.135249223755199210e+01 3.292858781526949485e+01 -1.620859539807381111e+01 -1.236874343716932856e+01 2.360697525881297310e+01 7.712497150091147091e+01 -4.874896539040328491e+01 -1.221318343545755880e+02 9.282972275592150879e+01 2.682181614742494702e+01 1.016590308212522231e+01 -6.283158563396462881e+01 -2.500975020017727002e+04 8.186587076245409378e+01 -3.156791165896116524e+01 -1.566992800433664286e+02 3.407480678374062677e+01 6.660726441012521093e+01 -2.939658478370523298e+01 9.628246832564649083e+01 -6.301421865936876543e+01 3.818602352313476445e+00 1.550061888596486881e+01 9.295602776941316847e+01 2.600417998239044337e+01 -7.195652833183084240e+00 -1.295341409040127871e+02 -4.404248535293807265e+01 -2.242943230154218881e+01 0.000000000000000000e+00 0.000000000000000000e+00
7.017511042875755223e+00 -3.304870048137547478e+00 -6.666384858038329142e+00 -1.949374578060077212e+01 -6.794897428591402111e+00 7.395255908885287610e-01 -1.400725240904700630e+00 2.061339264517195957e+00 -3.798186091882405435e+01 -1.163475736456795140e+01 5.266977920175452965e-01 8.341323261548723167e+00 -4.216385558346305906e+00 -4.392299073795275177e+00 1.087709288946731689e+00 -5.317050088314520195e+00 -1.507683676268431938e+01 -8.657644171472426819e+00 -5.806039306016435475e+00 2.039846883565920166e+01 -1.026936961340478582e+01 1.635357200936245547e+01 3.912101248144123744e+00 3.103197280157367288e+00 -4.419752152355715680e+01 3.963946713129773514e+01 1.582996394628326531e+00 1.364638608296464284e+01 -4.617753659288467816e+00 3.232107953285082935e+00 2.667837482093442247e+01 1.222932381968931637e+01 4.098883971251030971e+02 5.319375578135374205e+00 3.970321264338428335e+01 -2.018680256312460131e+01 1.739612977098176216e+01 6.998159023446174842e+01 6.397439586592965810e+01 -2.820536825724355623e+01 2.498281655980132854e+00 5.427008378467559169e+01 8.029760070797227201e+00 7.011591882639196527e+00 -7.393911668879431076e+00 -1.621546635088070687e+01 -7.753082197072642678e+00 -1.515211058513856557e+01 6.112954159882512073e+01 -3.949803400707288858e+01 -5.222962624396816267e+01 1.407083760480647783e+01 1.814279393492011039e+01 -7.060815894379920188e+00 -6.710109272112943835e+00 -2.112306889540380084e+01 -5.546132719317315463e+01 -2.557351683964021660e+01 -9.448726730755673486e+00 -3.236009533873992439e+01 -8.065331178062185913e+00 -1.632354348486817486e-01 -3.506033610298484149e+00 -8.844370644567689510e+00 4.067807296564370567e+00 -8.437276761063820629e+01 1.643521344444850385e+01 -6.261524608044748419e+00 -1.374241563131806032e+01 -1.483508330509208406e+01 -1.797388458116141408e+01 1.447322468823506725e+01 -1.420792210672995104e+01 5.288511057681121486e+01 -3.322773928498583729e+01 -1.081273672469005049e+02 -5.338855813496639513e+00 2.567998929106108790e+02 3.479897269115239311e+01 2.984102600043884834e+01 -9.098135132574451944e+00 -3.608170943374936542e+03 1.127147372794905351e+02 5.367396788419767972e+00 3.769419758508071538e+01 -2.201416790309325933e+01 -3.070026194956934873e+01 5.075953126955774053e+00 -3.991102926825575992e+01 3.517144621814288996e+01 1.671830658806588588e+01 7.508304695112651750e+00 1.236983069245039246e+01 -4.534560903866209358e+00 9.832887170832087520e+00 -5.430674886484459307e+01 -2.314794295396998436e+01 1.252718828760615999e+01 -6.717646545932186797e+00 0.000000000000000000e+00
2.770605868698106100e+00 2.895387797756887593e-01 2.534985528961074763e+00 9.195337895319928734e+00 6.742085749961408858e+00 -1.995800123035945006e+00 -1.187633254784217840e+01 -5.633540407471167910e+00 1.022990572183112477e+02 5.803693393208355644e-01 -1.595782498860645049e-01 7.502079476719121232e-01 -4.842704454293603078e+00 -5.744614781649945101e+00 1.483840457202774576e+00 -2.016968502567140575e+01 -1.299803912650758875e+01 3.159206998663007582e+00 2.862416134454787375e+00 -8.874443132018674518e+00 2.178182911675475708e+01 2.248815321472000139e+00 9.030503342089716057e+00 -3.381165241140271505e+00 7.320353353248472672e+01 -2.599616208300975373e+01 8.833934820517468367e+00 4.394513914404967636e+00 1.559955696081748222e+01 -1.178627140461300371e+01 -2.040655521092507385e+01 -1.257081462386619819e+01 -3.871246139839527132e+02 -6.172100384895575331e+00 -4.357561209581639616e+01 -7.185088955630456908e+00 -7.854561053922571645e+00 -5.183748221432027492e+01 -8.949117263724367888e+01 1.917335124334804419e+01 -9.660982827960875596e-01 -2.268244698739176002e+01 2.407904166542872204e+00 5.643573472281637748e-01 -5.811158023909806403e+00 -1.778365392595896211e+01 1.574306708345277350e+01 1.083181153472029656e+01 -2.681640919509402821e+01 -2.285110775949062756e+00 -5.433163607842357123e+01 -1.817033809966853042e+01 -5.893120061462339265e+01 -1.117146731688681704e+01 1.683907290872478768e+01 1.444448341216545018e+01 5.082169737032199208e+01 2.185990130712318091e+01 3.284306091491323087e+01 1.201473051682540785e+02 1.154156163437733618e+01 9.884794661903866242e-01 4.152084567601033172e+00 3.458658779231709168e+00 1.753400051284581096e+00 -2.256363475155525578e+01 9.028520910035059188e+00 1.236350891397179019e+01 2.675828473146869868e+01 2.196391379049503101e+01 -7.825321818864234835e-01 -5.843181352247984961e+00 -6.575481581905918915e+00 1.857377812646764426e+01 2.788792341676155218e+01 -4.206932106955728301e+01 -4.407907284249514390e+01 9.124597708410784946e+01 -7.126060900610355908e+00 1.017113808033179723e+01 3.571443765861417319e+01 1.420423484808547073e+04 -7.281462441402229047e+01 1.394751522710857472e+01 1.171147120174229528e+01 -3.499676914180236764e+01 -1.803239121400661205e+01 -1.348343025053852173e+01 6.027203295754361534e+00 -1.467079727989499283e+01 -6.015455275580094963e+00 -4.814595828104465625e+01 -3.316933884864531592e+02 -6.799130017020826244e+01 2.765761300555231017e+01 3.576056063397505795e+02 -3.193313612182705086e+01 2.116176401642091065e+01 -3.647242012299116709e+01 3.273051771719244130e+01
